club_id,club_name,address,page_number,loc_address_1,loc_address_2,loc_address_3,loc_address_4,postal_code
102383,3 Hammers Golf Complex,"Old Stafford Road, Wolverhampton, WV10 7PP",1,Old Stafford Road,,,Wolverhampton,WV10 7PP
102416,A1 Golf Activity Centre,"A1 Golf Activity Centre, Rowley Lane, Arkley, EN5 3HW",1,A1 Golf Activity Centre,Rowley Lane,,Arkley,EN5 3HW
100000,Abbey Hill Golf Club,"Monks Way, Two Mile Ash, Milton Keynes, MK8 8AA",1,Monks Way,Two Mile Ash,,Milton Keynes,MK8 8AA
100002,Abbey Moor Golf Club,"Green Lane, Addlestone North, Addlestone, KT15 2XU",1,Green Lane,Addlestone North,,Addlestone,KT15 2XU
100003,Abbeydale Golf Club,"Twentywell Lane, Dore, Sheffield, S17 4QA",1,Twentywell Lane,Dore,,Sheffield,S17 4QA
100005,Abridge Golf & Country Club,"Epping Lane, Stapleford Tawney, Romford, RM4 1ST",1,Epping Lane,Stapleford Tawney,,Romford,RM4 1ST
100006,Accrington & District Golf Club,"Devon Avenue, Oswaldtwhistle, Accrington, BB5 4LS",1,Devon Avenue,Oswaldtwhistle,,Accrington,BB5 4LS
102086,Addington Court Golf Club,"Featherbed Lane, Croydon, CR0 9AA",1,Featherbed Lane,,,Croydon,CR0 9AA
100010,Addington Palace Golf Club,"Gravel Hill, Croydon, CR0 5BB",1,Gravel Hill,,,Croydon,CR0 5BB
100014,Aldeburgh Golf Club,"Saxmundham Road, Aldeburgh, IP15 5PE",1,Saxmundham Road,,,Aldeburgh,IP15 5PE
100013,Aldeburgh Artisans Golf Club,"Saxmundham Road, Aldeburgh, IP15 5PE",1,Saxmundham Road,,,Aldeburgh,IP15 5PE
100015,Aldenham Golf & Country Club,"Church Lane, Aldenham, Radlett, Watford, WD25 8NN",1,Church Lane,Aldenham,Radlett,Watford,WD25 8NN
100016,Alder Root Golf Club,"Alder Root Lane, Winwick, Warrington, WA2 8RZ",2,Alder Root Lane,Winwick,,Warrington,WA2 8RZ
100017,Alderley Edge Golf Club,"Brook Lane, Alderley Edge, SK9 7RU",2,Brook Lane,,,Alderley Edge,SK9 7RU
100018,Alderney Golf Club,"Route des Carries, Alderney, GY9 3YD",2,Route des Carries,,,Alderney,GY9 3YD
100019,Aldersey Green Golf Club,"Aldersey, Nr Chester, CH3 9EH",2,Aldersey,,,Nr Chester,CH3 9EH
102006,Aldridge Artisans Golf Club,"Stonnall Road, Aldridge, Walsall, WS9 8JZ",2,Stonnall Road,Aldridge,,Walsall,WS9 8JZ
102196,Aldwark Manor Estate Golf,"Aldwark Manor Estate, Aldwark, York, YO61 1UF",2,Aldwark Manor Estate,Aldwark,,York,YO61 1UF
100022,Aldwickbury Park Golf Club,"Piggottshill Lane, Harpenden, AL5 1AB",2,Piggottshill Lane,,,Harpenden,AL5 1AB
102109,Alexander Park Resort,"Court-Y-Park, Ledbury, HR8 2RW",2,Court-Y-Park,,,Ledbury,HR8 2RW
100023,Alfreton Golf Club,"Wingfield Road, Alfreton, DE55 7LH",2,Wingfield Road,,,Alfreton,DE55 7LH
100024,Allendale Golf Club,"Allenheads Road, High Studdon, Allendale, Hexham, NE47 9DH",2,Allenheads Road,High Studdon,Allendale,Hexham,NE47 9DH
102169,Allerthorpe Golf & Country Club,"Waplington Lane, Allerthorpe, York, YO42 4RL",2,Waplington Lane,Allerthorpe,,York,YO42 4RL
102144,Allerton Manor Golf Club,"Allerton Road, Liverpool, L18 3JT",2,Allerton Road,,,Liverpool,L18 3JT
100028,Alnmouth Golf Club,"Foxton Hall, Alnmouth, NE66 3BE",3,Foxton Hall,,,Alnmouth,NE66 3BE
100029,Alnmouth Village Golf Club,"Marine Road, Alnmouth, NE66 2RZ",3,Marine Road,,,Alnmouth,NE66 2RZ
100030,Alnwick Castle Golf Club,"Swansfield Park, Alnwick, NE66 2AG",3,Swansfield Park,,,Alnwick,NE66 2AG
100031,Alresford Golf Club,"Tichborne Down, Alresford, SO24 0PN",3,Tichborne Down,,,Alresford,SO24 0PN
100032,Alsager Golf & Country Club,"Audley Road, Alsager, Stoke, ST7 2UR",3,Audley Road,Alsager,,Stoke,ST7 2UR
100033,Alston Moor Golf Club,"The Hermitage, Middleton Road, Alston, CA9 3DB",3,The Hermitage,Middleton Road,,Alston,CA9 3DB
100034,Alt Golf Club,"Park Road West, Southport, PR9 0JS",3,Park Road West,,,Southport,PR9 0JS
100035,Alton Golf Club,"Old Odiham Road, Alton, GU34 4BU",3,Old Odiham Road,,,Alton,GU34 4BU
100036,Altrincham Golf Club,"Stockport Road, Timperley, Altrincham, WA15 7LP",3,Stockport Road,Timperley,,Altrincham,WA15 7LP
100041,Ampfield Golf Club,"Winchester Road, Ampfield, SO51 9BQ",3,Winchester Road,,,Ampfield,SO51 9BQ
100044,Andover Golf Club,"51 Winchester Road, Andover, SP10 2EF",3,51 Winchester Road,,,Andover,SP10 2EF
100045,Ansty Golf Club,"Brinklow Road, Ansty, Coventry, CV7 9JL",3,Brinklow Road,Ansty,,Coventry,CV7 9JL
100046,Antrobus Golf Club,"Foggs Lane, Antrobus, Northwich, CW9 6JQ",4,Foggs Lane,Antrobus,,Northwich,CW9 6JQ
100047,Appleby Golf Club,"Brackenber Moor, Appleby, CA16 6LP",4,Brackenber Moor,,,Appleby,CA16 6LP
100048,Aqualate Golf Centre,"Stafford Road, Newport, TF10 9DB",4,Stafford Road,,,Newport,TF10 9DB
100049,Aquarius Golf Club,"Marmora Road, Honor Oak, SE22 0RY",4,Marmora Road,,,Honor Oak,SE22 0RY
100050,Arcot Hall Golf Club,"Arcot Hall, Dudley, Cramlington, NE23 7QP",4,Arcot Hall,Dudley,,Cramlington,NE23 7QP
100051,Arkley Golf Club,"Rowley Green Road, Arkley, EN5 3HL",4,Rowley Green Road,,,Arkley,EN5 3HL
100052,Army Golf Club,"Laffan's Road, Aldershot, GU11 2HF",4,Laffan's Road,,,Aldershot,GU11 2HF
100053,Arrowe Park Golf Club,"Arrowe Park Road, Pensby and Thingwall, Wirral, CH49 5LW",4,Arrowe Park Road,Pensby and Thingwall,,Wirral,CH49 5LW
100054,Arscott Golf Club,"Arscott, Pontesbury, Shrewsbury, SY5 0XP",4,Arscott,Pontesbury,,Shrewsbury,SY5 0XP
100055,Ash Valley Golf Club,"Little Hadham Road, Much Hadham, SG10 6HD",4,Little Hadham Road,,,Much Hadham,SG10 6HD
100056,Ashbourne Golf Club,"Wyaston Road, Ashbourne, DE6 1NB",4,Wyaston Road,,,Ashbourne,DE6 1NB
102658,Ashbrook Golf Zone,"Bradeley Green, Bradeley Green Lane, Whitchurch, SY13 4HE",4,Bradeley Green,Bradeley Green Lane,,Whitchurch,SY13 4HE
100057,Ashbury Golf Club,"The Manor House Hotel, Fowley Cross, Okehampton, EX20 4NL",5,The Manor House Hotel,Fowley Cross,,Okehampton,EX20 4NL
100058,Ashby Decoy Golf Club,"Burringham Road, Scunthorpe, DN17 2AB",5,Burringham Road,,,Scunthorpe,DN17 2AB
100043,Ashdown Golfers,"Chapel Lane, Forest Row, RH18 5LR",5,Chapel Lane,,,Forest Row,RH18 5LR
100059,Ashford Golf Club,"Sandyhurst Lane, Ashford, TN25 4NT",5,Sandyhurst Lane,,,Ashford,TN25 4NT
100060,Ashford Manor Golf Club,"Fordbridge Road, Ashford, TW15 3RT",5,Fordbridge Road,,,Ashford,TW15 3RT
100063,Ashridge Golf Club,"Golf Club Road, Little Gaddesden, Berkhamsted, HP4 1LY",5,Golf Club Road,Little Gaddesden,,Berkhamsted,HP4 1LY
100062,Ashridge Artisans,"Golf Club Road, Little Gaddesden, Berkhamsted, HP4 1LY",5,Golf Club Road,Little Gaddesden,,Berkhamsted,HP4 1LY
100064,Ashton & Lea Golf Club,"Tudor Avenue, Lea, Preston, PR4 0XA",5,Tudor Avenue,Lea,,Preston,PR4 0XA
100066,Ashton-In-Makerfield Golf Club,"Garswood Park, Ashton-in-Makerfield, Wigan, WN4 0YT",5,Garswood Park,Ashton-in-Makerfield,,Wigan,WN4 0YT
100067,Ashton-On-Mersey Golf Club,"Church Lane, Sale, M33 5QQ",5,Church Lane,,,Sale,M33 5QQ
100068,Ashton-Under-Lyne Golf Club,"Gorsey Way, Ashton-under-Lyne, OL6 9HT",5,Gorsey Way,,,Ashton-under-Lyne,OL6 9HT
100070,Aspley Guise & Woburn Sands Golf Club,"West Hill, Aspley Guise, Milton Keynes, MK17 8DX",5,West Hill,Aspley Guise,,Milton Keynes,MK17 8DX
100071,Astbury Golf Club,"Peel Lane, Astbury, Congleton, CW12 4RE",6,Peel Lane,Astbury,,Congleton,CW12 4RE
100072,Aston Wood Golf Club,"Blake Street, Sutton Coldfield, B74 4EU",6,Blake Street,,,Sutton Coldfield,B74 4EU
100073,Atherstone Golf Club,"The Outwoods, Coleshill Road, Atherstone, CV9 2RL",6,The Outwoods,Coleshill Road,,Atherstone,CV9 2RL
101263,Avington Park Golf Course,"Avington, Winchester, SO21 1BZ",6,Avington,,,Winchester,SO21 1BZ
100075,Avisford Park Golf Club,"Yapton Lane, Walberton, Nr Arundel, BN18 0LS",6,Yapton Lane,Walberton,,Nr Arundel,BN18 0LS
100076,Avro Golf Club,"Old Hall Lane, Woodford, SK7 1RN",6,Old Hall Lane,,,Woodford,SK7 1RN
102603,Avry Academy + Clubhouse,"AVRY Clubhouse & Academy, Unit 15-23 Attenburys Lane, Timperley, Manchester, WA14 5QE",6,AVRY Clubhouse & Academy,Unit 15-23 Attenburys Lane,Timperley,Manchester,WA14 5QE
100077,Axe Cliff Golf Club,"Squires Lane, Seaton, EX12 4AB",6,Squires Lane,,,Seaton,EX12 4AB
100080,Aylesbury Vale Golf Club,"Stewkley Road, Wing, Leighton Buzzard, LU7 0UJ",6,Stewkley Road,Wing,,Leighton Buzzard,LU7 0UJ
100081,Backworth Golf Club,"Backworth Hall, Backworth, NE27 0AH",6,Backworth Hall,,,Backworth,NE27 0AH
100082,Bacup Golf Club,"Maden Road, Bankside Lane, Bacup, OL13 8HN",6,Maden Road,Bankside Lane,,Bacup,OL13 8HN
100083,Badgemore Park Golf Club,"Badgemore, Henley-on-Thames, RG9 4NR",6,Badgemore,,,Henley-on-Thames,RG9 4NR
100085,Baildon Golf Club,"Moorgate, Baildon, Shipley, BD17 5PP",7,Moorgate,Baildon,,Shipley,BD17 5PP
100086,Bakewell Golf Club,"Golf House, Station Road, Bakewell, DE45 1GB",7,Golf House,Station Road,,Bakewell,DE45 1GB
100087,Ballards Gore Golf Club,"Gore Road, Canewdon, Stambridge, Rochford, SS4 2DA",7,Gore Road,Canewdon,Stambridge,Rochford,SS4 2DA
100088,Bamburgh Castle Golf Club,"40 The Wynding, Bamburgh, NE69 7DE",7,40 The Wynding,,,Bamburgh,NE69 7DE
100091,Banstead Downs Golf Club,"Burdon Lane, Cheam, SM2 7DD",7,Burdon Lane,,,Cheam,SM2 7DD
100092,Barkway Park Golf Club,"Nuthampstead Road, Royston, SG8 8EN",7,Nuthampstead Road,,,Royston,SG8 8EN
100093,Barlaston Golf Club,"Meaford Road, Stone, ST15 8UX",7,Meaford Road,,,Stone,ST15 8UX
102187,Barlborough Links Golf Club,"Highwood Way, Barlborough, Chesterfield, S43 4XN",7,Highwood Way,Barlborough,,Chesterfield,S43 4XN
100095,Barnard Castle Golf Club,"Harmire Road, Barnard Castle, DL12 8QN",7,Harmire Road,,,Barnard Castle,DL12 8QN
100096,Barnehurst Golf Club,"Mayplace Road East, Barnehurst, DA7 6JU",7,Mayplace Road East,,,Barnehurst,DA7 6JU
100097,Barnham Broom Golf & Country Club,"Honingham Road, Barnham Broom, Norwich, NR9 4DD",7,Honingham Road,Barnham Broom,,Norwich,NR9 4DD
100098,Barnsley Golf Club,"Wakefield Road Staincross, Barnsley, S75 6JZ",7,Wakefield Road Staincross,,,Barnsley,S75 6JZ
100099,Barrow Golf Club,"Rakesmoor Lane, Hawcoat, Barrow-in-Furness, LA14 4QB",8,Rakesmoor Lane,Hawcoat,,Barrow-in-Furness,LA14 4QB
100101,Barton-On-Sea Golf Club,"Milford Road, New Milton, BH25 5PP",8,Milford Road,,,New Milton,BH25 5PP
100102,Basildon Golf Club,"Clayhill Lane, Basildon, SS16 5JP",8,Clayhill Lane,,,Basildon,SS16 5JP
100103,Basingstoke Golf Club,"Down Street, Dummer, Basingstoke, RG25 2AD",8,Down Street,Dummer,,Basingstoke,RG25 2AD
100104,Basset Down Golf Club,"Lower Salthrop, Basset Down, Swindon, SN4 9QW",8,Lower Salthrop,Basset Down,,Swindon,SN4 9QW
100106,Batchwood Hall Golf Club,"Batchwood Drive, St Albans, St. Albans, AL3 5XA",8,Batchwood Drive,St Albans,,St. Albans,AL3 5XA
100107,Batchworth Park Golf Club,"London Road, Rickmansworth, WD3 1JS",8,London Road,,,Rickmansworth,WD3 1JS
100108,Bath Golf Club,"Sham Castle, Golf Course Road, Bath, BA2 6JG",8,Sham Castle,Golf Course Road,,Bath,BA2 6JG
100110,Bawburgh Golf Club,"Glen Lodge, Marlingford Road, Bawburgh, NR9 3LU",8,Glen Lodge,Marlingford Road,,Bawburgh,NR9 3LU
100111,Bawtry Golf Club,"Cross Lane, Austerfield, Doncaster, DN10 6RF",8,Cross Lane,Austerfield,,Doncaster,DN10 6RF
100112,Baxenden & District Golf Club,"Wooley Lane, Accrington, BB5 2EA",8,Wooley Lane,,,Accrington,BB5 2EA
102612,Bay,"1 Quadrant, Hoylake, Wirral, CH47 2EE",8,1 Quadrant,Hoylake,,Wirral,CH47 2EE
100115,Beaconsfield Golf Club,"Seer Green, Beaconsfield, HP9 2UR",9,Seer Green,,,Beaconsfield,HP9 2UR
100114,Beaconsfield Artisans,"Seer Green, Beaconsfield, HP9 2UR",9,Seer Green,,,Beaconsfield,HP9 2UR
100117,Beamish Park Golf Club,"The Clubhouse, Beamish, Stanley, DH9 0RH",9,The Clubhouse,Beamish,,Stanley,DH9 0RH
100118,Bearsted Golf Club,"Ware Street, Maidstone, ME14 4PQ",9,Ware Street,,,Maidstone,ME14 4PQ
100120,Bearwood Lakes Golf Club,"Bearwood Road, Sindlesham, Wokingham, RG41 4SJ",9,Bearwood Road,Sindlesham,,Wokingham,RG41 4SJ
100121,Beau Desert Golf Club,"Rugeley Road, Hazelslade, Cannock, WS12 0PJ",9,Rugeley Road,Hazelslade,,Cannock,WS12 0PJ
100122,Beauchief Golf Club,"Abbey Lane, Sheffield, S8 0DB",9,Abbey Lane,,,Sheffield,S8 0DB
101992,Beauport Park Golf & Country Club,"Battle Road, St. Leonards-on-Sea, TN37 7BP",9,Battle Road,,,St. Leonards-on-Sea,TN37 7BP
102110,Beaverbrook Golf Club,"Reigate Road, Leatherhead, KT22 8QX",9,Reigate Road,,,Leatherhead,KT22 8QX
100123,Beccles Golf Club,"The Common, Common Lane, Beccles, NR34 9BX",9,The Common,Common Lane,,Beccles,NR34 9BX
100125,Bedale Golf Club,"Leyburn Road, Bedale, DL8 1EZ",9,Leyburn Road,,,Bedale,DL8 1EZ
100126,Bedford & County Golf Club,"Green Lane, Clapham, Bedford, MK41 6ET",9,Green Lane,Clapham,,Bedford,MK41 6ET
100128,Bedfordshire Golf Club,"Spring Lane, Stagsden, Bedford, MK43 8SR",10,Spring Lane,Stagsden,,Bedford,MK43 8SR
100129,Bedlingtonshire Golf Club,"Acorn Road, Hartford Road, Bedlington, NE22 6AA",10,Acorn Road,Hartford Road,,Bedlington,NE22 6AA
100130,Beedles Lake Golf Club,"Broome Lane, East Goscote, Leicester, LE7 3WQ",10,Broome Lane,East Goscote,,Leicester,LE7 3WQ
100131,Beeston Fields Golf Club,"Old Drive, Wollaton Road, Nottingham, NG9 3DA",10,Old Drive,Wollaton Road,,Nottingham,NG9 3DA
100132,Belfairs Golf Club,"Eastwood Road North, Belfairs, Leigh-on-Sea, SS9 4LR",10,Eastwood Road North,Belfairs,,Leigh-on-Sea,SS9 4LR
100135,Belhus Park Golf & Country Club,"Belhus Park, South Ockendon, RM15 4PX",10,Belhus Park,,,South Ockendon,RM15 4PX
100136,Bellingham Golf Club,"Boggle Hole, Bellingham, NE48 2DT",10,Boggle Hole,,,Bellingham,NE48 2DT
100138,Belton Park Golf Club,"Londonthorpe Road, Grantham, NG31 9SH",10,Londonthorpe Road,,,Grantham,NG31 9SH
100512,Belton Woods Golf Club,"Belton Woods Hotel, Belton, Grantham, NG32 2LN",10,Belton Woods Hotel,Belton,,Grantham,NG32 2LN
100139,Ben Rhydding Golf Club,"High Wood, Ben Rhydding, Ilkley, LS29 8SB",10,High Wood,Ben Rhydding,,Ilkley,LS29 8SB
100140,Bentham Golf Club,"Robin Lane, Bentham, LA2 7AG",10,Robin Lane,,,Bentham,LA2 7AG
100141,Bentley Golf Club,"Ongar Road, Brentwood, CM15 9SS",10,Ongar Road,,,Brentwood,CM15 9SS
100142,Benton Hall Golf & Country Club,"Wickham Hill, Witham, CM8 3LH",11,Wickham Hill,,,Witham,CM8 3LH
100143,Berkhamsted Golf Club,"The Common, Berkhamsted, HP4 2QB",11,The Common,,,Berkhamsted,HP4 2QB
102062,Berrington Hall Golf Club,"St. Helens Road, Rainford, WA11 7PY",11,St. Helens Road,,,Rainford,WA11 7PY
100146,Betchworth Park Golf Club,"Reigate Road, Dorking, RH4 1NZ",11,Reigate Road,,,Dorking,RH4 1NZ
100145,Betchworth Park Artisans Golf Club,"Betchworth Park Golf Club, Reigate Road, Dorking, RH4 1NZ",11,Betchworth Park Golf Club,Reigate Road,,Dorking,RH4 1NZ
100147,Beverley & East Riding Golf Club,"Anti Mill, Westwood, Beverley, HU17 8RG",11,Anti Mill,Westwood,,Beverley,HU17 8RG
100148,Bewdley Pines Golf Club,"Habberley Road, Bewdley, DY12 1LY",11,Habberley Road,,,Bewdley,DY12 1LY
100149,Bexleyheath Golf Club,"Mount Road, Bexleyheath, DA6 8JS",11,Mount Road,,,Bexleyheath,DA6 8JS
100150,Bicester Golf And Country Club,"Green Lane, Chesterton, Bicester, OX26 1TE",11,Green Lane,Chesterton,,Bicester,OX26 1TE
100152,Bidston Golf Club,"Bidston Link Road, Wirral, CH44 2HR",11,Bidston Link Road,,,Wirral,CH44 2HR
100153,Bigbury Golf Club,"Hexdown Barns, Bigbury-on-Sea, TQ7 4BB",11,Hexdown Barns,,,Bigbury-on-Sea,TQ7 4BB
100154,Billingbear Park Golf Club,"The Straight Mile, Wokingham, RG40 5SJ",11,The Straight Mile,,,Wokingham,RG40 5SJ
100155,Billingham Golf Club,"Sandy Lane, Billingham, TS22 5NA",12,Sandy Lane,,,Billingham,TS22 5NA
100156,Bingley St Ives Golf Club,"St. Ives Estate, Harden, Bingley, BD16 1AT",12,St. Ives Estate,Harden,,Bingley,BD16 1AT
100157,Birch Grove Golf Club,"Layer Road, Colchester, CO2 0HS",12,Layer Road,,,Colchester,CO2 0HS
100159,Birchwood Golf Club,"Kelvin Close, Birchwood, Warrington, WA3 7PB",12,Kelvin Close,Birchwood,,Warrington,WA3 7PB
100160,Birchwood Park Golf Centre,"Birchwood Road, Wilmington, Dartford, DA2 7HJ",12,Birchwood Road,Wilmington,,Dartford,DA2 7HJ
100161,Bird Hills Golf Club,"Drift Road, Maidenhead, SL6 3ST",12,Drift Road,,,Maidenhead,SL6 3ST
102685,Birdie Bays Golf Studio,"Unit 7, Greenwood Court, Cartmel Drive, Shrewsbury, SY1 3TB",12,"Unit 7, Greenwood Court",Cartmel Drive,,Shrewsbury,SY1 3TB
100162,Birley Wood Golf Club,"Birley Lane, Birley, Sheffield, S12 3BP",12,Birley Lane,Birley,,Sheffield,S12 3BP
100163,Birstall Golf Club,"Station Road, Abbey, Leicester, LE4 3BB",12,Station Road,Abbey,,Leicester,LE4 3BB
100164,Birtley Golf Club,"Birtley (Portobello) Golf Club, Birtley Lane, Birtley, Chester le Street, DH3 2LR",12,Birtley (Portobello) Golf Club,Birtley Lane,Birtley,Chester le Street,DH3 2LR
100166,Bishop Auckland Golf Club,"High Plains, Durham Road, Bishop Auckland, DL14 8DL",12,High Plains,Durham Road,,Bishop Auckland,DL14 8DL
100167,Bishops Stortford Golf Club,"Dunmow Road, Bishop's Stortford, CM23 5HP",12,Dunmow Road,,,Bishop's Stortford,CM23 5HP
100168,Bishopswood Golf Course,"Bishopswood Lane, Tadley, RG26 4AT",13,Bishopswood Lane,,,Tadley,RG26 4AT
100169,Blackburn Golf Club,"Beardwood Brow, Blackburn, BB2 7AX",13,Beardwood Brow,,,Blackburn,BB2 7AX
100170,Blackley Golf Club,"Victoria Avenue East, Manchester, M9 7HW",13,Victoria Avenue East,,,Manchester,M9 7HW
100171,Blackmoor Golf Club,"Firgrove Road, Whitehill, Bordon, GU35 9EH",13,Firgrove Road,Whitehill,,Bordon,GU35 9EH
100173,Blackpool North Shore Golf Club,"Devonshire Road, Blackpool, FY2 0RD",13,Devonshire Road,,,Blackpool,FY2 0RD
100174,Blackpool Park Golf Club,"North Park Drive, Marton, Blackpool, FY3 8LS",13,North Park Drive,Marton,,Blackpool,FY3 8LS
102188,Blackwater Valley Golf Centre,"Chandlers Lane, Yateley, GU46 7SZ",13,Chandlers Lane,,,Yateley,GU46 7SZ
100175,Blackwell Golf Club,"Agmore Road, Tardebigge, Bromsgrove, B60 1PY",13,Agmore Road,Tardebigge,,Bromsgrove,B60 1PY
100176,Blackwell Grange Golf Club,"Snipe Lane, Darlington, DL2 2SA",13,Snipe Lane,,,Darlington,DL2 2SA
102082,Blackwell Ladies Golf Club,"Agmore Road, Tardebigge, Bromsgrove, B60 1PY",13,Agmore Road,Tardebigge,,Bromsgrove,B60 1PY
100177,Blakes Golf Club,"Epping Road, North Weald, Epping, CM16 6RZ",13,Epping Road,North Weald,,Epping,CM16 6RZ
100178,Blankney Golf Club,"Lincoln Road, Metheringham, Blankney, LN4 3AZ",13,Lincoln Road,Metheringham,,Blankney,LN4 3AZ
102088,Bleadon Hill Golf Club,"Haywood Park, Roman Road, Bleadon, BS24 0AD",14,Haywood Park,Roman Road,,Bleadon,BS24 0AD
100179,Bletchingley Golf Club,"Church Lane, Bletchingley and Nutfield, Redhill, RH1 4LP",14,Church Lane,Bletchingley and Nutfield,,Redhill,RH1 4LP
101681,Bletchley Golf Club,"Tattenhoe Lane, Bletchley, Milton Keynes, MK3 7RB",14,Tattenhoe Lane,Bletchley,,Milton Keynes,MK3 7RB
100180,Bloxwich Golf Club,"Stafford Road, Bloxwich, Walsall, WS3 3PQ",14,Stafford Road,Bloxwich,,Walsall,WS3 3PQ
102344,Bluebird Golf Centre,"Samlesbury Hall, Preston New Road, Preston, PR5 0UP",14,Samlesbury Hall,Preston New Road,,Preston,PR5 0UP
100183,Blundells Hill Golf Club,"Blundells Lane, Rainhill, L35 6NA",14,Blundells Lane,,,Rainhill,L35 6NA
100184,Blyth Golf Club,"New Delaval and Newsham, Blyth, NE24 4DB",14,New Delaval and Newsham,,,Blyth,NE24 4DB
100465,Blythe Bridge Golf Club,"Cred Works, PO BOX 5, Blythe Bridge, Stoke-on-Trent, ST11 9LW",14,Cred Works,PO BOX 5,Blythe Bridge,Stoke-on-Trent,ST11 9LW
100186,Bognor Regis Golf Club,"Downview Road, Felpham, Bognor Regis, PO22 8JD",14,Downview Road,Felpham,,Bognor Regis,PO22 8JD
100188,Boldmere Golf Club,"Monmouth Drive, Sutton Coldfield, B73 6JL",14,Monmouth Drive,,,Sutton Coldfield,B73 6JL
100189,Boldon Golf Club,"Dipe Lane, East Boldon, NE36 0PQ",14,Dipe Lane,,,East Boldon,NE36 0PQ
100190,Bolton Golf Club,"Lostock Park, Chorley New Road, Bolton, BL6 4AJ",14,Lostock Park,Chorley New Road,,Bolton,BL6 4AJ
100191,Bolton Old Links Golf Club,"Chorley Old Road, Bolton, BL1 5SU",15,Chorley Old Road,,,Bolton,BL1 5SU
100193,Bondhay Golf Club,"Bondhay Lane, Whitwell Common, Worksop, S80 3EH",15,Bondhay Lane,Whitwell Common,,Worksop,S80 3EH
100194,Boothferry Golf Club,"Spaldington Lane, Howden, Goole, DN14 7NG",15,Spaldington Lane,Howden,,Goole,DN14 7NG
100195,Bootle Golf Club,"Dunnings Bridge Road, Bootle, L30 2PP",15,Dunnings Bridge Road,,,Bootle,L30 2PP
102010,Boringdon Park Golf Club,"55 Plymbridge Road, Plympton, Plymouth, PL7 4QG",15,55 Plymbridge Road,Plympton,,Plymouth,PL7 4QG
102022,Boscombe Ladies Golf Club,"Queens Park Golf Pavillion, Queens Park West Drive, Bournemouth, BH8 9BY",15,Queens Park Golf Pavillion,Queens Park West Drive,,Bournemouth,BH8 9BY
100196,Boston Golf Club,"Cowbridge, Horncastle Road, Boston, PE22 7EL",15,Cowbridge,Horncastle Road,,Boston,PE22 7EL
102184,Boston West Country Park Golf Club,"Boston West Country Park, Hubberts Bridge, Boston, PE20 3QX",15,Boston West Country Park,Hubberts Bridge,,Boston,PE20 3QX
100199,Boughton Golf Club,"Brickfield Lane, Boughton, Nr Faversham, ME13 9AJ",15,Brickfield Lane,Boughton,,Nr Faversham,ME13 9AJ
102130,Boundary Lakes Golf Club,"Botley Road, West End, Southampton, SO30 3XH",15,Botley Road,West End,,Southampton,SO30 3XH
100201,Bournemouth & Meyrick Park Golf Club,"Meyrick Park, Central Drive, Bournemouth, BH2 6LH",15,Meyrick Park,Central Drive,,Bournemouth,BH2 6LH
100202,Bovey Castle Golf Club,"Bovey Castle Hotel, Bovey Castle, Dartmoor National Park, North Bovey, TQ13 8RE",15,Bovey Castle Hotel,Bovey Castle,Dartmoor National Park,North Bovey,TQ13 8RE
100203,Bovey Tracey Golf Centre,"Monks Way, Bovey Tracey, Newton Abbot, TQ13 9NG",16,Monks Way,Bovey Tracey,,Newton Abbot,TQ13 9NG
100205,Bowood Hotel Spa & Golf Resort,"Derry Hill, Calne, SN11 9PQ",16,Derry Hill,,,Calne,SN11 9PQ
100206,Bowood Park Hotel & Golf Club,"Lanteglos, Camelford, PL32 9RF",16,Lanteglos,,,Camelford,PL32 9RF
100207,Bowring Golf Club,"Roby Road, Huyton, Liverpool, L36 4HD",16,Roby Road,Huyton,,Liverpool,L36 4HD
102026,Bowring Ladies Golf Club,"Roby Road, Huyton, Liverpool, L36 4HD",16,Roby Road,Huyton,,Liverpool,L36 4HD
100209,Boyce Hill Golf & Country Club,"Vicarage Hill, Benfleet, SS7 1PD",16,Vicarage Hill,,,Benfleet,SS7 1PD
100211,Bracken Ghyll Golf Club,"Skipton Road, Addingham, LS29 0SL",16,Skipton Road,,,Addingham,LS29 0SL
100212,Brackenwood Golf Club,"c/o Wirral Golf Club, 93 Bidston Road, Prenton, CH63 2LY",16,c/o Wirral Golf Club,93 Bidston Road,,Prenton,CH63 2LY
102634,Brackenwood Ladies Golf Club,"Bracken Lane, Bebington, Wirral, Bebington, CH63 2LY",16,Bracken Lane,Bebington,Wirral,Bebington,CH63 2LY
100214,Bradfield College Golf Club,"Bradfield, Reading, RG7 6AU",16,Bradfield,,,Reading,RG7 6AU
100215,Bradford Golf Club,"Club House, Hawksworth Lane, Guiseley, Leeds, LS20 8NP",16,Club House,Hawksworth Lane,Guiseley,Leeds,LS20 8NP
100216,Bradford Moor Golf Club,"Scarr Hall, Pollard Lane, Bradford, BD2 4RW",16,Scarr Hall,Pollard Lane,,Bradford,BD2 4RW
100217,Bradley Park Golf Club,"Bradley Road, Huddersfield, HD2 1PZ",17,Bradley Road,,,Huddersfield,HD2 1PZ
100218,Braeside Golf Club,"c/o Farleigh Golf Club, Old Farleigh Road, Warlingham, CR6 9PE",17,c/o Farleigh Golf Club,Old Farleigh Road,,Warlingham,CR6 9PE
100220,Brailsford Golf Club,"Pools Head Lane, Brailsford, Ashbourne, DE6 3BU",17,Pools Head Lane,Brailsford,,Ashbourne,DE6 3BU
100221,Braintree Golf Club,"King's Lane, Stisted, Braintree, CM77 8DD",17,King's Lane,Stisted,,Braintree,CM77 8DD
100222,Bramall Park Golf Club,"20 Manor Road, Bramhall, Stockport, SK7 3LY",17,20 Manor Road,Bramhall,,Stockport,SK7 3LY
100223,Bramcote Waters Golf Club,"Bazzard Road, Bramcote, Nuneaton, CV11 6QJ",17,Bazzard Road,Bramcote,,Nuneaton,CV11 6QJ
100224,Bramford Golf Centre,"Lorraine Way, Ipswich, IP8 4JS",17,Lorraine Way,,,Ipswich,IP8 4JS
100225,Bramhall Golf Club,"Ladythorn Road, Bramhall, Stockport, SK7 2EY",17,Ladythorn Road,Bramhall,,Stockport,SK7 2EY
100226,Bramley Golf Club,"Links Road, Bramley, Guildford, GU5 0AL",17,Links Road,Bramley,,Guildford,GU5 0AL
100227,Brampton Golf Club,"Tarn Road, Brampton, CA8 1HN",17,Tarn Road,,,Brampton,CA8 1HN
100228,Brampton Heath Golf Centre,"Sandy Lane, Church Brampton, Northampton, NN6 8AX",17,Sandy Lane,Church Brampton,,Northampton,NN6 8AX
100229,Brampton Park Golf Club,"Buckden Road, Brampton, Huntingdon, PE28 4NF",17,Buckden Road,Brampton,,Huntingdon,PE28 4NF
100230,Bramshaw Golf Club,"Brook, Lyndhurst, SO43 7HE",18,Brook,,,Lyndhurst,SO43 7HE
100231,Bramshott Hill Golf Club,"Main Road, Dibden, Southampton, SO45 5TB",18,Main Road,Dibden,,Southampton,SO45 5TB
100232,Brancaster Village Artisans Golf Club,"Brancaster, King's Lynn, PE31 8AX",18,Brancaster,,,King's Lynn,PE31 8AX
100233,Brancepeth Castle Golf Club,"The Village, Brancepeth, DH7 8EA",18,The Village,,,Brancepeth,DH7 8EA
100235,Bransford Golf Club,"The Bankhouse Hotel, Bransford, Worcester, WR6 5JD",18,The Bankhouse Hotel,Bransford,,Worcester,WR6 5JD
100236,Branshaw Golf Club,"Branshaw Moor, Sykes Head, Keighley, BD22 7ES",18,Branshaw Moor,Sykes Head,,Keighley,BD22 7ES
100237,Branston Golf & Country Club,"Burton Road, Branston, Burton-on-Trent, DE14 3DP",18,Burton Road,Branston,,Burton-on-Trent,DE14 3DP
100242,Brean Golf Club,"Red Road, Berrow, TA8 2FG",18,Red Road,,,Berrow,TA8 2FG
100244,Breightmet Golf Club,"Red Bridge, Ainsworth, Bolton, BL2 5PA",18,Red Bridge,Ainsworth,,Bolton,BL2 5PA
100246,Brent Valley Golf Club,"Church Road, London, W7 3BE",18,Church Road,,,London,W7 3BE
101824,Brentwood Golf Club,"Coxtie Green Road, South Weald, Brentwood, CM14 5RJ",18,Coxtie Green Road,South Weald,,Brentwood,CM14 5RJ
100247,Brett Vale Golf Club,"Noakes Road, Raydon, Ipswich, IP7 5LR",18,Noakes Road,Raydon,,Ipswich,IP7 5LR
100248,Brickendon Grange Golf Club,"Pembridge Lane, Brickendon, SG13 8PD",19,Pembridge Lane,,,Brickendon,SG13 8PD
100249,Brickhampton Court Golf Club,"Cheltenham Road, Churchdown, Gloucester, GL2 9QF",19,Cheltenham Road,Churchdown,,Gloucester,GL2 9QF
100250,Bridgnorth Golf Club,"Stanley Lane, Bridgnorth, WV16 4SF",19,Stanley Lane,,,Bridgnorth,WV16 4SF
100251,Bridley Artisans Golf Club,"Heath House Road, Woking, GU22 0RA",19,Heath House Road,,,Woking,GU22 0RA
100252,Bridlington Golf Club,"Belvedere Road, Bridlington, YO15 3NA",19,Belvedere Road,,,Bridlington,YO15 3NA
100253,Bridlington Links Golf Club,"Flamborough Road, Marton, Bridlington, YO15 1DW",19,Flamborough Road,Marton,,Bridlington,YO15 1DW
100254,Bridport & West Dorset Golf Club,"Burton Road, Bridport, DT6 4PS",19,Burton Road,,,Bridport,DT6 4PS
100255,Brierley Forest Golf Club,"160 Main Street, Huthwaite, Sutton-in-Ashfield, NG17 2LG",19,160 Main Street,Huthwaite,,Sutton-in-Ashfield,NG17 2LG
100257,Brighton & Hove Golf Club,"Devil's Dyke Road, Brighton, BN1 8YJ",19,Devil's Dyke Road,,,Brighton,BN1 8YJ
101945,Brinkworth Golf Club,"The Club House, Brinkworth, SN15 5DG",19,The Club House,,,Brinkworth,SN15 5DG
100260,Bristol & Clifton Golf Club,"Beggar Bush Lane, Failand, Bristol, BS8 3TH",19,Beggar Bush Lane,Failand,,Bristol,BS8 3TH
102638,Broadlands Golf,"Broad Lane, Essington, Wolverhampton, WV11 2RJ",19,Broad Lane,Essington,,Wolverhampton,WV11 2RJ
100262,Broadstone Golf Club,"Wentworth Drive, Broadstone, BH18 8DQ",20,Wentworth Drive,,,Broadstone,BH18 8DQ
100264,Broadway Golf Club,"Willersey Hill, Broadway, WR12 7LG",20,Willersey Hill,,,Broadway,WR12 7LG
100265,Brocket Hall,"Brocket Hall, Welwyn Garden City, AL8 7XG",20,Brocket Hall,,,Welwyn Garden City,AL8 7XG
100267,Brocton Hall Golf Club,"Bronco, Stafford, ST17 0TH",20,Bronco,,,Stafford,ST17 0TH
100269,Brokenhurst Manor Golf Club,"Sway Road, Brockenhurst, SO42 7SG",20,Sway Road,,,Brockenhurst,SO42 7SG
100270,Bromborough Golf Club,"Raby Hall Road, Bromborough, Wirral, CH63 0NW",20,Raby Hall Road,Bromborough,,Wirral,CH63 0NW
100271,Bromley Golf Club,"Magpie Hall Lane, Bromley Common and Keston, Bromley, BR2 8JF",20,Magpie Hall Lane,Bromley Common and Keston,,Bromley,BR2 8JF
100272,Bromsgrove Golf Centre,"Stratford Road, Bromsgrove, B60 1LD",20,Stratford Road,,,Bromsgrove,B60 1LD
100273,Brookdale Golf Club,"Medlock Road, Woodhouses, Manchester, M35 9WQ",20,Medlock Road,Woodhouses,,Manchester,M35 9WQ
100275,Brookmans Park Golf Club,"Golf Club Road, Brookmans Park, Hatfield, AL9 7AT",20,Golf Club Road,Brookmans Park,,Hatfield,AL9 7AT
100277,Broome Manor Golf Club,"Pipers Way, Swindon, SN3 1RG",20,Pipers Way,,,Swindon,SN3 1RG
100278,Broome Park Golf Club,"Canterbury Road, Barnham, Canterbury, CT4 6QX",20,Canterbury Road,Barnham,,Canterbury,CT4 6QX
100279,Brough Golf Club,"Cave Road, Brough, HU15 1HB",21,Cave Road,,,Brough,HU15 1HB
100280,Broughton Heath Golf Club,"Bent Lane, Church Broughton, DE65 5BA",21,Bent Lane,,,Church Broughton,DE65 5BA
100283,Buckingham Golf Club,"Tingewick Road, Buckingham, MK18 4AE",21,Tingewick Road,,,Buckingham,MK18 4AE
100285,Bude & North Cornwall Golf Club,"Burn View, Bude, EX23 8DA",21,Burn View,,,Bude,EX23 8DA
100286,Budleigh Salterton Artisans Golf Club,"Links Road, Budleigh Salterton, EX9 6DG",21,Links Road,,,Budleigh Salterton,EX9 6DG
100287,Budock Vean Golf Club,"Budock Vean Lane, Nr Helford Passage, Mawnan Smith, Falmouth, TR11 5LG",21,Budock Vean Lane,Nr Helford Passage,Mawnan Smith,Falmouth,TR11 5LG
100288,Bulbury Woods Golf Club,"Lytchett Minster, Poole, BH16 6HR",21,Lytchett Minster,,,Poole,BH16 6HR
100289,Bulwell Forest Golf Club,"Hucknall Road, Bulwell, Nottingham, NG6 9LQ",21,Hucknall Road,,Bulwell,Nottingham,NG6 9LQ
100290,Bungay & Waveney Valley Golf Club,"Outney Common, Bungay, NR35 1DS",21,Outney Common,,,Bungay,NR35 1DS
102609,Bunker Golf Simulator,"8 Market Street, Heanor, DE75 7NR",21,8 Market Street,,,Heanor,DE75 7NR
102666,BUNKER INDOOR GOLF - Nottingham,"4 Longden Street, Wollaton Park, Nottingham, NG3 1JN",21,4 Longden Street,Wollaton Park,,Nottingham,NG3 1JN
100291,Bunsay Downs Golf Club,"Little Baddow Road, Woodham Walter, Maldon, CM9 6RU",21,Little Baddow Road,Woodham Walter,,Maldon,CM9 6RU
100292,Burford Golf Club,"Burford Golf Club Ltd., Burford, OX18 4JG",22,Burford Golf Club Ltd.,,,Burford,OX18 4JG
100293,Burgham Park Golf Club,"Nr Felton, Morpeth, NE65 9QP",22,Nr Felton,,,Morpeth,NE65 9QP
100294,Burghill Valley Golf Club,"Tillington Road, Burghill, Holmer and Lyde, Hereford, HR4 7RW",22,Tillington Road,"Burghill, Holmer and Lyde",,Hereford,HR4 7RW
100295,Burghley Park Golf Club,"Burghley Park, London Road, Stamford, PE9 3JP",22,Burghley Park,London Road,,Stamford,PE9 3JP
100296,Burhill Golf Club,"Burwood Road, Walton-on-Thames, KT12 4BL",22,Burwood Road,,,Walton-on-Thames,KT12 4BL
100298,Burnham & Berrow Golf Club,"St. Christophers Way, Burnham-on-Sea, TA8 2PE",22,St. Christophers Way,,,Burnham-on-Sea,TA8 2PE
100299,Burnham Beeches Golf Club,"Green Lane, Burnham, Slough, SL1 8EG",22,Green Lane,Burnham,,Slough,SL1 8EG
100300,Burnham-On-Crouch Golf Club,"Ferry Road, Burnham-on-Crouch, CM0 8PQ",22,Ferry Road,,,Burnham-on-Crouch,CM0 8PQ
100301,Burnley Golf Club,"Glen View, Burnley, BB11 3RW",22,Glen View,,,Burnley,BB11 3RW
100302,Burslem Golf Club,"Wood Farm, High Lane, Stoke-on-Trent, ST6 7JT",22,Wood Farm,High Lane,,Stoke-on-Trent,ST6 7JT
100304,Burstwick Country Golf,"Ellifoot Lane, Burstwick, Hull, HU12 9EF",22,Ellifoot Lane,Burstwick,,Hull,HU12 9EF
100305,Burton-On-Trent Golf Club,"Ashby Road East, 43 Ashby Rd E, Burton-on-Trent, DE15 0PS",22,Ashby Road East,43 Ashby Rd E,,Burton-on-Trent,DE15 0PS
100307,Bury Golf Club,"Unsworth Hall, Manchester Road, Bury, BL9 9TJ",23,Unsworth Hall,Manchester Road,,Bury,BL9 9TJ
100308,Bury St Edmunds Golf Club,"Tut Hill, Fornham All Saints, Bury St. Edmunds, IP28 6LG",23,Tut Hill,Fornham All Saints,,Bury St. Edmunds,IP28 6LG
100309,Bush Hill Park Golf Club,"Bush Hill, Winchmore Hill, London, N21 2BU",23,Bush Hill,Winchmore Hill,,London,N21 2BU
100313,Buxton & High Peak Golf Club,"27 Town End, Fairfield, Buxton, SK17 7EN",23,27 Town End,Fairfield,,Buxton,SK17 7EN
102605,Caddi Club - Chelsea,"29 Imperial Road, Chelsea, London, SW6 2FR",23,29 Imperial Road,Chelsea,,London,SW6 2FR
102606,Caddi Club - Fulham,"Fulham Reach, Parr's Way, London, W6 9RU",23,Fulham Reach,Parr's Way,,London,W6 9RU
102608,Caddi Club - Waterloo,"4 Milner Place, London, SE1 7PE",23,4 Milner Place,,,London,SE1 7PE
100116,Cainhoe Wood Golf Club,"Ampthill Road, Beadlow, Shefford, SG17 5PH",23,Ampthill Road,Beadlow,,Shefford,SG17 5PH
100316,Calcot Park Golf Club,"Bath Road, Calcot, Reading, RG31 7RN",23,Bath Road,Calcot,,Reading,RG31 7RN
100317,Caldecott Hall Golf Club,"Beccles Road, Fritton, Great Yarmouth, NR31 9EY",23,Beccles Road,Fritton,,Great Yarmouth,NR31 9EY
100318,Calderfields Golf & Country Club,"Aldridge Road, Walsall, WS4 2JS",23,Aldridge Road,,,Walsall,WS4 2JS
102491,Calderfields Golf Range,"Aldridge Road, St Matthew's, Walsall, WS4 2JS",23,Aldridge Road,St Matthew's,,Walsall,WS4 2JS
100320,Caldy Golf Club,"Links Hey Road, Caldy, Wirral, CH48 1NB",24,Links Hey Road,Caldy,,Wirral,CH48 1NB
100321,Calverley Golf Club,"Woodhall Lane, Calverley, Pudsey, LS28 5QY",24,Woodhall Lane,Calverley,,Pudsey,LS28 5QY
100322,Camberley Heath Golf Club,"Golf Drive, Camberley, GU15 1JG",24,Golf Drive,,,Camberley,GU15 1JG
100200,Cambridge Country Club,"Toft Road, Bourn, Cambridge, CB23 2TT",24,Toft Road,Bourn,,Cambridge,CB23 2TT
100324,Cambridge Meridian Golf Club,"Comberton Road, Toft, Cambridge, CB23 2RY",24,Comberton Road,Toft,,Cambridge,CB23 2RY
100325,Came Down Golf Club,"Higher Came, Dorchester, DT2 8NR",24,Higher Came,,,Dorchester,DT2 8NR
100326,Cams Hall Estate Golf Club,"The Club at Cams Hall Estate, Portchester Road, Porchester, Fareham, PO16 8UP",24,The Club at Cams Hall Estate,Portchester Road,Porchester,Fareham,PO16 8UP
100328,Canford School Golf Club,"Canford School, Wimborne, BH21 3AD",24,Canford School,,,Wimborne,BH21 3AD
100329,Cannington Golf Centre,"Rodway, Cannington, Bridgwater, TA5 2LS",24,Rodway,Cannington,,Bridgwater,TA5 2LS
100330,Cannock Park Golf Club,"Stafford Road, Cannock, WS11 4AL",24,Stafford Road,,,Cannock,WS11 4AL
100331,Canons Brook Golf Club,"Elizabeth Way, Harlow, CM19 5BE",24,Elizabeth Way,,,Harlow,CM19 5BE
100333,Cantelupe Artisans,"Chapel Lane, Forest Row, RH18 5LR",24,Chapel Lane,,,Forest Row,RH18 5LR
100334,Canterbury Golf Club,"Scotland Hills, Littlebourne Road, Canterbury, CT1 1TW",25,Scotland Hills,Littlebourne Road,,Canterbury,CT1 1TW
102654,Cantley Park - Pitch & Putt,"Cantley Park, Aintree Avenue, Doncaster, DN4 6HS",25,Cantley Park,Aintree Avenue,,Doncaster,DN4 6HS
100336,Cape Cornwall Club,"St Just, Penzance, TR19 7NL",25,St Just,,,Penzance,TR19 7NL
100337,Carden Park Golf Club,"Carden Park Hotel, Broxdon Road, Nr Chester, CH3 9DQ",25,Carden Park Hotel,Broxdon Road,,Nr Chester,CH3 9DQ
100338,Carholme Golf Club,"Carholme Road, Lincoln, LN1 1SE",25,Carholme Road,,,Lincoln,LN1 1SE
100339,Carlisle Golf Club,"Aglionby, Carlisle, CA4 8AG",25,Aglionby,,,Carlisle,CA4 8AG
100340,Carlyon Bay Golf Club,"Sea Road, St. Austell, PL25 3RD",25,Sea Road,,,St. Austell,PL25 3RD
100342,Carus Green Golf Club,"Burneside Road, Kendal, LA9 6EB",25,Burneside Road,,,Kendal,LA9 6EB
100343,Casterton Golf Course,"Sedbergh Road, Casterton, Nr Kirkby Lonsdale, LA6 2LA",25,Sedbergh Road,Casterton,,Nr Kirkby Lonsdale,LA6 2LA
100344,Castle Eden Golf Club,"Stockton Road, Castle Eden, Hartlepool, TS27 4SS",25,Stockton Road,Castle Eden,,Hartlepool,TS27 4SS
100345,Castle Hawk Golf Club,"Chadwick Lane, Castleton, Rochdale, OL11 3BY",25,Chadwick Lane,Castleton,,Rochdale,OL11 3BY
100346,Castle Point Golf Club,"Somnes Avenue, Canvey Island, SS8 9FG",25,Somnes Avenue,,,Canvey Island,SS8 9FG
100347,Castle Royle Golf & Country Club,"Bath Road, Knowl Hill, Reading, RG10 9XA",26,Bath Road,Knowl Hill,,Reading,RG10 9XA
100348,Castlefields Golf Club,"Rastrick Common, Brighouse, HD6 3HL",26,Rastrick Common,,,Brighouse,HD6 3HL
100349,Castletown Golf Club,"Fort Island Road, Derbyhaven, IM9 1UA",26,Fort Island Road,,,Derbyhaven,IM9 1UA
100350,Catterick Golf Club,"Leyburn Road, Catterick Garrison, DL9 3QE",26,Leyburn Road,,,Catterick Garrison,DL9 3QE
100351,Cave Castle Golf Club,"Church Hill, South Cave, Brough, HU15 2EU",26,Church Hill,South Cave,,Brough,HU15 2EU
100352,Cavendish Golf Club,"Watford Road, Buxton, SK17 6XF",26,Watford Road,,,Buxton,SK17 6XF
102094,Centurion Club,"Hemel Hempstead Road, Hemel Hempstead, St Albans, HP3 8LA",26,Hemel Hempstead Road,Hemel Hempstead,,St Albans,HP3 8LA
102363,Chadwell Springs Golf Centre,"Hertford Road, Ware, SG12 9LE",26,Hertford Road,,,Ware,SG12 9LE
100356,Chalgrave Manor Golf Club,"Dunstable Road, Toddington, Dunstable, LU5 6JN",26,Dunstable Road,Toddington,,Dunstable,LU5 6JN
100358,Chapel-En-Le-Frith Golf Club,"The Cockyard, Manchester Road, High Peak, SK23 9UH",26,The Cockyard,Manchester Road,,High Peak,SK23 9UH
100359,Charminster Golf Club,"Charminster, Dorchester, DT2 7SG",26,Charminster,,,Dorchester,DT2 7SG
100361,Charnwood Forest Golf Club,"Breakback Road, Woodhouse Eaves, Loughborough, LE12 8TA",26,Breakback Road,Woodhouse Eaves,,Loughborough,LE12 8TA
100362,Chart Hills Golf Club,"Weeks Lane, Biddenden, TN27 8JX",27,Weeks Lane,,,Biddenden,TN27 8JX
102442,Charterhouse School Golf Club,"Charterhouse School, Hurtmore Road, Godalming, GU7 2DF",27,Charterhouse School,Hurtmore Road,,Godalming,GU7 2DF
100363,Chartham Park,"Felcourt Road, Felcourt, East Grinstead, RH19 2JT",27,Felcourt Road,Felcourt,,East Grinstead,RH19 2JT
100364,Chartridge Park Golf Club,"Chartridge, Chesham, HP5 2TF",27,Chartridge,,,Chesham,HP5 2TF
100366,Chatsworth Golf Club,"Chatsworth Golf Club, Chatsworth, Bakewell, DE45 1PJ",27,Chatsworth Golf Club,Chatsworth,,Bakewell,DE45 1PJ
100367,Cheadle Golf Club,"Shiers Drive, Stockport, SK8 1HW",27,Shiers Drive,,,Stockport,SK8 1HW
100369,Chelmsford Golf Club,"Widford Road, Chelmsford, CM2 9AP",27,Widford Road,,,Chelmsford,CM2 9AP
100370,Chelsfield Lakes Golf Centre,"Court Road, Orpington, BR6 9BX",27,Court Road,,,Orpington,BR6 9BX
100372,Cherry Lodge Golf Club,"Jail Lane, Biggin Hill, TN16 3AX",27,Jail Lane,,,Biggin Hill,TN16 3AX
100373,Cherwell Edge Golf Club,"Chacombe, Banbury, Banbury, OX17 2EN",27,Chacombe,Banbury,,Banbury,OX17 2EN
100374,Chesfield Downs Golf & Country Club,"Jack's Hill, Graveley, Nr Stevenage, SG4 7EQ",27,Jack's Hill,Graveley,,Nr Stevenage,SG4 7EQ
100375,Chesham & Ley Hill Golf Club,"Ley Hill, Chesham, HP5 1UZ",28,Ley Hill,,,Chesham,HP5 1UZ
100282,Cheshunt Park Golf Centre,"Park Lane, Cheshunt, EN7 6QD",28,Park Lane,,,Cheshunt,EN7 6QD
100378,Chester Golf Club,"Curzon Park, Chester, CH4 8AR",28,Curzon Park,,,Chester,CH4 8AR
100380,Chester-Le-Street Golf Club,"Lumley Park, Chester-le-Street, DH3 4NS",28,Lumley Park,,,Chester-le-Street,DH3 4NS
100379,Chesterfield Golf Club,"Matlock Road, Walton, Chesterfield, S42 7LA",28,Matlock Road,Walton,,Chesterfield,S42 7LA
100381,Chesterton Valley Golf Club,"Chesterton, Bridgnorth, WV15 5NX",28,Chesterton,,,Bridgnorth,WV15 5NX
100382,Chestfield Golf Club,"103 Chestfield Road, Chestfield, Whitstable, CT5 3LU",28,103 Chestfield Road,Chestfield,,Whitstable,CT5 3LU
100383,Chevin Golf Club,"Golf Lane, Duffield, DE56 4EE",28,Golf Lane,,,Duffield,DE56 4EE
100384,Chichester Golf Club,"Hunston Village, Chichester, PO20 1AX",28,Hunston Village,,,Chichester,PO20 1AX
100386,Chigwell Golf Club,"Clubhouse, 156 High Road, Chigwell, IG7 5BH",28,Clubhouse,156 High Road,,Chigwell,IG7 5BH
100388,Childwall Golf Club,"Naylors Road, Gateacre, Liverpool, L27 2YA",28,Naylors Road,Gateacre,,Liverpool,L27 2YA
100387,Childwall Artisans Golf Club,"Naylors Road, Gateacre, Liverpool, L27 2YA",28,Naylors Road,Gateacre,,Liverpool,L27 2YA
100389,Chiltern Forest Golf Club,"Aston Hill, Halton, Aylesbury, HP22 5NQ",29,Aston Hill,Halton,,Aylesbury,HP22 5NQ
100390,Chilwell Manor Golf Club,"CHILWELL MANOR GOLF CLUB, MEADOW LANE, CHILWELL, NOTTINGHAM, NG9 5AE",29,CHILWELL MANOR GOLF CLUB,MEADOW LANE,CHILWELL,NOTTINGHAM,NG9 5AE
100391,Chilworth Golf Club,"Chilworth Old Village, Chilworth, Nursling and Rownhams, Southampton, SO16 7JP",29,Chilworth Old Village,"Chilworth, Nursling and Rownhams",,Southampton,SO16 7JP
100392,China Fleet Country Club,"Saltash, Saltash, PL12 6LJ",29,Saltash,,,Saltash,PL12 6LJ
100394,Chippenham Golf Club,"The Club House, Malmesbury Road, Chippenham, SN15 5LT",29,The Club House,Malmesbury Road,,Chippenham,SN15 5LT
100396,Chipping Sodbury Golf Club,"Trinity Lane, Chipping Sodbury, Bristol, BS37 6PU",29,Trinity Lane,Chipping Sodbury,,Bristol,BS37 6PU
100398,Chipstead Golf Club,"How Lane, Chipstead, CR5 3LN",29,How Lane,,,Chipstead,CR5 3LN
100399,Chislehurst Golf Club,"Camden Park Road, Chislehurst, BR7 5HJ",29,Camden Park Road,,,Chislehurst,BR7 5HJ
100400,Chobham Golf Club,"Chobham Road, Knaphill, Woking, GU21 2TZ",29,Chobham Road,Knaphill,,Woking,GU21 2TZ
100401,Chorley Golf Club,"Hall o'th'Hill, Heath Charnock, Chorley, PR6 9HX",29,Hall o'th'Hill,Heath Charnock,,Chorley,PR6 9HX
100402,Chorleywood Golf Club,"Common Road, Chorleywood, WD3 5LN",29,Common Road,,,Chorleywood,WD3 5LN
100403,Chorlton Cum Hardy Golf Club,"Barlow Hall, Barlow Hall Road, Manchester, M21 7JJ",29,Barlow Hall,Barlow Hall Road,,Manchester,M21 7JJ
100405,Church Stretton Golf Club,"Hunters Moon, Trevor Hill, Church Stretton, SY6 6JH",30,Hunters Moon,Trevor Hill,,Church Stretton,SY6 6JH
100406,Churchill & Blakedown Golf Club,"Churchill Lane, Blakedown, Kidderminster, DY10 3NB",30,Churchill Lane,Blakedown,,Kidderminster,DY10 3NB
100407,Churston Golf Club,"Dartmouth Road, Galmpton, Brixham, TQ5 0LA",30,Dartmouth Road,Galmpton,,Brixham,TQ5 0LA
100408,Cirencester Golf Club,"Cheltenham Road, Bagendon, Cirencester, GL7 7BH",30,Cheltenham Road,Bagendon,,Cirencester,GL7 7BH
100410,City Of Newcastle Golf Club,"Three Mile Bridge, Gosforth, Newcastle upon Tyne, NE3 2DR",30,Three Mile Bridge,Gosforth,,Newcastle upon Tyne,NE3 2DR
101790,City Of Wakefield Golf Club,"Gaskill Pavilion, Horbury Road, Wakefield, WF2 8QS",30,Gaskill Pavilion,Horbury Road,,Wakefield,WF2 8QS
100411,Clacton-On-Sea Golf Club,"West Road, Clacton-on-Sea, CO15 1AJ",30,West Road,,,Clacton-on-Sea,CO15 1AJ
102101,Clandon Golf,"Epsom Road, Guildford, GU4 7AA",30,Epsom Road,,,Guildford,GU4 7AA
100412,Clandon Regis Golf Club,"Epsom Road, West Clandon, GU4 7TT",30,Epsom Road,,,West Clandon,GU4 7TT
100413,Clayton Golf Club,"Thornton View Road, Clayton, Bradford, BD14 6JX",30,Thornton View Road,Clayton,,Bradford,BD14 6JX
100414,Cleckheaton Golf Club,"483 Bradford Road, Cleckheaton, BD19 6BU",30,483 Bradford Road,,,Cleckheaton,BD19 6BU
100415,Cleethorpes Golf Club,"Golf House, Kings Road, Cleethorpes, DN35 0PN",30,Golf House,Kings Road,,Cleethorpes,DN35 0PN
100416,Cleeve Hill Golf Club,"Wickfield Lane, Cleeve Hill, Cheltenham, GL52 3PW",31,Wickfield Lane,Cleeve Hill,,Cheltenham,GL52 3PW
100417,Cleobury Mortimer Golf Club,"Wyre Common, Cleobury Mortimer, Kidderminster, DY14 8HQ",31,Wyre Common,Cleobury Mortimer,,Kidderminster,DY14 8HQ
100418,Clevedon Golf Club,"Castle Road, Walton St Mary, Clevedon, BS21 7AA",31,Castle Road,Walton St Mary,,Clevedon,BS21 7AA
100419,Cleveland Golf Club,"Majuba Road, Redcar, TS10 1BD",31,Majuba Road,,,Redcar,TS10 1BD
100420,Clitheroe Golf Club,"Whalley Road, Pendleton, Clitheroe, BB7 1PP",31,Whalley Road,Pendleton,,Clitheroe,BB7 1PP
100421,Close House Golf Club,"Heddon on the Wall, Newcastle upon Tyne, NE15 0HT",31,Heddon on the Wall,,,Newcastle upon Tyne,NE15 0HT
102627,Club Champion Golf - Basingstoke,"Unit 7 Vickers Business Centre, Priestly Road, Basingstoke, RG24 9NP",31,Unit 7 Vickers Business Centre,Priestly Road,,Basingstoke,RG24 9NP
102628,Club Champion Golf - Crawley,"Platinum House, Sussex Business Park, Gatwick Road, Crawley, RH10 9NH",31,Platinum House,Sussex Business Park,Gatwick Road,Crawley,RH10 9NH
102645,Club Rhs Golf,"Royal Hospital School, Holbrook, Ipswich, IP9 2RT",31,Royal Hospital School,Holbrook,,Ipswich,IP9 2RT
100424,Cobtree Manor Golf Club,"Chatham Road, Maidstone, ME14 3AZ",31,Chatham Road,,,Maidstone,ME14 3AZ
102630,Cocken Lodge Golf Course,"Cocken Lodge Golf Course, Leamside, Houghton le Spring, DH4 6QP",31,Cocken Lodge Golf Course,Leamside,,Houghton le Spring,DH4 6QP
100425,Cockermouth Golf Club,"Embleton, Cockermouth, CA13 9SG",31,Embleton,,,Cockermouth,CA13 9SG
100426,Cocks Moors Golf Club,"Alcester Road South, Kings Heath, Birmingham, B14 6ER",32,Alcester Road South,Kings Heath,,Birmingham,B14 6ER
100428,Colchester Golf Club,"21 Braiswick, Colchester, CO4 5AU",32,21 Braiswick,,,Colchester,CO4 5AU
100429,Cold Ashby Golf Centre,"Stanford Road, Cold Ashby, Northampton, NN6 6EP",32,Stanford Road,Cold Ashby,,Northampton,NN6 6EP
100430,College Pines Golf Club,"Worksop College Drive, Worksop, S80 3AL",32,Worksop College Drive,,,Worksop,S80 3AL
100431,Collingtree Park Golf Club,"Windingbrook Lane, Collingtree Park, Northampton, NN4 0XN",32,Windingbrook Lane,Collingtree Park,,Northampton,NN4 0XN
100432,Colmworth & North Beds Golf Club,"New Road, Colmworth, Bedford, MK44 2AP",32,New Road,Colmworth,,Bedford,MK44 2AP
100433,Colne Golf Club,"Law Farm, Skipton Road, Colne, BB8 7EB",32,Law Farm,Skipton Road,,Colne,BB8 7EB
100434,Colne Valley Golf Club,"Station Road, Earls Colne, Colchester, CO6 2LT",32,Station Road,Earls Colne,,Colchester,CO6 2LT
101159,Comis At Mount Murray Golf Club,"Mount Murray Road, Santon, IM4 2HT",32,Mount Murray Road,,,Santon,IM4 2HT
100436,Concord Park Golf Club,"Shiregreen Lane, Sheffield, S5 6AE",32,Shiregreen Lane,,,Sheffield,S5 6AE
100437,Congleton Golf Club,"Biddulph Road, Congleton, CW12 3LZ",32,Biddulph Road,,,Congleton,CW12 3LZ
100438,Consett & District Golf Club,"Elmfield Road, Consett, DH8 5NN",32,Elmfield Road,,,Consett,DH8 5NN
100439,Cooden Beach Golf Club,"Cooden Sea Road, Bexhill on Sea, TN39 4TR",33,Cooden Sea Road,,,Bexhill on Sea,TN39 4TR
100440,Cookridge Hall Golf Club,"Cookridge Lane, Leeds, LS16 7NL",33,Cookridge Lane,,,Leeds,LS16 7NL
100441,Coombe Hill Golf Club,"Golf Club Drive, Off Coombe Lane West, Kingston upon Thames, KT2 7DF",33,Golf Club Drive,Off Coombe Lane West,,Kingston upon Thames,KT2 7DF
100442,Coombe Wood Golf Club,"George Road, Kingston Hill, Kingston upon Thames, KT2 7NS",33,George Road,Kingston Hill,,Kingston upon Thames,KT2 7NS
100443,Copsewood Grange Golf Club,"The Pavillion, Allard Way, Coventry, CV3 1JP",33,The Pavillion,Allard Way,,Coventry,CV3 1JP
100444,Copt Heath Golf Club,"1220 Warwick Road, Knowle, Solihull, B93 9LN",33,1220 Warwick Road,Knowle,,Solihull,B93 9LN
100445,Copthorne Golf Club,"Borers Arms Road, Copthorne and Worth, Crawley, RH10 3LL",33,Borers Arms Road,Copthorne and Worth,,Crawley,RH10 3LL
100446,Copthorne Village Artisans Golf Club,"Borers Arms Road, Copthorne and Worth, Crawley, RH10 3LL",33,Borers Arms Road,Copthorne and Worth,,Crawley,RH10 3LL
100447,Corhampton Golf Club,"Shepherds Farm Lane, Corhampton, Southampton, SO32 3GZ",33,Shepherds Farm Lane,Corhampton,,Southampton,SO32 3GZ
100623,Corinthian Golf Club,"Valley Road, Fawkham, Longfield, DA3 8LY",33,Valley Road,Fawkham,,Longfield,DA3 8LY
100448,Cosby Golf Club,"Chapel Lane, Off Broughton Road, Cosby, Leicester, LE9 1RG",33,Chapel Lane,Off Broughton Road,Cosby,Leicester,LE9 1RG
100451,Cotswold Edge Golf Club,"Upper Rushmire, Bowcott, Wotton-under-Edge, GL12 7PT",33,Upper Rushmire,Bowcott,,Wotton-under-Edge,GL12 7PT
100452,Cotswold Hills Golf Club,"Cotswold Hills, Ullenwood, Cheltenham, GL53 9QT",34,Cotswold Hills,Ullenwood,,Cheltenham,GL53 9QT
100395,Cotswolds Club,"Southcombe, Chipping Norton, OX7 5QH",34,Southcombe,,,Chipping Norton,OX7 5QH
100453,Cottesmore Golf & Country Club,"Buchan Hill, Pease Pottage, Crawley, RH11 9AT",34,Buchan Hill,Pease Pottage,,Crawley,RH11 9AT
100454,Cottingham Parks Golf & Leisure Club,"Woodhill Way, Cottingham, HU16 5SW",34,Woodhill Way,,,Cottingham,HU16 5SW
100456,Coulsdon Court Golf Club,"Coulsdon Court Road, Coulsdon, CR5 2LL",34,Coulsdon Court Road,,,Coulsdon,CR5 2LL
100455,Coulsdon Court Artisans Golf Club,"Coulsdon Court Road, Coulsdon, Croydon, CR5 2LL",34,Coulsdon Court Road,Coulsdon,,Croydon,CR5 2LL
102069,Coulsdon Court Ladies Golf Club,"Coulsdon Court Road, Coulsdon, Croydon, CR5 2LL",34,Coulsdon Court Road,Coulsdon,,Croydon,CR5 2LL
102085,Coulsdon Court Veterans Golf Club,"Coulsdon Court Road, Coulsdon, Croydon, CR5 2LL",34,Coulsdon Court Road,Coulsdon,,Croydon,CR5 2LL
100458,Coventry Golf Club,"St Martins Road, Finham, Coventry, CV3 6RJ",34,St Martins Road,Finham,,Coventry,CV3 6RJ
100459,Coventry Hearsall Golf Club,"33 Beechwood Avenue, Earlsdon, Coventry, CV5 6DF",34,33 Beechwood Avenue,Earlsdon,,Coventry,CV5 6DF
100460,Cowdray Park Golf Club,"Cowdray Park, Midhurst, GU29 0BB",34,Cowdray Park,,,Midhurst,GU29 0BB
100461,Cowes Golf Club,"Crossfield Avenue, Cowes, PO31 8HN",34,Crossfield Avenue,,,Cowes,PO31 8HN
100462,Coxmoor Golf Club,"Coxmoor Road, Sutton-in-Ashfield, NG17 5LF",35,Coxmoor Road,,,Sutton-in-Ashfield,NG17 5LF
100463,Crane Valley Golf Club,"The Clubhouse, Verwood, Wimborne, BH31 7LH",35,The Clubhouse,Verwood,,Wimborne,BH31 7LH
102665,Cranham Golf Course,"St Marys Lane, Upminster, RM143NU",35,St Marys Lane,,,Upminster,RM143NU
100464,Cranleigh Golf & Country Club,"Barhatch Lane, Cranleigh, GU6 7NG",35,Barhatch Lane,,,Cranleigh,GU6 7NG
100467,Crewe Golf Club,"Fields Road, Haslington, Crewe, CW1 5TB",35,Fields Road,Haslington,,Crewe,CW1 5TB
100468,Crews Hill Golf Club,"Cattlegate Road, Enfield, EN2 8AZ",35,Cattlegate Road,,,Enfield,EN2 8AZ
101929,Cricket St Thomas Golf Club,"A30, Nr Chard, TA20 4DG",35,A30,,,Nr Chard,TA20 4DG
100470,Croham Hurst Golf Club,"The Clubhouse, Croham Road, South Croydon, CR2 7HJ",35,The Clubhouse,Croham Road,,South Croydon,CR2 7HJ
100471,Crompton & Royton Golf Club,"High Barn, Royton, Oldham, OL2 6RW",35,High Barn,Royton,,Oldham,OL2 6RW
100473,Crondon Park Golf & Country Club,"Crondon Park, Stock Road, Stock, CM4 9DP",35,Crondon Park,Stock Road,,Stock,CM4 9DP
100474,Crook Golf Club,"Low Jobs Hill, Crook, DL15 9AA",35,Low Jobs Hill,,,Crook,DL15 9AA
100475,Crookhill Park Golf Club,"Carr Lane, Conisbrough, Doncaster, DN12 2AH",35,Carr Lane,Conisbrough,,Doncaster,DN12 2AH
100476,Crosland Heath Golf Club,"Felks Stile Road, Crosland Hill, Huddersfield, HD4 7AF",36,Felks Stile Road,Crosland Hill,,Huddersfield,HD4 7AF
100477,Crow Nest Park Golf Club,"Coach Road, Hove Edge, Brighouse, HD6 2LN",36,Coach Road,Hove Edge,,Brighouse,HD6 2LN
100478,Crowborough Beacon Golf Club,"Beacon Road, Crowborough, TN6 1UJ",36,Beacon Road,,,Crowborough,TN6 1UJ
100479,Crowlands Heath Golf Club,"Crowlands Golf Centre, Wood Lane, Dagenham, RM8 1JX",36,Crowlands Golf Centre,Wood Lane,,Dagenham,RM8 1JX
100480,Cuckfield Golf Centre,"Staplefield Road, Cuckfield, RH17 5HY",36,Staplefield Road,,,Cuckfield,RH17 5HY
100481,Cuddington Golf Club,"Banstead Road, Banstead, SM7 1RD",36,Banstead Road,,,Banstead,SM7 1RD
100483,Cumberwell Park Golf Club,"Cumberwell, Bradford-on-Avon, BA15 2PQ",36,Cumberwell,,,Bradford-on-Avon,BA15 2PQ
100484,Dainton Park Golf Club,"Totnes Road, Ipplepen, Newton Abbot, TQ12 5TN",36,Totnes Road,Ipplepen,,Newton Abbot,TQ12 5TN
100485,Dale Hill Hotel & Golf Club,"Ticehurst, nr Wadhurst, TN5 7DQ",36,Ticehurst,,,nr Wadhurst,TN5 7DQ
102025,Darenth Valley Golf Course Ltd,,36,,,,,
100486,Darlington Golf Club,"Haughton Grange, Darlington, DL1 3JD",36,Haughton Grange,,,Darlington,DL1 3JD
100487,Darnford Moors Golf Club,"Darnford Lane, Lichfield, WS14 9JG",36,Darnford Lane,,,Lichfield,WS14 9JG
101127,Darrington Golf Club,"Havercroft Lane, Darrington, Pontefract, WF8 3BP",37,Havercroft Lane,Darrington,,Pontefract,WF8 3BP
100488,Dartford Golf Club,"Heath Lane (Upper), Dartford, DA1 2TN",37,Heath Lane (Upper),,,Dartford,DA1 2TN
100490,Dartmouth Golf Club,"Vale Street, West Bromwich Central, West Bromwich, B71 4DW",37,Vale Street,West Bromwich Central,,West Bromwich,B71 4DW
100489,Dartmouth Hotel Golf & Spa,"Best Western The Dartmouth Hotel, Golf and Spa, Blackawton, Totnes, Dartmouth, TQ9 7DE",37,"Best Western The Dartmouth Hotel, Golf and Spa",Blackawton,Totnes,Dartmouth,TQ9 7DE
100491,Darwen Golf Club,"Duddon Avenue, Darwen, BB3 0LB",37,Duddon Avenue,,,Darwen,BB3 0LB
100492,Datchet Golf Club,"Buccleuch Road, Datchet, Windsor, SL3 9BP",37,Buccleuch Road,Datchet,,Windsor,SL3 9BP
100493,Davenport Golf Club,"Middlewood Road, Poynton, SK12 1TS",37,Middlewood Road,,,Poynton,SK12 1TS
100494,Daventry & District Golf Club,"Norton Road, Daventry, NN11 2LS",37,Norton Road,,,Daventry,NN11 2LS
100040,David Lloyd Club Hampton,"Staines Road, Twickenham, TW2 5JD",37,Staines Road,,,Twickenham,TW2 5JD
100495,Davyhulme Park Golf Club,"Gleneagles Road, Davyhulme, Manchester, M41 8SA",37,Gleneagles Road,Davyhulme,,Manchester,M41 8SA
100499,Dean Wood Golf Club,"Lafford Lane, Up Holland, WN8 0QZ",37,Lafford Lane,,,Up Holland,WN8 0QZ
100500,Deane Golf Club,"Broadford Road, Bolton, BL3 4NS",37,Broadford Road,,,Bolton,BL3 4NS
100502,Deanwood Park Golf Club,"Stockcross, Newbury, RG20 8JP",38,Stockcross,,,Newbury,RG20 8JP
100504,Delamere Forest Golf Club,"Station Road, Delamere, Northwich, CW8 2JE",38,Station Road,Delamere,,Northwich,CW8 2JE
100505,Delapre Golf Centre,"Eagle Drive, Nene Valley Way, Northampton, NN4 7DU",38,Eagle Drive,Nene Valley Way,,Northampton,NN4 7DU
100507,Denham Golf Club,"Tilehouse Lane, Denham, Uxbridge, UB9 5DE",38,Tilehouse Lane,Denham,,Uxbridge,UB9 5DE
100506,Denham Artisans Golf Club,"Tilehouse Lane, Denham, Uxbridge, UB9 5DE",38,Tilehouse Lane,Denham,,Uxbridge,UB9 5DE
100508,Denstone College,"College Road, Churnet, Uttoxeter, ST14 5HN",38,College Road,Churnet,,Uttoxeter,ST14 5HN
100509,Denton Golf Club,"Manchester Road, Denton, Manchester, M34 2GG",38,Manchester Road,Denton,,Manchester,M34 2GG
102057,Denver Golf Club,"Sluice Road, Denver, Downham Market, PE38 0EG",38,Sluice Road,Denver,,Downham Market,PE38 0EG
100510,Derby Golf Club,"Wilmore Road, Sinfin, Derby, DE24 9HD",38,Wilmore Road,Sinfin,,Derby,DE24 9HD
100511,Dereham Golf Club,"Quebec Road, Dereham, NR19 2DS",38,Quebec Road,,,Dereham,NR19 2DS
100513,Dewsbury District Golf Club,"The Pinnacle, Sands Lane, Mirfield, WF14 8HJ",38,The Pinnacle,Sands Lane,,Mirfield,WF14 8HJ
100514,Didsbury Golf Club,"Ford Lane, Northenden, Manchester, M22 4NQ",38,Ford Lane,Northenden,,Manchester,M22 4NQ
100517,Disley Golf Club,"Stanley Hall Lane, Disley, SK12 2JX",39,Stanley Hall Lane,,,Disley,SK12 2JX
100518,Diss Golf Club,"Stuston Common, Diss, IP21 4AA",39,Stuston Common,,,Diss,IP21 4AA
100519,Doncaster Golf Club,"278 Bawtry Road, Bessacarr, Doncaster, DN4 7PD",39,278 Bawtry Road,Bessacarr,,Doncaster,DN4 7PD
100520,Doncaster Town Moor Golf Club,"Bawtry Road, Belle Vue, Doncaster, DN4 5HU",39,Bawtry Road,Belle Vue,,Doncaster,DN4 5HU
100521,Donnington Grove Hotel & Country Club,"Grove Road, Speen, Newbury, RG14 2LA",39,Grove Road,Speen,,Newbury,RG14 2LA
100522,Donnington Valley Golf Club,"Old Oxford Road, Donnington, Newbury, RG14 3AG",39,Old Oxford Road,Donnington,,Newbury,RG14 3AG
100523,Dore & Totley Golf Club,"Bradway Road, Sheffield, S17 4QR",39,Bradway Road,,,Sheffield,S17 4QR
100524,Dorking Golf Club,"Chart Park, Deepdene Ave, Dorking, RH5 4BX",39,Chart Park,Deepdene Ave,,Dorking,RH5 4BX
100525,Dorset Golf & Country Club,"Hyde, Bere Regis, Wareham, BH20 7NT",39,Hyde,Bere Regis,,Wareham,BH20 7NT
100526,Douglas Golf Club,"Pulrose Road, Douglas, IM2 1AE",39,Pulrose Road,,,Douglas,IM2 1AE
100527,Douglas Valley Golf Club,"A6 Blackrod By Pass, Blackrod, Bolton, BL6 5HX",39,A6 Blackrod By Pass,Blackrod,,Bolton,BL6 5HX
100528,Downes Crediton Golf Club,"Hookway, Crediton, EX17 3PT",39,Hookway,,,Crediton,EX17 3PT
100531,Drax Golf Club,"Main Road, Drax, Selby, YO8 8PJ",40,Main Road,Drax,,Selby,YO8 8PJ
100532,Drayton Park Golf Club,"Centenary Drive, Drayton Park, Tamworth, B78 3TN",40,Centenary Drive,Drayton Park,,Tamworth,B78 3TN
100533,Drayton Park Golf Club,"Steventon Road, Drayton, Abingdon, OX14 4LA",40,Steventon Road,Drayton,,Abingdon,OX14 4LA
100534,Driffield Golf Club,"Sunderlandwick, Driffield, YO25 9AD",40,Sunderlandwick,,,Driffield,YO25 9AD
100535,Drift Golf Club,"The Drift, East Horsley, KT24 5HD",40,The Drift,,,East Horsley,KT24 5HD
102656,Drive In Golf,"Unit 8 Merlin Park, Osmaston Road, Derby, DE24 8AP",40,Unit 8 Merlin Park,Osmaston Road,,Derby,DE24 8AP
100536,Droitwich Golf Club,"Westford House, Ford Lane, Droitwich, WR9 0BQ",40,Westford House,Ford Lane,,Droitwich,WR9 0BQ
100537,Druids Heath Golf Club,"Stonnall Road, Aldridge, Walsall, WS9 8JZ",40,Stonnall Road,Aldridge,,Walsall,WS9 8JZ
100539,Dudley Golf Club,"Turner's Hill, Rowley Regis, B65 9DP",40,Turner's Hill,,,Rowley Regis,B65 9DP
102611,"Dukes Meadows Golf, Tennis & Ski","Dan Mason Drive, London, W4 2SH",40,Dan Mason Drive,,,London,W4 2SH
100541,Dukinfield Golf Club,"Lyne Edge, Yew Tree Lane, Dukinfield, SK16 5GF",40,Lyne Edge,Yew Tree Lane,,Dukinfield,SK16 5GF
100542,Dulwich & Sydenham Hill Golf Club,"Grange Lane, College Road, Dulwich, SE21 7LH",40,Grange Lane,College Road,,Dulwich,SE21 7LH
100544,Dunham Forest Golf & Country Club,"Oldfield Lane, Altrincham, WA14 4TY",41,Oldfield Lane,,,Altrincham,WA14 4TY
100546,Dunscar Golf Club,"Longworth Lane, Bromley Cross, Bolton, BL7 9QY",41,Longworth Lane,Bromley Cross,,Bolton,BL7 9QY
100547,Dunstable Downs Golf Club,"Whipsnade Road, Dunstable, LU6 2NB",41,Whipsnade Road,,,Dunstable,LU6 2NB
100548,Dunstanburgh Castle Golf Club,"Castle Golf Club, Alnwick, NE66 3XQ",41,Castle Golf Club,,,Alnwick,NE66 3XQ
100549,Dunston Hall Golf Club,"Ipswich Road, Norwich, NR14 8PQ",41,Ipswich Road,,,Norwich,NR14 8PQ
100551,Durham City Golf Club,"Rosebay Road, Littleburn, Langley Moor, Durham City, DH7 8HL",41,Rosebay Road,Littleburn,Langley Moor,Durham City,DH7 8HL
100553,Duxbury Park Golf Club,"Duxbury Hall Road, Chorley, PR7 4AT",41,Duxbury Hall Road,,,Chorley,PR7 4AT
100554,Dyke Golf Club,"Devil's Dyke Road, Brighton, BN1 8YJ",41,Devil's Dyke Road,,,Brighton,BN1 8YJ
100557,Dyrham Park Golf & Country Club,"Galley Lane, Barnet, EN5 4RA",41,Galley Lane,,,Barnet,EN5 4RA
100558,Eagles Golf Centre,"Eagles Golf & Tennis Centre, 39 School Road, Tilney All Saints, King's Lynn, PE34 4RS",41,Eagles Golf & Tennis Centre,39 School Road,Tilney All Saints,King's Lynn,PE34 4RS
100559,Eaglescliffe Golf Club,"Yarm Road, Eaglescliffe, Stockton-on-Tees, TS16 0DQ",41,Yarm Road,Eaglescliffe,,Stockton-on-Tees,TS16 0DQ
100560,Ealing Golf Club,"Perivale Lane, Greenford, UB6 8TS",41,Perivale Lane,,,Greenford,UB6 8TS
100561,Easingwold Golf Club,"Stillington Road, Easingwold, York, YO61 3ET",42,Stillington Road,Easingwold,,York,YO61 3ET
100563,East Berkshire Golf Club,"Ravenswood Avenue, Crowthorne, RG45 6BD",42,Ravenswood Avenue,,,Crowthorne,RG45 6BD
100564,East Bierley Golf Club,"South View Road, East Bierley, Bradford, BD4 6PP",42,South View Road,East Bierley,,Bradford,BD4 6PP
100565,East Brighton Golf Club,"Roedean Road, Brighton, BN2 5RA",42,Roedean Road,,,Brighton,BN2 5RA
100566,East Devon Golf Club,"Links Road, Budleigh Salterton, EX9 6DG",42,Links Road,,,Budleigh Salterton,EX9 6DG
100567,East Herts Golf Club,"Hamels Park, Buntingford, SG9 9NB",42,Hamels Park,,,Buntingford,SG9 9NB
100568,East Horton Golf Club,"Mortimers Lane, Fair Oak, Nr Winchester, SO50 7EA",42,Mortimers Lane,Fair Oak,,Nr Winchester,SO50 7EA
102173,East Morton Golf Club,"Carr Lane, East Morton, Keighley, BD20 5RY",42,Carr Lane,East Morton,,Keighley,BD20 5RY
100569,East Sussex National Golf Resort & Spa,"Little Horsted, Uckfield, TN22 5ES",42,Little Horsted,,,Uckfield,TN22 5ES
100570,Eastbourne Downs Golf Club,"East Dean Road, Eastbourne, BN20 8ES",42,East Dean Road,,,Eastbourne,BN20 8ES
100572,Eastham Lodge Golf Club,"Ferry Road, Eastham, Wirral, CH62 0AP",42,Ferry Road,Eastham,,Wirral,CH62 0AP
100573,Easthampstead Golf Club,"Easthampstead Park, Wokingham, RG40 3DH",42,Easthampstead Park,,,Wokingham,RG40 3DH
102012,Easthampstead Ladies Golf Club,"Easthampstead Park, Bracknell, Wokingham, RG40 3DH",43,Easthampstead Park,Bracknell,,Wokingham,RG40 3DH
100574,Eaton Golf Club - Chester,"Guy Lane, Waverton, Chester, CH3 7PH",43,Guy Lane,Waverton,,Chester,CH3 7PH
100575,Eaton Golf Club - Norwich,"Newmarket Road, Norwich, NR4 6SF",43,Newmarket Road,,,Norwich,NR4 6SF
100577,Eden Golf Club,"Crosby-on-Eden, Carlisle, CA6 4RA",43,Crosby-on-Eden,,,Carlisle,CA6 4RA
100578,Edgbaston Golf Club,"Church Road, Edgbaston, Birmingham, B15 3TB",43,Church Road,Edgbaston,,Birmingham,B15 3TB
100579,Edwalton Golf Club,"Wellin Lane, Edwalton, Nottingham, NG12 4AS",43,Wellin Lane,Edwalton,,Nottingham,NG12 4AS
100580,Effingham Golf Club,"Guildford Road, Effingham, KT24 5PZ",43,Guildford Road,,,Effingham,KT24 5PZ
100583,Elfordleigh Golf Club,"Colebrook, Plympton, Plymouth, PL7 5EB",43,Colebrook,Plympton,,Plymouth,PL7 5EB
100584,Elland Golf Club,"Hammerstone Leach Lane, Elland, HX5 0TA",43,Hammerstone Leach Lane,,,Elland,HX5 0TA
100585,Ellesborough Golf Club,"Wendover Road, Butlers Cross, Aylesbury, HP17 0TZ",43,Wendover Road,Butlers Cross,,Aylesbury,HP17 0TZ
100586,Ellesmere Golf Club,"Old Clough Lane, Worsley, Manchester, M28 7HZ",43,Old Clough Lane,Worsley,,Manchester,M28 7HZ
100587,Ellesmere Port Golf Club,"Chester Road, Little Sutton, Ellesmere Port, CH66 1QF",43,Chester Road,Little Sutton,,Ellesmere Port,CH66 1QF
102172,Elsenham Golf Club,"C/O LOUISE TURNER, 21 Hampton Road, Stansted, CM24 8FE",44,C/O LOUISE TURNER,21 Hampton Road,,Stansted,CM24 8FE
100589,Elsham Golf Club,"Barton Road, Elsham, Brigg, DN20 0LS",44,Barton Road,Elsham,,Brigg,DN20 0LS
100591,Eltham Warren Golf Club,"Bexley Road, Eltham, SE9 2PE",44,Bexley Road,,,Eltham,SE9 2PE
100592,Elton Furze Golf Club,"Bullock Road, Haddon, Peterborough, PE7 3TT",44,Bullock Road,Haddon,,Peterborough,PE7 3TT
100593,Ely City Golf Club,"107 Cambridge Road, Ely, CB7 4HX",44,107 Cambridge Road,,,Ely,CB7 4HX
100595,Enfield Golf Club,"Old Park Road South, Enfield, EN2 7DA",44,Old Park Road South,,,Enfield,EN2 7DA
100596,Enmore Park Golf Club,"Enmore Road, Enmore, Bridgwater, TA5 2AN",44,Enmore Road,Enmore,,Bridgwater,TA5 2AN
100598,Enville Golf Club,"Highgate Common, Enville, Stourbridge, DY7 5BN",44,Highgate Common,Enville,,Stourbridge,DY7 5BN
100599,Epping Golf Club,"Fluxs Lane, Epping, CM16 7NJ",44,Fluxs Lane,,,Epping,CM16 7NJ
100600,Epsom Golf Club,"The Clubhouse, Longdown Lane South, Epsom, KT17 4JR",44,The Clubhouse,Longdown Lane South,,Epsom,KT17 4JR
100601,Erewash Valley Golf Club,"Golf Club Road, Stanton by Dale, Ilkeston, DE7 4QR",44,Golf Club Road,Stanton by Dale,,Ilkeston,DE7 4QR
100602,Erlestoke Golf Club,"Erlestoke, Devizes, SN10 5UB",44,Erlestoke,,,Devizes,SN10 5UB
102141,Eskdale Golf Course,"Eskdale Golf Centre, Ravenglass, CA18 1RL",45,Eskdale Golf Centre,,,Ravenglass,CA18 1RL
100786,Essendon Country Club,"Bedwell Park, Essendon, Hatfield, AL9 6HN",45,Bedwell Park,Essendon,,Hatfield,AL9 6HN
100603,Etchinghill Golf Club,"Canterbury Road, Etchinghill, Folkestone, CT18 8FA",45,Canterbury Road,Etchinghill,,Folkestone,CT18 8FA
100604,Eton College Golf Club,"Eton College, Windsor, SL4 6DW",45,Eton College,,,Windsor,SL4 6DW
100605,Evesham Golf Club,"Craycombe Links, Fladbury Cross, Pershore, WR10 2QS",45,Craycombe Links,Fladbury Cross,,Pershore,WR10 2QS
100606,Exeter Golf & Country Club,"Topsham Road, Exeter, EX2 7AE",45,Topsham Road,,,Exeter,EX2 7AE
100607,Exminster Golf Centre,"Exminster Hill, Exminster, EX6 8GA",45,Exminster Hill,,,Exminster,EX6 8GA
100608,Fairfield Golf & Sailing Club,"Kings Road, Audenshaw, Manchester, M34 5FA",45,Kings Road,Audenshaw,,Manchester,M34 5FA
100609,Fairhaven Golf Club,"Oakwood Avenue, Lytham, FY8 4JU",45,Oakwood Avenue,,,Lytham,FY8 4JU
100612,Fakenham Golf Club,"Hempton Road, Fakenham, NR21 7NY",45,Hempton Road,,,Fakenham,NR21 7NY
100614,Falmouth Golf Club,"Swanpool Road, Falmouth, TR11 5BQ",45,Swanpool Road,,,Falmouth,TR11 5BQ
102060,Far Grange Park Golf Club,"Hornsea Road, Skipsea, Driffield, YO25 8SY",45,Hornsea Road,Skipsea,,Driffield,YO25 8SY
100616,Farleigh Golf Club,"Old Farleigh Road, Warlingham, CR6 9PE",46,Old Farleigh Road,,,Warlingham,CR6 9PE
100618,Farnham Golf Club,"Blighton Lane, The Sands, Farnham, GU10 1PX",46,Blighton Lane,The Sands,,Farnham,GU10 1PX
100617,Farnham Artisans Golf Club,"Blighton Lane, The Sands, Farnham, GU10 1PX",46,Blighton Lane,The Sands,,Farnham,GU10 1PX
100619,Farnham Park Golf Club,"Park Road, Stoke Poges, Slough, SL2 4PJ",46,Park Road,Stoke Poges,,Slough,SL2 4PJ
100622,Faversham Golf Club,"Belmont Park, Throwley Road, Faversham, ME13 0HB",46,Belmont Park,Throwley Road,,Faversham,ME13 0HB
100219,Feldon Valley Golf Club,"Sutton Lane, Lower Brailes, Banbury, OX15 5BB",46,Sutton Lane,,Lower Brailes,Banbury,OX15 5BB
100624,Felixstowe Ferry Golf Club,"Ferry Road, Felixstowe East, Felixstowe, IP11 9RY",46,Ferry Road,Felixstowe East,,Felixstowe,IP11 9RY
100625,Feltwell Golf Club,"Thor Avenue, off Wilton Road, Feltwell, Thetford, IP26 4AY",46,Thor Avenue,off Wilton Road,Feltwell,Thetford,IP26 4AY
100627,Ferndown Golf Club,"119 Golf Links Road, Ferndown, BH22 8BU",46,119 Golf Links Road,,,Ferndown,BH22 8BU
100626,Ferndown Forest Golf Club,"Forest Links Road, Ferndown, BH22 9PH",46,Forest Links Road,,,Ferndown,BH22 9PH
100629,Ferrybridge Golf Club,"Stranglands Lane, Knottingley, WF11 8PJ",46,Stranglands Lane,,,Knottingley,WF11 8PJ
100631,Filey Golf Club,"West Avenue, Filey, YO14 9BQ",46,West Avenue,,,Filey,YO14 9BQ
100632,Filton Golf Club,"Golf Course Lane, Filton, Bristol, BS34 7QS",47,Golf Course Lane,,Filton,Bristol,BS34 7QS
100633,Finchley Golf Club,"Nether Court, Frith lane, London, NW7 1PU",47,Nether Court,Frith lane,,London,NW7 1PU
102674,Five Under Golf,"Unit 42, Basepoint Business Centre, Stroudley Road, Basingstoke, RG24 8UP",47,Unit 42,Basepoint Business Centre,Stroudley Road,Basingstoke,RG24 8UP
100638,Flackwell Heath Golf Club,"Treadaway Road, Flackwell Heath, High Wycombe, HP10 9PE",47,Treadaway Road,Flackwell Heath,,High Wycombe,HP10 9PE
100639,Flamborough Head Golf Club,"Lighthouse Road, Flamborough, Bridlington, YO15 1AR",47,Lighthouse Road,Flamborough,,Bridlington,YO15 1AR
100641,Fleetlands Golf Club,"Fareham Road, Gosport, PO13 0AW",47,Fareham Road,,,Gosport,PO13 0AW
100642,Fleetwood Golf Club,"Princes Way, Fleetwood, FY7 8AF",47,Princes Way,,,Fleetwood,FY7 8AF
100644,Flempton Golf Club,"The ClubHouse, Flempton, Bury St. Edmunds, IP28 6EQ",47,The ClubHouse,Flempton,,Bury St. Edmunds,IP28 6EQ
100645,Flixton Golf Club,"Church Road, Flixton, Manchester, M41 6EP",47,Church Road,Flixton,,Manchester,M41 6EP
100646,Folke Golf Centre,"Folke Lane, Alweston, Sherborne, DT9 5HR",47,Folke Lane,Alweston,,Sherborne,DT9 5HR
100647,Forest Artisans Golf Club,"Swinley Road, Ascot, SL5 8AY",47,Swinley Road,,,Ascot,SL5 8AY
100649,Forest Hill Golf Club,"Markfield Lane, Botcheston, Leicester, LE9 9FJ",47,Markfield Lane,Botcheston,,Leicester,LE9 9FJ
100650,Forest Hills Golf Club,"Mile End Road, Coleford, GL16 7QD",48,Mile End Road,,,Coleford,GL16 7QD
101094,Forest Of Arden Hotel & Country Club,"Maxstoke Lane, Meriden, Birmingham, CV7 7HR",48,Maxstoke Lane,Meriden,,Birmingham,CV7 7HR
100651,Forest Of Dean Golf Club,"Lords Hill, Coleford, GL16 8BE",48,Lords Hill,,,Coleford,GL16 8BE
100652,Forest Of Galtres Golf Club,"Skelton Lane, Wigginton, York, YO32 2RF",48,Skelton Lane,Wigginton,,York,YO32 2RF
100653,Forest Park Golf Club,"Stockton-on-the-Forest, York, YO32 9HF",48,Stockton-on-the-Forest,,,York,YO32 9HF
100654,Forest Pines Golf Club,"Ermine Street, Broughton, Brigg, DN20 0AQ",48,Ermine Street,Broughton,,Brigg,DN20 0AQ
100656,Formby Golf Club,"Golf Road, Freshfield, Liverpool, L37 1LQ",48,Golf Road,Freshfield,,Liverpool,L37 1LQ
100655,Formby Artisans Golf Club,"Golf Road, Freshfield, Liverpool, L37 1LQ",48,Golf Road,Freshfield,,Liverpool,L37 1LQ
100657,Formby Hall Golf Resort & Spa,"Southport Old Road, Formby, Southport, L37 0AB",48,Southport Old Road,Formby,,Southport,L37 0AB
102001,Formby Ladies Golf Club,"Golf Road, Formby, Liverpool, L37 1YH",48,Golf Road,Formby,,Liverpool,L37 1YH
100658,Forrester Park Golf & Country Club,"Beckingham Road, Great Totham, Maldon, CM9 8EA",48,Beckingham Road,Great Totham,,Maldon,CM9 8EA
100659,Fosseway Golf Club,"Charlton Lane, Midsomer Norton, Radstock, BA3 4BD",48,Charlton Lane,Midsomer Norton,,Radstock,BA3 4BD
100662,Foxhills Country Club & Resort,"Stonehill Road, Ottershaw, KT16 0EL",49,Stonehill Road,,,Ottershaw,KT16 0EL
100663,Freshwater Bay Golf Club,"Afton Down, Freshwater, PO40 9TZ",49,Afton Down,,,Freshwater,PO40 9TZ
102443,Friends Of Charterhouse Golf Club,"Charterhouse School, Hurtmore Road, Godalming, GU7 2RS",49,Charterhouse School,Hurtmore Road,,Godalming,GU7 2RS
100664,Frilford Heath Golf Club,"Oxford Road, Abingdon, OX13 5NW",49,Oxford Road,,,Abingdon,OX13 5NW
102683,Fringe Golf,"2nd Floor, 1 New Era Square, Sheffield, S2 4BF",49,2nd Floor,1 New Era Square,,Sheffield,S2 4BF
100665,Frinton Links Golf Club,"1 Esplanade, Frinton-on-Sea, CO13 9EP",49,1 Esplanade,,,Frinton-on-Sea,CO13 9EP
100668,Fulford Golf Club,"Heslington Lane, York, YO10 5DY",49,Heslington Lane,,,York,YO10 5DY
100669,Fulford Heath Golf Club,"Tanners Green Lane, Wythall, Birmingham, B47 6BH",49,Tanners Green Lane,Wythall,,Birmingham,B47 6BH
100670,Fulneck Golf Club,"Fulneck, Pudsey, LS28 8NT",49,Fulneck,,,Pudsey,LS28 8NT
100671,Fulwell Golf Club,"Wellington Road, Hampton Hill, TW12 1JY",49,Wellington Road,,,Hampton Hill,TW12 1JY
100672,Furness Golf Club,"Central Drive, Walney Island, Barrow-in-Furness, LA14 3LN",49,Central Drive,Walney Island,,Barrow-in-Furness,LA14 3LN
100674,Fynn Valley Golf Club,"Witnesham, Ipswich, IP6 9JA",49,Witnesham,,,Ipswich,IP6 9JA
100676,Ganstead Park Golf Club,"Longdales Lane, Coniston, Hull, HU11 4LB",50,Longdales Lane,Coniston,,Hull,HU11 4LB
100677,Ganton Golf Club,"Ganton, Nr Scarborough, YO12 4PA",50,Ganton,,,Nr Scarborough,YO12 4PA
100678,Garesfield Golf Club,"Clayton Terrace Road, .., Chopwell, Newcastle upon Tyne, NE17 7AP",50,Clayton Terrace Road,..,Chopwell,Newcastle upon Tyne,NE17 7AP
100679,Garforth Golf Club,"Long Lane, Garforth, Leeds, LS25 2DS",50,Long Lane,Garforth,,Leeds,LS25 2DS
100680,Garon Park Golf Complex,"Garon Park, Eastern Avenue, Southend-on-Sea, SS2 4FA",50,Garon Park,Eastern Avenue,,Southend-on-Sea,SS2 4FA
100681,Gathurst Golf Club,"Miles Lane, Shevington, Wigan, WN6 8EW",50,Miles Lane,Shevington,,Wigan,WN6 8EW
100683,Gatton Manor Hotel & Golf Club,"Standon Lane, Ockley, Dorking, RH5 5PQ",50,Standon Lane,Ockley,,Dorking,RH5 5PQ
100684,Gaudet Luce Golf & Leisure Complex,"Middle Lane, Hadzor, Droitwich, WR9 7JR",50,Middle Lane,Hadzor,,Droitwich,WR9 7JR
100687,Gedney Hill Golf Club,"West Drove North, Gedney Hill, Spalding, PE12 0NT",50,West Drove North,Gedney Hill,,Spalding,PE12 0NT
100688,George Washington Hotel Golf Spa,"Stone Cellar Road, High Usworth, Washington, Newcastle upon Tyne, NE37 1PH",50,Stone Cellar Road,High Usworth,Washington,Newcastle upon Tyne,NE37 1PH
100690,Gerrards Cross Golf Club,"Chalfont Park, Gerrards Cross, SL9 0QA",50,Chalfont Park,,,Gerrards Cross,SL9 0QA
100691,Ghyll Golf Club,"Ghyll Brow, Skipton Road, Barnoldswick, BB18 6JH",50,Ghyll Brow,Skipton Road,,Barnoldswick,BB18 6JH
100042,Gilling Castle Golf Club,"Holly Tree House, Oswaldkirk, York, YO62 5XY",51,Holly Tree House,Oswaldkirk,,York,YO62 5XY
100692,Gillingham Golf Club,"Woodlands Road, Gillingham, ME7 2AP",51,Woodlands Road,,,Gillingham,ME7 2AP
102203,Gillyflower Golf,"Cott Road, Lostwithiel, PL22 0HQ",51,Cott Road,,,Lostwithiel,PL22 0HQ
100693,Girton Golf Club,"Dodford Lane, Girton, Cambridge, CB3 0QE",51,Dodford Lane,Girton,,Cambridge,CB3 0QE
100694,Glen Gorse Golf Club,"Glen Road, Oadby, Leicester, LE2 4RF",51,Glen Road,Oadby,,Leicester,LE2 4RF
100695,Glossop & District Golf Club,"Sheffield Road, Glossop, SK13 7PU",51,Sheffield Road,,,Glossop,SK13 7PU
101705,Gloucester Golf Club,"Matson Lane, Robinswood Hill, Gloucester, GL4 6DX",51,Matson Lane,Robinswood Hill,,Gloucester,GL4 6DX
102677,Golf @ Woodhouse Grove,"Woodhouse Grove School, Apperley Bridge, Bradford, BD10 0NR",51,Woodhouse Grove School,Apperley Bridge,,Bradford,BD10 0NR
100699,Golf At Goodwood,"The Academy, New Barn Hill, Chichester, PO18 0QB",51,The Academy,New Barn Hill,,Chichester,PO18 0QB
102682,Golf Gear Goods,"19 Lancaster Fields, Crewe, CW1 6FF",51,19 Lancaster Fields,,,Crewe,CW1 6FF
102566,Golf Haven,"Boardsides, Boston, PE21 7NY",51,Boardsides,,,Boston,PE21 7NY
102626,Golf.One,"140 The Broadway, Southend on Sea, SS1 3ES",51,140 The Broadway,,,Southend on Sea,SS1 3ES
102679,Golfqube,"Unit P3 Kingsditch Retail Park, Tewkesbury Road, Cheltenham, GL51 9PX",52,Unit P3 Kingsditch Retail Park,Tewkesbury Road,,Cheltenham,GL51 9PX
100700,Goring & Streatley Golf Club,"Rectory Road, Streatley-on-Thames, Reading, RG8 9QA",52,Rectory Road,Streatley-on-Thames,,Reading,RG8 9QA
100701,Gorleston Golf Club,"Warren Road, Gorleston-On-Sea, Great Yarmouth, NR31 6JT",52,Warren Road,Gorleston-On-Sea,,Great Yarmouth,NR31 6JT
100703,Gosfield Lake Golf Club,"Hall Drive, Gosfield, CO9 1SE",52,Hall Drive,,,Gosfield,CO9 1SE
100704,Gosforth Golf Club,"Broadway East, Gosforth, Newcastle upon Tyne, NE3 5ER",52,Broadway East,Gosforth,,Newcastle upon Tyne,NE3 5ER
100705,Gosport & Stokes Bay Golf Club,"Fort Road, Gosport, PO12 2AT",52,Fort Road,,,Gosport,PO12 2AT
100144,Goswick Links,"Goswick, Berwick-upon-Tweed, TD15 2RW",52,Goswick,,,Berwick-upon-Tweed,TD15 2RW
100706,Gotts Park Golf Club,"Armley Ridge Road, Leeds, LS12 2QX",52,Armley Ridge Road,,,Leeds,LS12 2QX
100707,Grand National Golf Club,"Melling Road, Aintree, Liverpool, L9 5AS",52,Melling Road,Aintree,,Liverpool,L9 5AS
100708,Grange Fell Golf Club,"Fell Road, Grange-over-Sands, LA11 6HB",52,Fell Road,,,Grange-over-Sands,LA11 6HB
100713,Grange Over Sands Golf Club,"Meathop Road, Grange-over-Sands, LA11 6QX",52,Meathop Road,,,Grange-over-Sands,LA11 6QX
100711,Grange Park Golf Club (Lancs),"Prescot Road, St Helens, WA10 3AD",52,Prescot Road,,,St Helens,WA10 3AD
100710,Grange Park Artisans Golf Club,"Prescot Road, St Helens, WA10 3AD",53,Prescot Road,,,St Helens,WA10 3AD
100716,Great Barr Golf Club,"Chapel Lane, Great Barr, Birmingham, B43 7BA",53,Chapel Lane,Great Barr,,Birmingham,B43 7BA
100718,Great Hadham Country Club,"Great Hadham Road, Much Hadham, SG10 6JE",53,Great Hadham Road,,,Much Hadham,SG10 6JE
100719,Great Harwood Golf Club,"Harwood Bar, Whalley Road, Great Harwood, BB6 7TE",53,Harwood Bar,Whalley Road,,Great Harwood,BB6 7TE
100720,Great Lever & Farnworth Golf Club,"Plodder Lane, Farnworth, Bolton, BL4 0LQ",53,Plodder Lane,Farnworth,,Bolton,BL4 0LQ
100721,Great Torrington Golf Club,"Club House, Weare Trees, Torrington, EX38 7EZ",53,Club House,Weare Trees,,Torrington,EX38 7EZ
100722,Great Yarmouth & Caister Golf Club,"Beach House, Yarmouth Road, Caister-on-Sea, NR30 5TD",53,Beach House,Yarmouth Road,,Caister-on-Sea,NR30 5TD
102598,Green Day Golf,"Green Day Cafe, Westminster Park, Hough Green, Chester, CH4 8JQ",53,Green Day Cafe,Westminster Park,Hough Green,Chester,CH4 8JQ
100723,Green Haworth Golf Club,"Green Haworth, Accrington, BB5 3SL",53,Green Haworth,,,Accrington,BB5 3SL
100724,Greenfield Golf Club,"Cat and Kittens Lane, Fordhouses, Wolverhampton, WV10 7JB",53,Cat and Kittens Lane,Fordhouses,,Wolverhampton,WV10 7JB
100725,Greenmount Golf Club,"Greenhalgh Fold Farm, Greenmount, Bury, BL8 4LH",53,Greenhalgh Fold Farm,Greenmount,,Bury,BL8 4LH
102680,Greenside Golf,"Unit 2 ab, Graduation Centre, Progress Drive, Cannock, WS11 0JF",53,"Unit 2 ab, Graduation Centre",Progress Drive,,Cannock,WS11 0JF
100726,Greenway Hall Golf Club,"Stanley Road, Stockton Brook, Stoke-on-Trent, ST9 9LJ",54,Stanley Road,Stockton Brook,,Stoke-on-Trent,ST9 9LJ
100727,Greetham Valley Golf Club,"Wood Lane, Greetham, Oakham, LE15 7SN",54,Wood Lane,Greetham,,Oakham,LE15 7SN
100729,Grims Dyke Golf Club,"Oxhey Lane, Harrow Weald, Pinner, HA5 4AL",54,Oxhey Lane,Harrow Weald,,Pinner,HA5 4AL
100731,Grimsby Golf Club,"Little Coates Road, Grimsby, DN34 4LU",54,Little Coates Road,,,Grimsby,DN34 4LU
100732,Grove Golf Centre,"Ford Bridge, Leominster, HR6 0LE",54,Ford Bridge,,,Leominster,HR6 0LE
100734,Guildford Golf Club,"Grove Road, Merrow, Guildford, GU1 2HL",54,Grove Road,Merrow,,Guildford,GU1 2HL
100736,Hadden Hill Golf Club,"Wallingford Road, Didcot, OX11 9BJ",54,Wallingford Road,,,Didcot,OX11 9BJ
100738,Hadley Wood Golf Club,"42-44 Beech Hill, Barnet, EN4 0JJ",54,42-44 Beech Hill,,,Barnet,EN4 0JJ
100737,Hadley Wood Artisans Golf Club,"Beech Hill, Barnet, EN4 0JJ",54,Beech Hill,,,Barnet,EN4 0JJ
100739,Hagley Golf Club,"Wassell Grove Lane, Hagley, DY9 9JW",54,Wassell Grove Lane,,,Hagley,DY9 9JW
100740,Haigh Hall Golf Club,"Haigh Woodland Park, School Lane, Wigan, WN2 1PE",54,Haigh Woodland Park,School Lane,,Wigan,WN2 1PE
100741,Hainault Forest Golf Club,"Romford Road, Chigwell Row, Chigwell, IG7 4QW",54,Romford Road,Chigwell Row,,Chigwell,IG7 4QW
100742,Hainsworth Park Golf Club,"Leven Road, Brandesburton, YO25 8RT",55,Leven Road,,,Brandesburton,YO25 8RT
100743,Hale Golf Club,"Rappax Road, Hale, Cheshire, WA15 0NU",55,Rappax Road,Hale,,Cheshire,WA15 0NU
100744,Halesowen Golf Club,"The Leasowes, Halesowen, Halesowen, B62 8QF",55,The Leasowes,Halesowen,,Halesowen,B62 8QF
100745,Halesworth Golf Club,"Bramfield Road, Halesworth, IP19 9XA",55,Bramfield Road,,,Halesworth,IP19 9XA
100747,Halifax Golf Club,"Union Lane, Ogden, Halifax, HX2 8XR",55,Union Lane,Ogden,,Halifax,HX2 8XR
100746,Halifax Bradley Hall Golf Club,"Stainland Road, Holywell Green, Halifax, HX49AN",55,Stainland Road,Holywell Green,,Halifax,HX49AN
101848,Halifax West End Golf Club,"Paddock Lane, Halifax, HX2 0NT",55,Paddock Lane,,,Halifax,HX2 0NT
100748,Hallamshire Golf Club,"Sandygate, Sheffield, S10 4LA",55,Sandygate,,,Sheffield,S10 4LA
101826,Hallmark The Welcombe Golf Club,"Warwick Road, Stratford-upon-Avon, CV31 2QA",55,Warwick Road,,,Stratford-upon-Avon,CV31 2QA
100749,Hallowes Golf Club,"The Clubhouse, Hallowes Lane, Dronfield, S18 1UR",55,The Clubhouse,Hallowes Lane,,Dronfield,S18 1UR
100816,Halo Golf Club,"Holmer Road, Hereford, HR4 9UD",55,Holmer Road,,,Hereford,HR4 9UD
100751,Haltwhistle Golf Club,"Wall End Farm, Greenhead, CA8 7HN",55,Wall End Farm,,,Greenhead,CA8 7HN
102651,Halwyn,"Halwyn, Crantock Driving Range, Halwyn Road, Crantock, TR8 5TR",56,Halwyn,Crantock Driving Range,Halwyn Road,Crantock,TR8 5TR
100752,Ham Manor Golf Club,"West Drive, Angmering, Angmering, BN16 4JE",56,West Drive,Angmering,,Angmering,BN16 4JE
100754,Hampstead Golf Club,"Winnington Road, London, N2 0TU",56,Winnington Road,,,London,N2 0TU
100755,Hampton Court Palace Golf Club,"Home Park, Hampton Wick, Kingston upon Thames, KT1 4AD",56,Home Park,Hampton Wick,,Kingston upon Thames,KT1 4AD
100756,Hamptworth Golf & Country Club,"Hamptworth Road, Hamptworth, SP5 2DU",56,Hamptworth Road,,,Hamptworth,SP5 2DU
100757,Hanbury Manor Golf Club,"Hanbury Manor, Ware, Ware, SG12 0SD",56,Hanbury Manor,Ware,,Ware,SG12 0SD
100758,Handsworth Golf Club,"11 Sunningdale Close, Handsworth Wood, Birmingham, B20 1NP",56,11 Sunningdale Close,Handsworth Wood,,Birmingham,B20 1NP
100759,Hanging Heaton Golf Club,"White Cross Road, Hanging Heaton, Dewsbury, WF12 7DT",56,White Cross Road,Hanging Heaton,,Dewsbury,WF12 7DT
100760,Hankley Common Golf Club,"The Clubhouse, Tilford Road, Tilford, Farnham, GU10 2DD",56,The Clubhouse,Tilford Road,Tilford,Farnham,GU10 2DD
100761,Harborne Golf Club,"40 Tennal Road, Birmingham, B32 2JE",56,40 Tennal Road,,,Birmingham,B32 2JE
100762,Harborne Church Farm,"Vicarage Road, Harborne, Birmingham, B17 0SN",56,Vicarage Road,Harborne,,Birmingham,B17 0SN
100763,Harefield Place Golf Club,"The Drive, Uxbridge, UB10 8AQ",56,The Drive,,,Uxbridge,UB10 8AQ
100765,Harewood Downs Golf Club,"Cokes Lane, Chalfont St Giles, Amersham, HP8 4TA",57,Cokes Lane,Chalfont St Giles,,Amersham,HP8 4TA
100764,Harewood Downs Artisans Golf Club,"Cokes Lane, Chalfont St Giles, Amersham, HP8 4TA",57,Cokes Lane,Chalfont St Giles,,Amersham,HP8 4TA
100766,Harleyford Golf Club,"Harleyford Estate, Henley Road, Marlow, SL7 2SP",57,Harleyford Estate,Henley Road,,Marlow,SL7 2SP
100768,Harpenden Golf Club,"Hammonds End, Redbourn Lane, Harpenden, AL5 2AX",57,Hammonds End,Redbourn Lane,,Harpenden,AL5 2AX
100767,Harpenden Common Golf Club,"Cravells Road, East Common, Harpenden, AL5 1BL",57,Cravells Road,East Common,,Harpenden,AL5 1BL
100769,Harrogate Golf Club,"Forest Lane Head, Harrogate, HG2 7TF",57,Forest Lane Head,,,Harrogate,HG2 7TF
100770,Harrow School Golf Club,"5 High Street, Harrow on the Hill, HA1 3HP",57,5 High Street,,,Harrow on the Hill,HA1 3HP
100771,Hart Common Golf Club,"Wigan Road, Westhoughton, Bolton, BL5 2BX",57,Wigan Road,Westhoughton,,Bolton,BL5 2BX
100772,Hartford Golf Club,"Burrows Hill, Hartford, CW8 3AP",57,Burrows Hill,,,Hartford,CW8 3AP
100774,Hartlepool Golf Club,"Hart Warren, Hartlepool, TS24 9QF",57,Hart Warren,,,Hartlepool,TS24 9QF
100775,Hartley Wintney Golf Club,"Park Corner Road, London Road, Hook, RG27 8PT",57,Park Corner Road,London Road,,Hook,RG27 8PT
100776,Hartsbourne Artisans Golf Club,"Hartsbourne Avenue, Bushey Heath, Bushey Heath, WD23 1JW",57,Hartsbourne Avenue,Bushey Heath,,Bushey Heath,WD23 1JW
100777,Hartsbourne Country Club,"Hartsbourne Avenue, Bushey Heath, Bushey Heath, WD23 1JW",58,Hartsbourne Avenue,Bushey Heath,,Bushey Heath,WD23 1JW
100778,Hartswood Golf Club,"2 The Pavillion, King George Playing Fields, Ingrave Road, Brentwood, CM14 5AE",58,2 The Pavillion,King George Playing Fields,Ingrave Road,Brentwood,CM14 5AE
100779,Harwich & Dovercourt Golf Club,"Station Road, Parkeston, Harwich, CO12 4NZ",58,Station Road,Parkeston,,Harwich,CO12 4NZ
100780,Harwood Golf Club,"Roading Brook Road, Bolton, BL2 4JD",58,Roading Brook Road,,,Bolton,BL2 4JD
100782,Haste Hill Golf Club,"The Drive, Northwood, Northwood, HA6 1HN",58,The Drive,Northwood,,Northwood,HA6 1HN
102424,Hastings Adventure Golf,"Sturdee Place, Hastings Seafront, Hastings, TN34 3AJ",58,Sturdee Place,Hastings Seafront,,Hastings,TN34 3AJ
100784,Hatchford Brook Golf Club,"Coventry Road, Sheldon, Birmingham, B26 3PY",58,Coventry Road,Sheldon,,Birmingham,B26 3PY
100788,Haverhill Golf Club,"Coupals Road, Haverhill, CB9 7UW",58,Coupals Road,,,Haverhill,CB9 7UW
100791,Hawkstone Park Golf Club,"Weston Under Redcastle, Shrewsbury, SY4 5UY",58,Weston Under Redcastle,,,Shrewsbury,SY4 5UY
100792,Haydock Park Golf Club,"Golbourne Park, Newton Lane, Newton-le-willows, WA12 0HX",58,Golbourne Park,Newton Lane,,Newton-le-willows,WA12 0HX
102370,Hayle Golf,"Wheal Alfred Road, Hayle, TR27 5JT",58,Wheal Alfred Road,,,Hayle,TR27 5JT
100793,Hayling Golf Club,"Links Lane, Hayling Island, PO11 0BX",58,Links Lane,,,Hayling Island,PO11 0BX
100794,Haywards Heath Golf Club,"High Beech Lane, Haywards Heath, RH16 1SL",59,High Beech Lane,,,Haywards Heath,RH16 1SL
100795,Hazel Grove Golf Club,"The Club House, Buxton Road, Hazel Grove, Stockport, SK7 6LU",59,The Club House,Buxton Road,Hazel Grove,Stockport,SK7 6LU
100797,Hazlemere Golf Club,"Penn Road, Hazlemere South, High Wycombe, HP15 7LR",59,Penn Road,Hazlemere South,,High Wycombe,HP15 7LR
102003,Heacham Manor Golf Club,"Hunstanton Road, Heacham, Nr Hunstanton, PE31 7JX",59,Hunstanton Road,Heacham,,Nr Hunstanton,PE31 7JX
100798,Headingley Golf Club,"Back Church Lane, Adel, Leeds, LS16 8DW",59,Back Church Lane,Adel,,Leeds,LS16 8DW
100799,Headlam Hall Golf Club,"Headlam Hall, Headlam, Darlington, DL2 3HA",59,Headlam Hall,Headlam,,Darlington,DL2 3HA
100800,Headley Golf Club,"Headley Lane, Thornton, Bradford, BD13 3LX",59,Headley Lane,Thornton,,Bradford,BD13 3LX
100801,Heaton Moor Golf Club,"Mauldeth Road, Heaton Mersey, Stockport, SK4 3NX",59,Mauldeth Road,Heaton Mersey,,Stockport,SK4 3NX
100802,Heaton Park Golf Club,"Heaton Park, Middleton Road, Prestwich, Manchester, M25 2SW",59,Heaton Park,Middleton Road,Prestwich,Manchester,M25 2SW
100803,Hebden Bridge Golf Club,"Great Mount, Wadsworth, Hebden Bridge, HX7 8PH",59,Great Mount,Wadsworth,,Hebden Bridge,HX7 8PH
100804,Hedsor Golf Course,"Broad Lane, Wooburn Common, High Wycombe, HP10 0JW",59,Broad Lane,Wooburn Common,,High Wycombe,HP10 0JW
100806,Hellidon Lakes Golf Club,"Hellidon, Daventry, NN11 6GG",59,Hellidon,,,Daventry,NN11 6GG
100807,Helsby Golf Club,"Towers Lane, Helsby, Frodsham, WA6 0JB",60,Towers Lane,Helsby,,Frodsham,WA6 0JB
100810,Henbury Golf Club,"Henbury Hill, Westbury on Trym, BS10 7QB",60,Henbury Hill,,,Westbury on Trym,BS10 7QB
100811,Hendon Golf Club,"Ashley Walk, Devonshire Road, London, NW7 1DG",60,Ashley Walk,Devonshire Road,,London,NW7 1DG
100813,Henley Golf Club,"Shiplake, Henley-on-Thames, RG9 4HG",60,Shiplake,,,Henley-on-Thames,RG9 4HG
101341,Henlow Golf Club,"Henlow Camp, Henlow, SG16 6DN",60,Henlow Camp,,,Henlow,SG16 6DN
100815,Hennerton Golf Club,"Crazies Hill Road, Wargrave, Reading, RG10 8LT",60,Crazies Hill Road,Wargrave,,Reading,RG10 8LT
102099,Henstridge Sports & Leisure,"Marsh Lane, Henstridge, BA8 0TG",60,Marsh Lane,,,Henstridge,BA8 0TG
100496,Herons Reach Golf Club,"East Park Drive, Blackpool, FY3 8LL",60,East Park Drive,,,Blackpool,FY3 8LL
100819,Hersham Golf Club,"Assher Road, Hersham, KT12 4RA",60,Assher Road,,,Hersham,KT12 4RA
100822,Hesketh Golf Club,"Cockle Dick's Lane, Southport, PR9 9QQ",60,Cockle Dick's Lane,,,Southport,PR9 9QQ
100821,Hesketh Artisans Golf Club,"Cockle Dick's Lane, Southport, PR9 9QQ",60,Cockle Dick's Lane,,,Southport,PR9 9QQ
100823,Hessle Golf Club,"Westfield Road, Raywell, Cottingham, HU16 5ZA",60,Westfield Road,Raywell,,Cottingham,HU16 5ZA
100824,Heswall Golf Club,"Cottage Lane, Gayton, Wirral, CH60 8PB",61,Cottage Lane,Gayton,,Wirral,CH60 8PB
100826,Hever Castle Golf Club,"Hever Road, Edenbridge, TN8 7NP",61,Hever Road,,,Edenbridge,TN8 7NP
100828,Heworth Golf Club,"Muncaster House, Muncastergate, York, YO31 9JY",61,Muncaster House,Muncastergate,,York,YO31 9JY
100827,Heworth Golf Club,"Gingling Gate, Heworth, Gateshead, NE10 8XY",61,Gingling Gate,Heworth,,Gateshead,NE10 8XY
100829,Hexham Golf Club,"Hexham, Hexham, NE46 3RZ",61,Hexham,,,Hexham,NE46 3RZ
100830,Heydon Grange Golf & Country Club,"Heydon, Nr Royston, SG8 7NS",61,Heydon,,,Nr Royston,SG8 7NS
100831,Heyrose Golf Club,"Budworth Road, Tabley, WA16 0HZ",61,Budworth Road,,,Tabley,WA16 0HZ
100832,Heysham Golf Club,"Trumacar Park, Heysham, LA3 3JH",61,Trumacar Park,,,Heysham,LA3 3JH
102056,Heythrop Park Resort,"Heythrop Park, Enstone, Chipping Norton, OX7 5UE",61,Heythrop Park,Enstone,,Chipping Norton,OX7 5UE
100833,Hickleton Golf Club,"Lidget Lane, Hickleton, Doncaster, DN5 7BE",61,Lidget Lane,Hickleton,,Doncaster,DN5 7BE
102218,High Beech Golf Course,"Wellington Hill, Waltham Abbey High Beach, Loughton, IG10 4AH",61,Wellington Hill,Waltham Abbey High Beach,,Loughton,IG10 4AH
100834,High Elms Golf Club,"High Elms Road, Downe, Orpington, BR6 7JL",61,High Elms Road,,Downe,Orpington,BR6 7JL
101267,High Gosforth Park Golf Club,"High Gosforth Park, Newcastle-upon-Tyne, NE3 5HP",62,High Gosforth Park,,,Newcastle-upon-Tyne,NE3 5HP
100837,High Post Golf Club,"Great Durnford, Salisbury, SP4 6AT",62,Great Durnford,,,Salisbury,SP4 6AT
100840,Highcliffe Castle Golf Club,"107 Lymington Road, Christchurch, BH23 4LA",62,107 Lymington Road,,,Christchurch,BH23 4LA
100841,Highgate Golf Club,"Denewood Road, Highgate, London, N6 4AH",62,Denewood Road,,Highgate,London,N6 4AH
100842,Highwoods Golf Club,"Ellerslie Lane, Bexhill on Sea, Bexhill on Sea, TN39 4LJ",62,Ellerslie Lane,Bexhill on Sea,,Bexhill on Sea,TN39 4LJ
100845,Hill Barn Golf Club,"Hill Barn Lane, Worthing, BN14 9QF",62,Hill Barn Lane,,,Worthing,BN14 9QF
100846,Hill Valley Golf Club,"Tarporley Road, Whitchurch, SY13 4HA",62,Tarporley Road,,,Whitchurch,SY13 4HA
100847,Hillingdon Golf Club,"Dorset Way, Hillingdon, Uxbridge, UB10 0JR",62,Dorset Way,Hillingdon,,Uxbridge,UB10 0JR
100848,Hillsborough Golf Club,"Worrall Road, Worrall, Sheffield, S6 4BE",62,Worrall Road,Worrall,,Sheffield,S6 4BE
100849,Hillside Golf Club,"Hastings Road, Hillside, Southport, PR8 2LU",62,Hastings Road,Hillside,,Southport,PR8 2LU
100852,Himley Hall Golf Centre,"Himley Hall Park, Himley Road, Dudley, DY3 4DF",62,Himley Hall Park,Himley Road,,Dudley,DY3 4DF
100853,Hinckley Golf Club,"Leicester Road, Hinckley, LE10 3DR",62,Leicester Road,,,Hinckley,LE10 3DR
100854,Hindhead Golf Club,"Churt Road, Hindhead, GU26 6HX",63,Churt Road,,,Hindhead,GU26 6HX
100855,Hindley Hall Golf Club,"Hall Lane, Hindley, Wigan, WN2 2SQ",63,Hall Lane,Hindley,,Wigan,WN2 2SQ
100856,Hinksey Heights Golf Club,"South Hinksey, Oxford, OX1 5AB",63,South Hinksey,,,Oxford,OX1 5AB
100857,Hintlesham Golf Club,"Hintlesham, Ipswich, IP8 3JG",63,Hintlesham,,,Ipswich,IP8 3JG
100858,Hobson Golf Club,"Burnopfield, Newcastle upon Tyne, NE16 6BZ",63,Burnopfield,,,Newcastle upon Tyne,NE16 6BZ
100859,Hockley Golf Club,"Twyford, Winchester, SO21 1PL",63,Twyford,,,Winchester,SO21 1PL
100860,Hoebridge Golf Club,"Old Woking Road, Woking, GU22 8JH",63,Old Woking Road,,,Woking,GU22 8JH
100861,Hollingbury Park Golf Club,"Ditchling Road, Brighton, Brighton, BN1 7HS",63,Ditchling Road,Brighton,,Brighton,BN1 7HS
101095,Hollins Hall Hotel & Country Club,"Hollins Hill, Baildon, Shipley, BD17 7QW",63,Hollins Hill,Baildon,,Shipley,BD17 7QW
101210,Hollinwell Golf Club,"Hollinwell, Kirkby in Ashfield Central, Nottingham, NG17 7QR",63,Hollinwell,Kirkby in Ashfield Central,,Nottingham,NG17 7QR
100685,Hollywood Golf Club,"Hollywood Lane, Birmingham, B47 5PP",63,Hollywood Lane,,,Birmingham,B47 5PP
100862,Holme Hall Golf Club,"Holme Lane, Bottesford, Scunthorpe, DN16 3RF",63,Holme Lane,Bottesford,,Scunthorpe,DN16 3RF
100863,Holsworthy Golf Club,"Killatree, Holsworthy, EX22 6LP",64,Killatree,,,Holsworthy,EX22 6LP
100864,Holtye Golf Club,"Holtye Common, Cowden, Nr Edenbridge, TN8 7ED",64,Holtye Common,Cowden,,Nr Edenbridge,TN8 7ED
100866,Honiton Golf Club,"The Clubhouse, Middlehills, Honiton, EX14 9TR",64,The Clubhouse,Middlehills,,Honiton,EX14 9TR
100867,Hook Heath Artisans Golf Club,"Pond Road, Woking, GU22 0JA",64,Pond Road,,,Woking,GU22 0JA
102015,Hooton Ladies Golf Club,"Chester Road, Little Sutton, CH66 1QF",64,Chester Road,,,Little Sutton,CH66 1QF
101991,Hope Golf Club,"Hope Works, Hope, S33 6RP",64,Hope Works,,,Hope,S33 6RP
100868,Horam Park Golf Club,"Chiddingly Road, Horam, TN21 0JJ",64,Chiddingly Road,,,Horam,TN21 0JJ
100870,Horne Park Golf Centre,"Croydon Barn Lane, Horne, Godstone, RH9 8JP",64,Croydon Barn Lane,Horne,,Godstone,RH9 8JP
100871,Hornsea Golf Club,"Rolston Road, Hornsea, HU18 1XG",64,Rolston Road,,,Hornsea,HU18 1XG
100872,Horsehay Village Golf Club,"Wellington Road, Horsehay, Telford, TF4 3BT",64,Wellington Road,Horsehay,,Telford,TF4 3BT
100874,Horsforth Golf Club,"Layton Rise, Horsforth, Leeds, LS18 5EX",64,Layton Rise,Horsforth,,Leeds,LS18 5EX
100875,Horsham Golf,"Denne Park, Worthing Road, Horsham, RH13 0AX",64,Denne Park,Worthing Road,,Horsham,RH13 0AX
100876,Horsley Lodge Estate,"Smalley Mill Road, Derby, DE21 5BL",65,Smalley Mill Road,,,Derby,DE21 5BL
100878,Horton Park Golf Club,"Hook Road, Epsom, KT19 8QG",65,Hook Road,,,Epsom,KT19 8QG
100880,Houghton-Le-Spring Golf Club,"Copt Hill, Houghton le Spring, DH5 8LU",65,Copt Hill,,,Houghton le Spring,DH5 8LU
100881,Houghwood Golf Club,"Billinge Hill, Crank Road, St. Helens, WA11 8RL",65,Billinge Hill,Crank Road,,St. Helens,WA11 8RL
100882,Houldsworth Golf Club,"Houldsworth Street, Reddish, SK5 6BN",65,Houldsworth Street,,,Reddish,SK5 6BN
100884,Howley Hall Golf Club,"Scotchman Lane, Morley, Leeds, LS27 0NX",65,Scotchman Lane,Morley,,Leeds,LS27 0NX
100885,Hoylake Golf Club,"C/O Arrowe Park Road, Pensby and Thingwall, Wirral, CH49 5LW",65,C/O Arrowe Park Road,Pensby and Thingwall,,Wirral,CH49 5LW
102016,Hoylake Ladies Golf Club,"Arrowe Park Golf Club, 174 Arrowe Park Road, Birkenhead, Wirral, CH49 5PF",65,Arrowe Park Golf Club,174 Arrowe Park Road,Birkenhead,Wirral,CH49 5PF
100887,Huddersfield Golf Club,"Fixby Hall, Lightridge Road, Fixby, Huddersfield, HD2 2EP",65,Fixby Hall,Lightridge Road,Fixby,Huddersfield,HD2 2EP
102439,Hukd Golf,"Link House, 35 Walmersley Road, Bury, BL9 5AE",65,Link House,35 Walmersley Road,,Bury,BL9 5AE
100888,Hull Golf Club,"The Hall, 27 Packman Lane, Kirk Ella, Hull, HU10 7TJ",65,The Hall,27 Packman Lane,Kirk Ella,Hull,HU10 7TJ
100889,Humberston Golf Club,"Humberston Avenue, Grimsby, DN36 4SX",65,Humberston Avenue,,,Grimsby,DN36 4SX
100891,Humberstone Heights Golf Club,"Gipsy Lane, Leicester, LE5 0TB",66,Gipsy Lane,,,Leicester,LE5 0TB
100892,Hunley Hotel & Golf Club,"Ings Lane, Brotton, Saltburn-by-the-Sea, TS12 2FT",66,Ings Lane,Brotton,,Saltburn-by-the-Sea,TS12 2FT
100893,Hunstanton Golf Club,"Golf Course Road, Old Hunstanton, PE36 6JQ",66,Golf Course Road,,,Old Hunstanton,PE36 6JQ
100895,Huntercombe Golf Club,"Nuffield, Henley-on-Thames, RG9 5SL",66,Nuffield,,,Henley-on-Thames,RG9 5SL
100894,Huntercombe Artisans Golf Club,"Nuffield, Henley-on-Thames, RG9 5SL",66,Nuffield,,,Henley-on-Thames,RG9 5SL
100896,Huntswood Golf Club,"Taplow Common Road, Burnham, Slough, SL1 8LS",66,Taplow Common Road,Burnham,,Slough,SL1 8LS
100899,Hurlston Hall Golf & Country Club,"Hurlston Lane, Scarisbrick, Ormskirk, L40 8HB",66,Hurlston Lane,Scarisbrick,,Ormskirk,L40 8HB
100901,Hurtmore Golf Club,"Hurtmore Road, Hurtmore, Godalming, GU7 2RN",66,Hurtmore Road,Hurtmore,,Godalming,GU7 2RN
100902,Huyton & Prescot Golf Club,"Hurst Park, Huyton, L36 1UA",66,Hurst Park,,,Huyton,L36 1UA
100904,Hythe Golf Club,"Princes Parade, Hythe, CT21 6AE",66,Princes Parade,,,Hythe,CT21 6AE
100905,Ifield Golf Club,"Rusper Road, Ifield, Crawley, RH11 0LN",66,Rusper Road,Ifield,,Crawley,RH11 0LN
100404,Iford Golf Centre,"Riverside Avenue, Bournemouth, BH7 7ES",66,Riverside Avenue,,,Bournemouth,BH7 7ES
100907,Ilford Golf Club,"291 Wanstead Park Road,, Ilford, IG1 3TR",67,"291 Wanstead Park Road,",,,Ilford,IG1 3TR
100908,Ilfracombe Golf Club,"Hele Bay, Ilfracombe, EX34 9RT",67,Hele Bay,,,Ilfracombe,EX34 9RT
100910,Ilkley Golf Club,"Nesfield Road, Myddleton, Ilkley, LS29 0BE",67,Nesfield Road,Myddleton,,Ilkley,LS29 0BE
100912,Ineos Golf Club,"School Aycliffe Lane, Aycliffe East, Newton Aycliffe, DL5 6EA",67,School Aycliffe Lane,Aycliffe East,,Newton Aycliffe,DL5 6EA
102659,Infinity Golf Studio,"Unit 10a, High Grosvenor, Bridgnorth, WV15 5PG",67,Unit 10a,High Grosvenor,,Bridgnorth,WV15 5PG
100913,Ingestre Park Golf Club,"Ingestre, Stafford, ST18 0RE",67,Ingestre,,,Stafford,ST18 0RE
100914,Ingleby Barwick Golf Academy,"Lullingstone Crescent, Ingleby Barwick, Stockton-on-Tees, TS17 5GJ",67,Lullingstone Crescent,Ingleby Barwick,,Stockton-on-Tees,TS17 5GJ
102147,Ingrebourne Links Golf & Country Club,"New Road, Wennington, Rainham, RM13 9FL",67,New Road,Wennington,,Rainham,RM13 9FL
100918,Ipswich Golf Club,"Purdis Heath, Bucklesham Road, Ipswich, IP3 8UQ",67,Purdis Heath,Bucklesham Road,,Ipswich,IP3 8UQ
100919,Irby Golf Club,"C/O Arrowe Park Road, Pensby and Thingwall, Wirral, CH49 5LW",67,C/O Arrowe Park Road,Pensby and Thingwall,,Wirral,CH49 5LW
100920,Isle Of Purbeck Golf Club,"Corfe Road, Studland, Swanage, BH19 3AB",67,Corfe Road,Studland,,Swanage,BH19 3AB
100921,Isle Of Wedmore Golf Club,"Lineage, Lascot Hill, Wedmore, BS28 4QT",67,Lineage,Lascot Hill,,Wedmore,BS28 4QT
100922,Isles Of Scilly Golf Club,"St. Mary's, Isles of Scilly, TR21 0NF",68,St. Mary's,,,Isles of Scilly,TR21 0NF
100924,Ivinghoe Golf Club,"Wellcroft, Ivinghoe, Leighton Buzzard, LU7 9EF",68,Wellcroft,Ivinghoe,,Leighton Buzzard,LU7 9EF
102200,Jcb Golf & Country Club,"Hollington Road, Rocester, Uttoxeter, Uttoxeter, ST14 5HY",68,Hollington Road,Rocester,Uttoxeter,Uttoxeter,ST14 5HY
100927,John O'Gaunt Golf Club,"Sutton Park, Sandy, SG19 2LY",68,Sutton Park,,,Sandy,SG19 2LY
102662,Jungle Rumble Adventure Golf - Birmingham,"StarCity, 32 Watson Street, Nechells, Birmingham, B7 5SA",68,StarCity,32 Watson Street,Nechells,Birmingham,B7 5SA
100929,Kedleston Park Golf Club,"Kedleston, Quarndon, Derby, DE22 5JD",68,Kedleston,Quarndon,,Derby,DE22 5JD
100931,Keighley Golf Club,"Howden Park, Utley, Keighley, BD20 6DH",68,Howden Park,Utley,,Keighley,BD20 6DH
100932,Kendal Golf Club,"High Tenterfell, Kendal, LA9 4PQ",68,High Tenterfell,,,Kendal,LA9 4PQ
100934,Kenilworth Golf Club,"Crewe Lane, Kenilworth, CV8 2EA",68,Crewe Lane,,,Kenilworth,CV8 2EA
102639,Kent Golf Simulator,"Unit 14, Rochester Trade Park, Maidstone Road, Rochester, ME1 3QY",68,Unit 14,Rochester Trade Park,Maidstone Road,Rochester,ME1 3QY
100937,Kenwick Park Golf Club,"Kenwick Park, Louth, LN11 8NY",68,Kenwick Park,,,Louth,LN11 8NY
100938,Keswick Golf Club,"Threlkeld Hall, Threlkeld, Keswick, CA12 4SX",68,Threlkeld Hall,Threlkeld,,Keswick,CA12 4SX
100939,Kettering Golf Club,"Headlands, Kettering, NN15 6XA",69,Headlands,,,Kettering,NN15 6XA
100940,Kibworth Golf Club,"Weir Road, Kibworth Beauchamp, Leicester, LE8 0LP",69,Weir Road,Kibworth Beauchamp,,Leicester,LE8 0LP
100944,Kilton Forest Golf Course,"Blyth Road, Worksop, S81 0TL",69,Blyth Road,,,Worksop,S81 0TL
100945,Kilworth Springs Golf Club,"South Kilworth Road, North Kilworth, Lutterworth, LE17 6HJ",69,South Kilworth Road,North Kilworth,,Lutterworth,LE17 6HJ
100946,King Edward Bay Golf Club,"Groudle Road, Onchan, IM3 2JR",69,Groudle Road,,,Onchan,IM3 2JR
100948,Kings Hill Golf Club,"Fortune Way, Kingshill, West Malling, ME19 4GF",69,Fortune Way,,Kingshill,West Malling,ME19 4GF
100949,Kings Lynn Golf Club,"Lynn Road, Castle Rising, King's Lynn, PE31 6BD",69,Lynn Road,Castle Rising,,King's Lynn,PE31 6BD
100950,Kings Norton Golf Club,"Weatheroak Hall, Brockhill Lane, Alvechurch, Birmingham, B48 7ED",69,Weatheroak Hall,Brockhill Lane,Alvechurch,Birmingham,B48 7ED
100952,Kingsdown Golf Club,"Kingsdown Golf Club, Kingsdown, Corsham, SN13 8BS",69,Kingsdown Golf Club,Kingsdown,,Corsham,SN13 8BS
100865,Kingsnorth Golf Club,"Ashford Road, Kingsnorth, TN26 1NJ",69,Ashford Road,,,Kingsnorth,TN26 1NJ
100953,Kingsthorpe Golf Club,"Kingsley Road, Northampton, NN2 7BU",69,Kingsley Road,,,Northampton,NN2 7BU
100954,Kingsway Golf Centre,"Cambridge Road, Melbourn, Cambridge, SG8 6EY",69,Cambridge Road,Melbourn,,Cambridge,SG8 6EY
100955,Kingswood Golf & Country Club,"Sandy Lane, Kingswood, Tadworth, KT20 6NE",70,Sandy Lane,Kingswood,,Tadworth,KT20 6NE
100956,Kington Golf Club,"Bradnor Hill, Kington, HR5 3RE",70,Bradnor Hill,,,Kington,HR5 3RE
100957,Kingweston Golf Club,"Millfield, Kingweston Campus, Kingweston, TA11 6AZ",70,Millfield,Kingweston Campus,,Kingweston,TA11 6AZ
100958,Kirby Muxloe Golf Club,"Station Road, Kirby Muxloe, Leicester, LE9 2EP",70,Station Road,Kirby Muxloe,,Leicester,LE9 2EP
100960,Kirkby Lonsdale Golf Club,"Scaleber Lane, Barbon, Kirkby Lonsdale, LA6 2LJ",70,Scaleber Lane,Barbon,,Kirkby Lonsdale,LA6 2LJ
100959,Kirkby Valley Golf Club,"Ignoe Lane, Kirkby, Liverpool, L32 4SS",70,Ignoe Lane,Kirkby,,Liverpool,L32 4SS
100961,Kirkbymoorside Golf Club,"Manor Vale, Kirkbymoorside, YO62 6EG",70,Manor Vale,,,Kirkbymoorside,YO62 6EG
100962,Kirtlington Golf Club,"Kirtlington Golf Club, Kirtlington, Kidlington, OX5 3JY",70,Kirtlington Golf Club,Kirtlington,,Kidlington,OX5 3JY
100963,Kirton Holme Golf Club,"Holme Road, Kirton Holme, Boston, PE20 1SY",70,Holme Road,Kirton Holme,,Boston,PE20 1SY
100964,Knaresborough Golf Club,"Boroughbridge Road, Knaresborough, HG5 0QQ",70,Boroughbridge Road,,,Knaresborough,HG5 0QQ
100965,Knebworth Golf Club,"Deards End Lane, Knebworth, SG3 6NL",70,Deards End Lane,,,Knebworth,SG3 6NL
100966,Knighton Heath Golf Club,"Francis Avenue, Bournemouth, BH11 8NX",70,Francis Avenue,,,Bournemouth,BH11 8NX
100968,Knole Park Golf Club,"Seal Hollow Road, Sevenoaks, TN15 0HJ",71,Seal Hollow Road,,,Sevenoaks,TN15 0HJ
100969,Knott End Golf Club,"Wyre Side, Knott-End-On-Sea, FY6 0AA",71,Wyre Side,,,Knott-End-On-Sea,FY6 0AA
100970,Knotty Hill Golf Centre,"Sedgefield, Stockton-on-Tees, TS21 2BB",71,Sedgefield,,,Stockton-on-Tees,TS21 2BB
100971,Knowle Golf Club,"Fairway, West Town Lane, Brislington, Bristol, BS4 5DF",71,Fairway,West Town Lane,,"Brislington, Bristol",BS4 5DF
100972,Knutsford Golf Club,"Mereheath Lane, Knutsford, WA16 6HS",71,Mereheath Lane,,,Knutsford,WA16 6HS
100984,L'ancresse Golf Club,"The Clubhouse, L'Ancresse, Guernsey, GY3 5BY",71,The Clubhouse,L'Ancresse,,Guernsey,GY3 5BY
100974,La Moye Golf Club,"Route Orange, St Brelade, Jersey, JE3 8GQ",71,Route Orange,St Brelade,,Jersey,JE3 8GQ
101078,Laceby Manor Resort,"Barton Street, Laceby, DN37 7LD",71,Barton Street,,,Laceby,DN37 7LD
100975,Ladbrook Park Golf Club,"Poolhead Lane, Tanworth in Arden, Solihull, B94 5ED",71,Poolhead Lane,Tanworth in Arden,,Solihull,B94 5ED
100978,Lakeside Lodge Golf Centre,"Fen Road, Pidley, Huntingdon, PE28 3DF",71,Fen Road,Pidley,,Huntingdon,PE28 3DF
100980,Lamberhurst Golf Club,"Church Road, Lamberhurst, TN3 8DT",71,Church Road,,,Lamberhurst,TN3 8DT
100983,Lancaster Golf Club,"Ashton Hall, Ashton-With-Stodday, Lancaster, LA2 0AJ",71,Ashton Hall,Ashton-With-Stodday,,Lancaster,LA2 0AJ
100985,Langdon Hills Golf Club,"Lower Dunton Road, Bulphan, Upminster, RM14 3TY",72,Lower Dunton Road,Bulphan,,Upminster,RM14 3TY
100987,Langley Park Golf Club,"Barnfield Wood Road, Beckenham, BR3 6SZ",72,Barnfield Wood Road,,,Beckenham,BR3 6SZ
100986,Langley Park Artisans Golf Club,"Barnfield Wood Road, Beckenham, BR3 6SZ",72,Barnfield Wood Road,,,Beckenham,BR3 6SZ
100988,Lanhydrock Hotel & Golf Club,"Lostwithiel Road, Bodmin, PL30 5AQ",72,Lostwithiel Road,,,Bodmin,PL30 5AQ
100989,Lansdown Golf Club,"Lansdown, Bath, BA1 9BT",72,Lansdown,,,Bath,BA1 9BT
100990,Lansil Golf Club,"Caton Road, Lancaster, LA1 3PE",72,Caton Road,,,Lancaster,LA1 3PE
100991,Launceston Golf Club,"St Stephens, Launceston, PL15 8HF",72,St Stephens,,,Launceston,PL15 8HF
100993,Leamington & County Golf Club,"Golf Lane, Whitnash, Leamington Spa, CV31 2QA",72,Golf Lane,Whitnash,,Leamington Spa,CV31 2QA
100994,Leaside Golf Club,"Meridian Way, Edmonton, N9 0AR",72,Meridian Way,,,Edmonton,N9 0AR
100995,Leasowe Golf Club,"Leasowe Road, Moreton, Wirral, CH46 3RD",72,Leasowe Road,Moreton,,Wirral,CH46 3RD
100996,Leatherhead Golf Club,"Kingston Road, Leatherhead, KT22 0EE",72,Kingston Road,,,Leatherhead,KT22 0EE
100997,Leckford Golf Club,"Leckford Golf Course, Leckford, Stockbridge, SO20 6JF",72,Leckford Golf Course,Leckford,,Stockbridge,SO20 6JF
100998,Lee Park Golf Club,"Childwall Valley Road, Gateacre, Liverpool, L27 3YA",73,Childwall Valley Road,Gateacre,,Liverpool,L27 3YA
101002,Lee-On-The-Solent Golf Club,"Brune Lane, Lee-on-the-Solent, PO13 9PB",73,Brune Lane,,,Lee-on-the-Solent,PO13 9PB
101000,Leeds Golf Club,"Elmete Lane, Leeds, LS8 2LJ",73,Elmete Lane,,,Leeds,LS8 2LJ
102167,Leeds Castle Golf Club,"Hollingbourne, Leeds, Maidstone, ME17 1PL",73,Hollingbourne,Leeds,,Maidstone,ME17 1PL
100999,Leeds Golf Centre,"Wike Ridge Lane, Shadwell, Leeds, LS17 9JW",73,Wike Ridge Lane,Shadwell,,Leeds,LS17 9JW
101001,Leek Golf Club,"Big Birchall, Leek, ST13 5RE",73,Big Birchall,,,Leek,ST13 5RE
100886,Leen Valley Golf Club,"Wigwam Lane, Hucknall, Nottingham, NG15 7TA",73,Wigwam Lane,Hucknall,,Nottingham,NG15 7TA
101003,Lees Hall Golf Club,"Hemsworth Road, Norton, Sheffield, S8 8LL",73,Hemsworth Road,Norton,,Sheffield,S8 8LL
101005,Leigh Golf Club,"Kenyon Hall, Broseley Lane, Warrington, WA3 4BG",73,Kenyon Hall,Broseley Lane,,Warrington,WA3 4BG
101006,Leighton Buzzard Golf Club,"Plantation Road, Leighton Buzzard, LU7 3JF",73,Plantation Road,,,Leighton Buzzard,LU7 3JF
101007,Leominster Golf Club,"Ford Bridge, Leominster, HR6 0LE",73,Ford Bridge,,,Leominster,HR6 0LE
101008,Les Mielles Golf & Country Club,"La Route de La Marette, St Ouen's Bay, St Peter, Jersey, JE3 7FQ",73,La Route de La Marette,St Ouen's Bay,St Peter,Jersey,JE3 7FQ
101009,Les Ormes Golf Club,"PO Box 447, St Helier, Jersey, JE3 8FL",74,PO Box 447,St Helier,,Jersey,JE3 8FL
101010,Letchworth Golf Club,"Letchworth Lane, Letchworth Garden City, SG6 3NQ",74,Letchworth Lane,,,Letchworth Garden City,SG6 3NQ
102223,Letchworth Par 3,"The Golf House, Willian Way, Letchworth Garden City, SG6 2HJ",74,The Golf House,Willian Way,,Letchworth Garden City,SG6 2HJ
101011,Lewes Golf Club,"Chapel Hill, Lewes, BN7 2BB",74,Chapel Hill,,,Lewes,BN7 2BB
101012,Lexden Wood Golf Club,"Bakers Lane, Colchester, CO3 4AU",74,Bakers Lane,,,Colchester,CO3 4AU
101013,Leyland Golf Club,"Wigan Road, Leyland, PR25 5UD",74,Wigan Road,,,Leyland,PR25 5UD
101014,Libbaton Golf Club,"High Bickington, Umberleigh, EX37 9BS",74,High Bickington,,,Umberleigh,EX37 9BS
101015,Lichfield Golf & Country Club,"Seedy Mill Lane, Rugeley, Lichfield, WS13 8HE",74,Seedy Mill Lane,Rugeley,,Lichfield,WS13 8HE
101016,Lightcliffe Golf Club,"Knowle Top Road, Lightcliffe, Halifax, HX3 8SW",74,Knowle Top Road,Lightcliffe,,Halifax,HX3 8SW
101017,Lilleshall Hall Golf Club,"Lilyhurst Road, Lilleshall, Newport, TF10 9AS",74,Lilyhurst Road,Lilleshall,,Newport,TF10 9AS
101018,Lilley Brook Golf Club,"Cirencester Road, Charlton Kings, Cheltenham, GL53 8EG",74,Cirencester Road,Charlton Kings,,Cheltenham,GL53 8EG
101019,Limpsfield Chart Golf Club,"Westerham Road, Oxted, RH8 0SL",74,Westerham Road,,,Oxted,RH8 0SL
101020,Lincoln Golf Club,"Torksey, Lincoln, LN1 2EG",75,Torksey,,,Lincoln,LN1 2EG
101022,Linden Hall Golf & Country Club,"Longhorsley, Morpeth, NE65 8XF",75,Longhorsley,,,Morpeth,NE65 8XF
101023,Lindfield Golf Club,"East Mascalls Lane, Lindfield, Lindfield, RH16 2QN",75,East Mascalls Lane,Lindfield,,Lindfield,RH16 2QN
101025,Lindrick Golf Club,"Deep Carrs Lane, Lindrick, Worksop, S81 8BH",75,Deep Carrs Lane,Lindrick,,Worksop,S81 8BH
102007,Lindrick Artisans Golf Club,"Deep Carrs Lane, Lindrick, Worksop, S81 8BH",75,Deep Carrs Lane,Lindrick,,Worksop,S81 8BH
101026,Lingdale Golf Club,"Joe Moores Lane, Woodhouse Eaves, Loughborough, LE12 8TF",75,Joe Moores Lane,Woodhouse Eaves,,Loughborough,LE12 8TF
101027,Lingfield Park Golf Club,"Marriott Hotel and Country Club, Racecourse Road, Lingfield, RH7 6PQ",75,Marriott Hotel and Country Club,Racecourse Road,,Lingfield,RH7 6PQ
101028,Links Golf Club,"Cambridge Road, Newmarket, CB8 0TG",75,Cambridge Road,,,Newmarket,CB8 0TG
101707,Links Country Park Hotel & Golf Club,"West Runton, Cromer, NR27 9QH",75,West Runton,,,Cromer,NR27 9QH
102126,Lion Artisan Golf Club,"Mortehoe, Woolacombe, EX34 7EH",75,Mortehoe,,,Woolacombe,EX34 7EH
101029,Liphook Golf Club,"Wheatsheaf Enclosure, Liphook, GU30 7EH",75,Wheatsheaf Enclosure,,,Liphook,GU30 7EH
101030,Little Aston Golf Club,"Roman Road, Streetly, Sutton Coldfield, B74 3AN",75,Roman Road,Streetly,,Sutton Coldfield,B74 3AN
101032,Little Hay Golf Club,"Box Lane, Bovingdon, Bovingdon, HP3 0DT",76,Box Lane,Bovingdon,,Bovingdon,HP3 0DT
101034,Littlehampton Golf Club,"170 Rope Walk, Littlehampton, BN17 5DL",76,170 Rope Walk,,,Littlehampton,BN17 5DL
101036,Littlestone Golf Club,"St. Andrews Road, Littlestone, New Romney, TN28 8RB",76,St. Andrews Road,Littlestone,,New Romney,TN28 8RB
101035,Littlestone Artisans Golf Club,"St. Andrews Road, Littlestone, New Romney, TN28 8RB",76,St. Andrews Road,Littlestone,,New Romney,TN28 8RB
101391,Littlestone Warren Golf Club,"St. Andrews Road, Littlestone, New Romney, TN28 8RB",76,St. Andrews Road,Littlestone,,New Romney,TN28 8RB
101037,Llanymynech Golf Club,"Pant, Nr. Oswestry, SY10 8LB",76,Pant,,,Nr. Oswestry,SY10 8LB
101038,Lobden Golf Club,"Lobden Moor, Whitworth, OL12 8XJ",76,Lobden Moor,,,Whitworth,OL12 8XJ
101708,London Golf Club,"Stansted Lane, Ash, Brands Hatch, TN15 7EH",76,Stansted Lane,Ash,,Brands Hatch,TN15 7EH
101040,London Beach Golf Club,"Ashford Road, Tenterden, TN30 6HX",76,Ashford Road,,,Tenterden,TN30 6HX
101041,London Scottish Golf Club,"Windmill Road, Wimbeldon Common, London, SW19 5NQ",76,Windmill Road,Wimbeldon Common,,London,SW19 5NQ
101042,Long Ashton Golf Club,"The Club House, Clevedon Road, Long Ashton, Bristol, BS41 9DW",76,The Club House,Clevedon Road,Long Ashton,Bristol,BS41 9DW
101043,Long Sutton Golf Club,"Long Load, Langport, TA10 9JU",76,Long Load,,,Langport,TA10 9JU
101044,Longcliffe Golf Club,"Snells Nook Lane, Nanpantan, Loughborough, LE11 3YA",77,Snells Nook Lane,Nanpantan,,Loughborough,LE11 3YA
101045,Longhirst Hall Golf Club,"Longhirst, Morpeth, NE61 3LL",77,Longhirst,,,Morpeth,NE61 3LL
101046,Longley Park Golf Club,"Maple Street, Aspley, Huddersfield, HD5 9AX",77,Maple Street,Aspley,,Huddersfield,HD5 9AX
101047,Longridge Golf Club,"Fell Barn, Jeffrey Hill, Preston, PR3 2TU",77,Fell Barn,Jeffrey Hill,,Preston,PR3 2TU
101048,Looe Golf Club,"Bindown, Looe, PL13 1PX",77,Bindown,,,Looe,PL13 1PX
101053,Louth Golf Club,"59 Crowtree Lane, Louth, LN11 9LJ",77,59 Crowtree Lane,,,Louth,LN11 9LJ
101054,Low Laithes Golf Club,"Golf House, Park Mill Lane, Ossett, Wakefield, WF5 9AP",77,Golf House,Park Mill Lane,Ossett,Wakefield,WF5 9AP
101055,Lowes Park Golf Club,"Hilltop, Lowes Road, Bury, BL9 6SU",77,Hilltop,Lowes Road,,Bury,BL9 6SU
101056,Ludlow Golf Club,"Bromfield, Ludlow, SY8 2BT",77,Bromfield,,,Ludlow,SY8 2BT
101057,Luffenham Heath Golf Club,"Stamford Road, South Luffenham, PE9 3UU",77,Stamford Road,,,South Luffenham,PE9 3UU
101058,Lullingstone Park Golf Club,"Parkgate Road, Chelsfield, Near Orpington, BR6 7PX",77,Parkgate Road,Chelsfield,,Near Orpington,BR6 7PX
101059,Lutterworth Golf Club,"Rugby Road, Lutterworth, LE17 4HN",77,Rugby Road,,,Lutterworth,LE17 4HN
101060,Lydd Golf Club,"Romney Road, Lydd, TN29 9LS",78,Romney Road,,,Lydd,TN29 9LS
101061,Lydney Golf Club,"Naas Lane, Lydney, GL15 4ES",78,Naas Lane,,,Lydney,GL15 4ES
101062,Lyme Regis Golf Club,"Timber Hill, Lyme Regis, DT7 3HQ",78,Timber Hill,,,Lyme Regis,DT7 3HQ
101063,Lymm Golf Club,"Whitbarrow Road, Lymm, WA13 9AN",78,Whitbarrow Road,,,Lymm,WA13 9AN
102492,Lytham Golf Academy,"Lytham Road, Lytham, PR4 1TE",78,Lytham Road,,,Lytham,PR4 1TE
101064,Lytham Green Drive Golf Club,"Ballam Road, Lytham St. Annes, FY8 4LE",78,Ballam Road,,,Lytham St. Annes,FY8 4LE
101065,MacClesfield Golf Club,"The Hollins, Macclesfield, SK11 7EA",78,The Hollins,,,Macclesfield,SK11 7EA
100620,Mad Swans In The Mendips,"Marsh Lane, Farrington Gurney, Bristol, BS39 6TS",78,Marsh Lane,Farrington Gurney,,Bristol,BS39 6TS
101066,Magdalene Fields Golf Club,"Magdalene Fields, Berwick-upon-Tweed, TD15 1NE",78,Magdalene Fields,,,Berwick-upon-Tweed,TD15 1NE
101071,Malden Golf Club,"Traps Lane, New Malden, KT3 4RS",78,Traps Lane,,,New Malden,KT3 4RS
101072,Maldon Golf Club,"Beeleigh, Langford, Maldon, CM9 4SS",78,Beeleigh,Langford,,Maldon,CM9 4SS
101073,Malkins Bank Golf Club,"Betchton Road, Malkins Bank, Sandbach, CW11 4XN",78,Betchton Road,Malkins Bank,,Sandbach,CW11 4XN
101074,Malton & Norton Golf Club,"Welham Park, Norton, Malton, YO17 9QE",79,Welham Park,Norton,,Malton,YO17 9QE
101076,Manchester Golf Club,"Hopwood Cottage, Rochdale Road, Middleton, M24 6QP",79,Hopwood Cottage,Rochdale Road,,Middleton,M24 6QP
102456,Manchester Golf Centre,"Heywood Old Road, Middleton, Manchester, M24 4TH",79,Heywood Old Road,Middleton,,Manchester,M24 4TH
101077,Mannings Heath Golf Club,"Hammerpond Road, Mannings Heath, Horsham, RH13 6PG",79,Hammerpond Road,Mannings Heath,,Horsham,RH13 6PG
101079,Manor Golf Club,"Leese Hill, Kingstone, Uttoxeter, ST14 8QT",79,Leese Hill,Kingstone,,Uttoxeter,ST14 8QT
101083,Manor Of Groves Hotel & Health Club,"Manor of Groves Hotel, High Wych, Sawbridgeworth, CM21 0JU",79,Manor of Groves Hotel,High Wych,,Sawbridgeworth,CM21 0JU
101084,Mansfield Woodhouse Golf Club,"Leeming Lane North, Hornby, Mansfield, NG19 9EU",79,Leeming Lane North,Hornby,,Mansfield,NG19 9EU
101085,Manston Golf Centre,"Manston Road, Manston, Manston, CT12 5BE",79,Manston Road,Manston,,Manston,CT12 5BE
101086,Mapperley Golf Club,"Central Avenue, Plains Road, Mapperley, Nottingham, NG3 5LG",79,Central Avenue,Plains Road,Mapperley,Nottingham,NG3 5LG
101087,March Golf Club,"Frogs Abbey, Grange Road, March, PE15 0YH",79,Frogs Abbey,Grange Road,,March,PE15 0YH
101088,Mardyke Valley Golf Club,"South Road, South Ockendon, RM15 6RR",79,South Road,,,South Ockendon,RM15 6RR
101089,Market Drayton Golf Club,"Sutton Lane, Market Drayton, TF9 2HX",79,Sutton Lane,,,Market Drayton,TF9 2HX
101090,Market Harborough Golf Club,"Great Oxenden Road, Market Harborough, LE16 8NB",80,Great Oxenden Road,,,Market Harborough,LE16 8NB
101091,Market Rasen Golf Club,"Legsby Road, Market Rasen, LN8 3DZ",80,Legsby Road,,,Market Rasen,LN8 3DZ
101092,Marlborough Golf Club,"The Common, Marlborough, SN8 1DU",80,The Common,,,Marlborough,SN8 1DU
101093,Marple Golf Club,"Barnsfold Road, Marple, Stockport, SK6 7EL",80,Barnsfold Road,Marple,,Stockport,SK6 7EL
100240,Marriott Breadsall Priory Golf Club,"Moor Road, Morley, Derby, DE7 6DL",80,Moor Road,Morley,,Derby,DE7 6DL
101097,Marriott Tudor Park Golf & Country Club,"Ashford Road, Bearsted, Maidstone, ME14 4NQ",80,Ashford Road,Bearsted,,Maidstone,ME14 4NQ
101098,Marriott Worsley Park Golf Club,"Worsley Park, Manchester, M28 2QT",80,Worsley Park,,,Manchester,M28 2QT
101099,Marsden Golf Club,"Mount Road, Hemplow, Huddersfield, HD7 6NN",80,Mount Road,Hemplow,,Huddersfield,HD7 6NN
101101,Marston Lakes Golf Club,"Haunch Lane, Lea Marston, Sutton Coldfield, B76 0BY",80,Haunch Lane,Lea Marston,,Sutton Coldfield,B76 0BY
102599,Marton Meadows Golf Club,"Marton Meadows Golf, Congleton Road, Marton, Macclesfield, SK11 9HF",80,Marton Meadows Golf,Congleton Road,Marton,Macclesfield,SK11 9HF
101103,Maryport Golf Club,"Bank End, Maryport, CA15 6PA",80,Bank End,,,Maryport,CA15 6PA
101104,Masham Golf Club,"Burnholme, Swinton Road, Masham, Ripon, HG4 4NS",80,Burnholme,Swinton Road,Masham,Ripon,HG4 4NS
101105,Matfen Hall Hotel - Golf & Spa,"Matfen village, Newcastle upon Tyne, NE20 0RL",81,Matfen village,,,Newcastle upon Tyne,NE20 0RL
101106,Matlock Golf Club,"Chesterfield Road, Matlock, DE4 5LZ",81,Chesterfield Road,,,Matlock,DE4 5LZ
101107,Mattishall Golf Club,"Southgreen Road, Mattishall, Dereham, NR20 3JZ",81,Southgreen Road,Mattishall,,Dereham,NR20 3JZ
101121,Mawgan Porth Golf Club,"St Eval Road, Mawgan Porth, TR8 4DN",81,St Eval Road,,,Mawgan Porth,TR8 4DN
101108,Maxstoke Park Golf Club,"Castle Lane, Coleshill, Birmingham, B46 2BU",81,Castle Lane,Coleshill,,Birmingham,B46 2BU
101109,Maylands Golf Club,"Colchester Road, Romford, RM3 0AZ",81,Colchester Road,,,Romford,RM3 0AZ
101111,Mellor Golf Club,"Gibb Lane, Stockport, SK6 5NA",81,Gibb Lane,,,Stockport,SK6 5NA
101112,Meltham Golf Club,"Thick Hollins Hall, Meltham, Huddersfield, HD9 4DQ",81,Thick Hollins Hall,Meltham,,Huddersfield,HD9 4DQ
101113,Melton Mowbray Golf Club,"Thorpe Arnold, Melton Mowbray, LE14 4SD",81,Thorpe Arnold,,,Melton Mowbray,LE14 4SD
101114,Mendip Golf Club,"The Mendip Golf Club, Gurney Slade, Radstock, BA3 4UT",81,The Mendip Golf Club,Gurney Slade,,Radstock,BA3 4UT
101115,Mendip Spring Golf & Country Club,"Honeyhall Lane, Congresbury, Bristol, BS49 5JT",81,Honeyhall Lane,Congresbury,,Bristol,BS49 5JT
101118,Meole Brace Golf Course,"Oteley Road, Belle Vue, Shrewsbury, SY2 6QQ",81,Oteley Road,Belle Vue,,Shrewsbury,SY2 6QQ
101119,Meon Valley Golf & Country Club,"Sandy Lane, Shedfield, Southampton, SO32 2HQ",82,Sandy Lane,Shedfield,,Southampton,SO32 2HQ
102168,Merley Park Golf Course,"Merley Park Road, Ashington, Broadstone, Wimborne, BH21 3DA",82,Merley Park Road,Ashington,Broadstone,Wimborne,BH21 3DA
101123,Mersey Valley Golf Club & Country Club,"Warrington Road, Bold Heath, Widnes, WA8 3XL",82,Warrington Road,Bold Heath,,Widnes,WA8 3XL
100709,Messingham Grange Golf Club,"Butterwick Road, Messingham, Scunthorpe, DN17 3PP",82,Butterwick Road,Messingham,,Scunthorpe,DN17 3PP
101124,Mickleover Golf Club,"Bank Cottages, Uttoxeter Road, Derby, DE3 9AD",82,Bank Cottages,Uttoxeter Road,,Derby,DE3 9AD
101125,Mid Herts Golf Club,"Lower Gustard Wood, Lamer Lane, Wheathampstead, AL4 8RS",82,Lower Gustard Wood,Lamer Lane,,Wheathampstead,AL4 8RS
101132,Mid Kent Golf Club,"Singlewell Road, Gravesend, DA11 7RB",82,Singlewell Road,,,Gravesend,DA11 7RB
101126,Mid Sussex Golf Club,"Spatham Lane, Ditchling, BN6 8XJ",82,Spatham Lane,,,Ditchling,BN6 8XJ
101128,Middlesbrough Brass Castle Golf Club,"Brass Castle Lane, Marton, Middlesbrough, TS8 9EE",82,Brass Castle Lane,Marton,,Middlesbrough,TS8 9EE
102186,Middlesbrough Municipal Golf Centre,"Ladgate Lane, Middlesbrough",82,Ladgate Lane,,Middlesbrough,,
101130,Middleton Hall Golf Club,"Hall Orchards, Middleton, King's Lynn, PE32 1RY",82,Hall Orchards,Middleton,,King's Lynn,PE32 1RY
102650,Migolf Dartington,"Studio 4, Lower Close Studios, Dartington, Totnes, TQ9 6EN",82,Studio 4,Lower Close Studios,Dartington,Totnes,TQ9 6EN
101135,Milford Golf Club,"Station Lane, Milford, GU8 5HS",83,Station Lane,,,Milford,GU8 5HS
101136,Mill Green Golf Club,"Gypsy Lane, Welwyn Garden City, AL7 4TY",83,Gypsy Lane,,,Welwyn Garden City,AL7 4TY
101137,Mill Hill Golf Club,"Barnet Way, Mill Hill, London, NW7 3AL",83,Barnet Way,Mill Hill,,London,NW7 3AL
101138,Mill Ride Golf & Country Club,"Mill Ride, Ascot, SL5 8LT",83,Mill Ride,,,Ascot,SL5 8LT
101139,Millers Barn Golf Park,"Jaywick Lane, Jaywick, Clacton-on-Sea, CO15 2GF",83,Jaywick Lane,Jaywick,,Clacton-on-Sea,CO15 2GF
101140,Millfield Golf Club,"Millfield Golf Club, Laughterton, LN1 2LB",83,Millfield Golf Club,,,Laughterton,LN1 2LB
101142,Minchinhampton Golf Club,"New Courses, Minchinhampton, Stroud, GL6 9BE",83,New Courses,Minchinhampton,,Stroud,GL6 9BE
101143,Minehead & West Somerset Golf Club,"The Warren, Minehead, TA24 5SJ",83,The Warren,,,Minehead,TA24 5SJ
102311,MiniLinks® Fleetwood,"The Esplanade, Fleetwood, FY7 6QE",83,The Esplanade,,,Fleetwood,FY7 6QE
101144,Mitcham Golf Club,"Carshalton Road, Mitcham Junction, Mitcham, CR4 4HN",83,Carshalton Road,Mitcham Junction,,Mitcham,CR4 4HN
101147,Moor Allerton Golf Club,"Coal Road, Wike, Leeds, LS17 9NH",83,Coal Road,Wike,,Leeds,LS17 9NH
101148,Moor Hall Golf Club,"Moor Hall Drive, Four Oaks, Sutton Coldfield, B75 6LN",83,Moor Hall Drive,Four Oaks,,Sutton Coldfield,B75 6LN
101150,Moor Park Golf Club,"Moor Park, Rickmansworth, WD3 1QN",84,Moor Park,,,Rickmansworth,WD3 1QN
101149,Moor Park Artisans Golf Club,"Moor Park, Rickmansworth, WD3 1QN",84,Moor Park,,,Rickmansworth,WD3 1QN
101151,Moore Place Golf Club,"162, Ember Lane, Esher, KT10 8EJ",84,162,Ember Lane,,Esher,KT10 8EJ
101152,Moors Valley Golf Club,"Horton Road, Ashley Heath, Ringwood, BH24 2ET",84,Horton Road,Ashley Heath,,Ringwood,BH24 2ET
101153,Moortown Golf Club,"Harrogate Road, Alwoodley, Leeds, LS17 7DB",84,Harrogate Road,Alwoodley,,Leeds,LS17 7DB
101154,Morecambe Golf Club,"The Clubhouse, Bare, Morecambe, LA4 6AJ",84,The Clubhouse,Bare,,Morecambe,LA4 6AJ
102377,Moreton Hills Golf Centre,"Moreton Hills Golf Centre, Tarran Way South, Moreton, CH46 4TP",84,Moreton Hills Golf Centre,Tarran Way South,,Moreton,CH46 4TP
102124,Morley Hayes Golf Club,"Morley Hayes, Main Road, Morley, DE7 6DG",84,Morley Hayes,Main Road,,Morley,DE7 6DG
101155,Morpeth Golf Club,"Loansdean, Morpeth, Newcastle-upon-Tyne, NE61 2BT",84,Loansdean,Morpeth,,Newcastle-upon-Tyne,NE61 2BT
101156,Mortehoe & Woolacombe Golf Club,"Mortehoe, Woolacombe, EX34 7EH",84,Mortehoe,,,Woolacombe,EX34 7EH
101157,Moseley Golf Club,"Springfield Road, Kings Heath, Birmingham, B14 7DX",84,Springfield Road,Kings Heath,,Birmingham,B14 7DX
101158,Mossock Hall Golf Club,"Liverpool Road, Bickerstaffe, Ormskirk, L39 0EE",84,Liverpool Road,Bickerstaffe,,Ormskirk,L39 0EE
100497,Mottram Hall Golf & Country Club,"Wilmslow Road, Mottram, Prestbury, SK10 4QT",85,Wilmslow Road,Mottram,,Prestbury,SK10 4QT
101162,Mowsbury Golf Club,"Kimbolton Road, Cleat Hill, Bedford, MK41 8BJ",85,Kimbolton Road,Cleat Hill,,Bedford,MK41 8BJ
101033,Ms Golf Academy,"Lye Head, Bewdley, DY12 2UZ",85,Lye Head,,,Bewdley,DY12 2UZ
101163,Mullion Golf Club,"Cury, Helston, TR12 7BP",85,Cury,,,Helston,TR12 7BP
101164,Mundesley Golf Club,"Links Road, Mundesley, Norwich, NR11 8ES",85,Links Road,Mundesley,,Norwich,NR11 8ES
101165,Muswell Hill Golf Club,"Rhodes Avenue, London, N22 7UT",85,Rhodes Avenue,,,London,N22 7UT
102624,Myerscough College Golf Academy,"Myerscough College, St Michaels Road, Preston, PR3 0RY",85,Myerscough College,St Michaels Road,,Preston,PR3 0RY
102000,Myerscough Golf Complex,"Myerscough College Main Campus, St Michaels Road, Bilsborrow, Preston, PR3 0RY",85,Myerscough College Main Campus,St Michaels Road,Bilsborrow,Preston,PR3 0RY
101166,Mytton Fold Golf Club,"Whalley Road, Langho, Blackburn, BB6 8AB",85,Whalley Road,Langho,,Blackburn,BB6 8AB
101167,Naunton Downs Golf Club,"Naunton Downs, Naunton, Cheltenham, GL54 3AE",85,Naunton Downs,Naunton,,Cheltenham,GL54 3AE
101168,Nazeing Golf Club,"Middle Street, Nazeing, EN9 2LW",85,Middle Street,,,Nazeing,EN9 2LW
102433,Need Golf Centre,"Main Road, Worleston, Nantwich, CW5 6DJ",85,Main Road,Worleston,,Nantwich,CW5 6DJ
101169,Nelson Golf Club,"Kings Causeway, Brierfield, Nelson, BB9 0EU",86,Kings Causeway,Brierfield,,Nelson,BB9 0EU
101734,Nene Park Golf Club,"Thorpe Wood, Peterborough, PE3 6SE",86,Thorpe Wood,,,Peterborough,PE3 6SE
101170,Nevill Golf Club,"Benhall Mill Road, Tunbridge Wells, TN2 5JW",86,Benhall Mill Road,,,Tunbridge Wells,TN2 5JW
101171,New Forest Golf Club,"Southampton Road, Lyndhurst, SO43 7BU",86,Southampton Road,,,Lyndhurst,SO43 7BU
101172,New Mills Golf Club,"Shaw Marsh, New Mills, High Peak, SK22 4QE",86,Shaw Marsh,New Mills,,High Peak,SK22 4QE
102036,New Zealand Golf Club,"470 Woodham Lane, Addlestone, KT15 3QD",86,470 Woodham Lane,,,Addlestone,KT15 3QD
101173,New Zealand Artisans Golf Club,"Woodham Lane, Woodham, Addlestone, KT15 3QD",86,Woodham Lane,Woodham,,Addlestone,KT15 3QD
101174,Newark Golf Club,"Sleaford Road, Coddington, Newark, NG24 2QX",86,Sleaford Road,Coddington,,Newark,NG24 2QX
101175,Newbiggin Golf Club,"Prospect Place, Newbiggin-by-the-Sea, NE64 6DW",86,Prospect Place,,,Newbiggin-by-the-Sea,NE64 6DW
101177,Newbury & Crookham Golf Club,"33-35 Bury's Bank Road, Newbury, Thatcham, RG19 8BZ",86,33-35 Bury's Bank Road,Newbury,,Thatcham,RG19 8BZ
101179,Newcastle United Golf Club,"60 Ponteland Road, Newcastle upon Tyne, NE5 3JW",86,60 Ponteland Road,,,Newcastle upon Tyne,NE5 3JW
101180,Newcastle-Under-Lyme Golf Club,"Whitmore Road, Newcastle under Lyme, ST5 2QB",86,Whitmore Road,,,Newcastle under Lyme,ST5 2QB
101182,Newport Golf Club,"St. Georges Lane, Newport, PO30 3BA",87,St. Georges Lane,,,Newport,PO30 3BA
101183,Newquay Golf Club,"Tower Road, Newquay, TR7 1LT",87,Tower Road,,,Newquay,TR7 1LT
101184,Newton Green Golf Club,"Newton, Sudbury, CO10 0QN",87,Newton,,,Sudbury,CO10 0QN
102643,Nineteen Golf Club,"Stoughton Grange, Gartree Road, Oadby, LE2 2FB",87,Stoughton Grange,Gartree Road,,Oadby,LE2 2FB
101185,Nizels Golf & Country Club,"Nizels Lane, Hildenborough, Tonbridge, TN11 8NU",87,Nizels Lane,Hildenborough,,Tonbridge,TN11 8NU
102127,Norfolk Premier Golf,"Yarmouth Road, Blofield, Norwich, NR13 4JS",87,Yarmouth Road,Blofield,,Norwich,NR13 4JS
101187,Normanby Hall Golf Club,"Normanby Park, Normanby, Scunthorpe, DN15 9HU",87,Normanby Park,Normanby,,Scunthorpe,DN15 9HU
101188,Normanton Golf Club,"Hatfield Hall, Aberford Road, Wakefield, WF3 4JP",87,Hatfield Hall,Aberford Road,,Wakefield,WF3 4JP
101189,North Downs Golf Club,"Northdown Road, Woldingham, Caterham, CR3 7AA",87,Northdown Road,Woldingham,,Caterham,CR3 7AA
101190,North Foreland Golf Club,"Convent Road, Broadstairs, CT10 3PU",87,Convent Road,,,Broadstairs,CT10 3PU
101191,North Hants Golf Club,"Minley Road, Fleet, GU51 1RF",87,Minley Road,,,Fleet,GU51 1RF
102613,North London Golf Academy,"David Lloyd Sudbury Hill, Greenford Road, Greenford, London, UB6 0HX",87,David Lloyd Sudbury Hill,Greenford Road,Greenford,London,UB6 0HX
101193,North Manchester Golf Club,"Rhodes House, Manchester Old Road, Manchester, M24 4PE",88,Rhodes House,Manchester Old Road,,Manchester,M24 4PE
101194,North Middlesex Golf Club,"Friern Barnet Lane, London, N20 0NL",88,Friern Barnet Lane,,,London,N20 0NL
101196,North Shore Hotel & Golf Club,"North Shore Road, Skegness, PE25 1DN",88,North Shore Road,,,Skegness,PE25 1DN
101197,North Warwickshire Golf Club,"Hampton Lane, Meriden, Coventry, CV7 7LL",88,Hampton Lane,Meriden,,Coventry,CV7 7LL
101199,North Wilts Golf Club,"Bishops Cannings, Devizes, SN10 2LP",88,Bishops Cannings,,,Devizes,SN10 2LP
101202,Northampton Golf Club,"Harlestone, Northampton, NN7 4EF",88,Harlestone,,,Northampton,NN7 4EF
101203,Northamptonshire County Golf Club,"Golf Lane, Church Brampton, NN6 8AZ",88,Golf Lane,,,Church Brampton,NN6 8AZ
101204,Northcliffe Golf Club,"High Bank Lane, Shipley, BD18 4LJ",88,High Bank Lane,,,Shipley,BD18 4LJ
101205,Northenden Golf Club,"Palatine Road, Northenden, Manchester, M22 4FR",88,Palatine Road,Northenden,,Manchester,M22 4FR
101207,Northwood Golf Club,"Rickmansworth Road, Northwood, HA6 2QW",88,Rickmansworth Road,,,Northwood,HA6 2QW
101208,Norwood Park Golf Centre,"Norwood Park, Southwell, NG25 0PF",88,Norwood Park,,,Southwell,NG25 0PF
101209,Nottingham City Golf Club,"Bulwell Hall Park, Norwich Gardens, Bulwell, Nottingham, NG6 8LF",88,Bulwell Hall Park,Norwich Gardens,Bulwell,Nottingham,NG6 8LF
102031,Notts Ladies Golf Club,"Hollinwell, Kirkby in Ashfield Central, Nottingham, NG17 7QR",89,Hollinwell,Kirkby in Ashfield Central,,Nottingham,NG17 7QR
101211,Nuneaton Golf Club,"Golf Drive, Whitestone, Nuneaton, CV11 6QF",89,Golf Drive,Whitestone,,Nuneaton,CV11 6QF
101214,Oak Royal Golf & Country Club,"Bury Lane, Whitnell, Chorley, PR6 8SW",89,Bury Lane,Whitnell,,Chorley,PR6 8SW
101215,Oakdale Golf Club,"Oakdale, Oakdale Glen, Harrogate, HG1 2LN",89,Oakdale,Oakdale Glen,,Harrogate,HG1 2LN
101216,Oake Manor Golf Club,"Oake Manor, Oake, Taunton, TA4 1BA",89,Oake Manor,Oake,,Taunton,TA4 1BA
101217,Oakland Park Golf Club,"Threehouseholds, Chalfont St Giles, HP8 4LW",89,Threehouseholds,,,Chalfont St Giles,HP8 4LW
101218,Oakleaf Golf Club,"School Aycliffe Lane, Newton Aycliffe, DL5 6QZ",89,School Aycliffe Lane,,,Newton Aycliffe,DL5 6QZ
101219,Oakmere Admirals Golf Club,"Oaks Lane, Oxton, Southwell, NG25 0RH",89,Oaks Lane,Oxton,,Southwell,NG25 0RH
101220,Oakmere Commanders Golf Club,"Oaks Lane, Oxton, Southwell, NG25 0RH",89,Oaks Lane,Oxton,,Southwell,NG25 0RH
101221,Oakridge Golf Club,"Arley Lane, Nuneaton, CV10 9PH",89,Arley Lane,,,Nuneaton,CV10 9PH
101223,Oaks Golf Centre,"Woodmansterne Road, Carshalton, SM5 4AN",89,Woodmansterne Road,,,Carshalton,SM5 4AN
102163,Oaksey Park Golf Club,"Oaksey, Malmesbury, SN16 9SB",89,Oaksey,,,Malmesbury,SN16 9SB
101226,Ogbourne Downs Golf Club,"Ogbourne St George, Marlborough, SN8 1TB",90,Ogbourne St George,,,Marlborough,SN8 1TB
101227,Okehampton Golf Club,"Off Tors Road, Okehampton, EX20 1EF",90,Off Tors Road,,,Okehampton,EX20 1EF
101229,Old Fold Manor Golf Club,"Old Fold Lane, Hadley Green, Barnet, EN5 4QN",90,Old Fold Lane,Hadley Green,,Barnet,EN5 4QN
101232,Old Thorns Hotel & Resort,"Griggs Lane, Liphook, GU30 7PE",90,Griggs Lane,,,Liphook,GU30 7PE
101233,Oldham Golf Club,"Lees New Road, Oldham, OL4 5PN",90,Lees New Road,,,Oldham,OL4 5PN
101234,Olton Golf Club,"Muirfield Road, Solihull, B91 1JH",90,Muirfield Road,,,Solihull,B91 1JH
101235,Ombersley Golf Club,"Bishops Wood Road, Ombersley, Droitwich, WR9 0LE",90,Bishops Wood Road,Ombersley,,Droitwich,WR9 0LE
102600,One Stop Golf,"National Avenue, Bricknell, Hull, HU5 4JB",90,National Avenue,Bricknell,,Hull,HU5 4JB
102664,One Under - Liverpool,"Unit 2, Lyceum Building, Liverpool, L1 4DJ",90,Unit 2,Lyceum Building,,Liverpool,L1 4DJ
101236,Onneley Golf Club,"Bar Hill Road, Onneley, Nr Crewe, CW3 9QF",90,Bar Hill Road,Onneley,,Nr Crewe,CW3 9QF
101238,Orchardleigh Golf Club,"Orchardleigh Golf Club,, Frome, BA11 2PH",90,"Orchardleigh Golf Club,",,,Frome,BA11 2PH
101240,Ordnance Survey Golf Club,"Leckford Golf Course, Stockbridge, SO20 6JF",90,Leckford Golf Course,,,Stockbridge,SO20 6JF
101241,Ormonde Fields Golf Club,"Nottingham Road, Codnor, DE5 9RL",91,Nottingham Road,,,Codnor,DE5 9RL
101242,Ormskirk Golf Club,"Cranes Lane, Lathom, Ormskirk, L40 5UJ",91,Cranes Lane,Lathom,,Ormskirk,L40 5UJ
101243,Orpington Golf Centre Cray Valley,"Cray Ruxley, Sandy Lane, Orpington, BR5 3HY",91,Cray Ruxley,Sandy Lane,,Orpington,BR5 3HY
101245,Orsett Golf Club,"Brentwood Road, Orsett, RM16 3DR",91,Brentwood Road,,,Orsett,RM16 3DR
101247,Osborne Golf Club,"Osborne House Estate, East Cowes, PO32 6JX",91,Osborne House Estate,,,East Cowes,PO32 6JX
101248,Oswestry Golf Club,"Aston Park, Queens Head, Oswestry, SY11 4JJ",91,Aston Park,Queens Head,,Oswestry,SY11 4JJ
101249,Otley Golf Club,"West Busk Lane, Otley, Leeds, LS21 3NG",91,West Busk Lane,Otley,,Leeds,LS21 3NG
100498,Oulton Hall Golf Club,"Rothwell Lane, Rothwell, Leeds, LS26 8HN",91,Rothwell Lane,Rothwell,,Leeds,LS26 8HN
101250,Oundle Golf Club,"Benefield Road, Oundle, Peterborough, PE8 4EZ",91,Benefield Road,Oundle,,Peterborough,PE8 4EZ
101251,Outlane Golf Club,"Slack Lane, Off New Hey Road, Outlane, Huddersfield, HD3 3FQ",91,"Slack Lane, Off New Hey Road",Outlane,,Huddersfield,HD3 3FQ
102618,Outtabounds,"178G High Road, Beeston, Nottingham, NG9 5BB",91,178G High Road,Beeston,,Nottingham,NG9 5BB
101252,Overstone Park,"Overstone Park, Billing Lane, Overstone, NN6 0AS",91,Overstone Park,Billing Lane,,Overstone,NN6 0AS
101254,Owston Hall Golf,"Owston, Doncaster, DN6 9JF",92,Owston,,,Doncaster,DN6 9JF
101567,Oxford Golf Club,"Hill Top Road, Cowley, Oxford, OX4 1PF",92,Hill Top Road,Cowley,,Oxford,OX4 1PF
101257,Oxley Park Golf Club,"Stafford Road, Bushbury, Wolverhampton, WV10 6DE",92,Stafford Road,Bushbury,,Wolverhampton,WV10 6DE
101260,Painswick Golf Club,"Golf Course Road, Painswick, Stroud, GL6 6TL",92,Golf Course Road,Painswick,,Stroud,GL6 6TL
101261,Pannal Golf Club,"Follifoot Road, Pannal, Harrogate, HG3 1ES",92,Follifoot Road,Pannal,,Harrogate,HG3 1ES
101262,Panshanger Golf Club,"Old Herns Lane, Welwyn Garden City, AL7 2ED",92,Old Herns Lane,,,Welwyn Garden City,AL7 2ED
102450,Paradise Island - Cheshire Oaks,"Coliseum Leisure Park, Ellesmere Port, CH65 9HD",92,Coliseum Leisure Park,,,Ellesmere Port,CH65 9HD
102395,Paradise Island - Derby,"Derbion, West Mall, Derby, DE1 2PP",92,Derbion,West Mall,,Derby,DE1 2PP
102312,Paradise Island - Sheffield,"Valley Centertainment, Broughton Lane, Sheffield, S9 2EP",92,Valley Centertainment,Broughton Lane,,Sheffield,S9 2EP
101264,Park Golf Club,"Park Road West, Southport, PR9 0JS",92,Park Road West,,,Southport,PR9 0JS
101266,Park Wood Golf Club,"Chestnut Avenue, Tatsfield, TN16 2EG",92,Chestnut Avenue,,,Tatsfield,TN16 2EG
100185,Parkfield Golf,"Parkwood Lane, Steel Cross, Crowborough, TN6 2XB",92,Parkwood Lane,Steel Cross,,Crowborough,TN6 2XB
101268,Parkstone Golf Club,"Links Road, Poole, BH14 9QS",93,Links Road,,,Poole,BH14 9QS
101269,Parley Court Golf Club,"Parley Green Lane, Hurn, Christchurch, BH23 6BB",93,Parley Green Lane,Hurn,,Christchurch,BH23 6BB
101270,Pastures Golf Club,"Off Merlin Way, Mickleover, DE3 0UJ",93,Off Merlin Way,,,Mickleover,DE3 0UJ
101272,Paultons Golf Club,"Old Salisbury Road, Ower, Nr Romsey, SO51 6AN",93,Old Salisbury Road,Ower,,Nr Romsey,SO51 6AN
101273,Pavenham Park Golf Club,"High Street, Pavenham, Bedford, MK43 7PE",93,High Street,Pavenham,,Bedford,MK43 7PE
101274,Peacehaven Golf & Fitness,"Brighton Road, Newhaven, BN9 9UH",93,Brighton Road,,,Newhaven,BN9 9UH
102672,Pearl Lake Holiday Park,"Pearl Lake Country Holiday Park, Shobdon, Leominster, HR6 9NQ",93,Pearl Lake Country Holiday Park,Shobdon,,Leominster,HR6 9NQ
101275,Pedham Place Golf Centre,"London Road, Swanley, BR8 8PP",93,London Road,,,Swanley,BR8 8PP
101276,Peel Golf Club,"Rheast Lane, Peel, IM5 1BG",93,Rheast Lane,,,Peel,IM5 1BG
101277,Penn Golf Club,"Penn Common, Wolverhampton, WV4 5JN",93,Penn Common,,,Wolverhampton,WV4 5JN
101278,Pennington Golf Club,"St. Helens Road, Leigh, WN7 3PA",93,St. Helens Road,,,Leigh,WN7 3PA
101279,Penrith Golf Club,"Salkeld Road, Penrith, CA11 8SG",93,Salkeld Road,,,Penrith,CA11 8SG
102369,Penrith Golf Hub,"Redhills, Penrith, CA11 0DR",94,Redhills,,,Penrith,CA11 0DR
101280,Penwortham Golf Club,"Blundell Lane, Penwortham, Preston, PR1 0AX",94,Blundell Lane,Penwortham,,Preston,PR1 0AX
101284,Perivale Park Golf Club,"c/o Brent Valley Golf Club, Church Road, London, W7 3BE",94,c/o Brent Valley Golf Club,Church Road,,London,W7 3BE
101285,Perranporth Golf Club,"Budnic Hill, Perranporth, TR6 0AB",94,Budnic Hill,,,Perranporth,TR6 0AB
101287,Peterborough Milton Golf Club,"Milton Ferry, Peterborough, PE6 7AG",94,Milton Ferry,,,Peterborough,PE6 7AG
101288,Petersfield Golf Club,"Tankerdale Lane, Liss, GU33 7QY",94,Tankerdale Lane,,,Liss,GU33 7QY
101290,Phoenix Golf Club,"Phoenix Pavilion, Pavilion Lane, Brinsworth, Rotherham, S60 5PA",94,Phoenix Pavilion,Pavilion Lane,Brinsworth,Rotherham,S60 5PA
101292,Pike Fold Golf Club,"Hills Lane, Unsworth, Bury, BL9 8QP",94,Hills Lane,Unsworth,,Bury,BL9 8QP
101293,Pike Hills Golf Club,"Tadcaster Road, Askham Bryan, York, YO23 3UW",94,Tadcaster Road,Askham Bryan,,York,YO23 3UW
101294,Piltdown Golf Club,"Golf Club Lane, Piltdown, Uckfield, TN22 3XB",94,Golf Club Lane,Piltdown,,Uckfield,TN22 3XB
101295,Pine Ridge Golf Centre,"Old Bisley Road, Frimley, Camberley, GU16 9NX",94,Old Bisley Road,Frimley,,Camberley,GU16 9NX
101296,Pinner Hill Golf Club,"South View Road, Pinner Hill, HA5 3YA",95,South View Road,,,Pinner Hill,HA5 3YA
102681,Play In Golf,"Unit 7, Duke Avenue, Stanley Green, Cheadle Hulme, SK8 6RX",95,Unit 7,Duke Avenue,Stanley Green,Cheadle Hulme,SK8 6RX
101297,Pleasington Golf Club,"Pleasington Lane, Blackburn, BB2 5JF",95,Pleasington Lane,,,Blackburn,BB2 5JF
101298,Pontefract & District Golf Club,"Park Lane, Pontefract, WF8 4QS",95,Park Lane,,,Pontefract,WF8 4QS
101299,Ponteland Golf Club,"53 Bell Villas, Ponteland, Newcastle upon Tyne, NE20 9BD",95,53 Bell Villas,Ponteland,,Newcastle upon Tyne,NE20 9BD
101300,Port St Mary Golf Club,"The Pavillion, Kallow Point Road, Port St Mary, IM9 5EJ",95,The Pavillion,Kallow Point Road,,Port St Mary,IM9 5EJ
101302,Portal Golf Club,"Cobblers Cross Lane, Tarporley, CW6 0JA",95,Cobblers Cross Lane,,,Tarporley,CW6 0JA
102096,Portal Arderne Golf Club,"Cobblers Cross Lane, Tarporley, CW6 0JA",95,Cobblers Cross Lane,,,Tarporley,CW6 0JA
101304,Porters Park Golf Club,"Shenley Hill, Radlett, WD7 7AZ",95,Shenley Hill,,,Radlett,WD7 7AZ
101305,Porthpean Golf Club,"Porthpean, St. Austell, PL26 6AY",95,Porthpean,,,St. Austell,PL26 6AY
101306,Portmore Golf Park,"Landkey Road, Barnstaple, EX32 9LB",95,Landkey Road,,,Barnstaple,EX32 9LB
101307,Portsmouth Golf Club,"Crookhorn Lane, Waterlooville, Portsmouth, PO7 5QL",95,Crookhorn Lane,Waterlooville,,Portsmouth,PO7 5QL
101308,Pottergate Golf Club,"Moor Lane, Branston, Lincoln, LN4 1JA",96,Moor Lane,Branston,,Lincoln,LN4 1JA
100636,Potters Resorts Five Lakes Golf Club,"Colchester Road, Tolleshunt Knights, Maldon, CM9 8HX",96,Colchester Road,Tolleshunt Knights,,Maldon,CM9 8HX
101311,Poult Wood Golf Centre,"Higham Lane, Tonbridge, TN11 9QR",96,Higham Lane,,,Tonbridge,TN11 9QR
101312,Poulton Park Golf Club,"Crab Lane, Cinnamon Brow, Warrington, WA2 0SH",96,Crab Lane,Cinnamon Brow,,Warrington,WA2 0SH
101313,Poulton-Le-Fylde Golf Club,"Myrtle Farm, Breck Road, Poulton le Fylde, Poulton-le-Fylde, FY6 7HJ",96,Myrtle Farm,Breck Road,Poulton le Fylde,Poulton-le-Fylde,FY6 7HJ
102438,Prairie Sports Village,"Windermere Avenue, Burnley, BB10 2FU",96,Windermere Avenue,,,Burnley,BB10 2FU
101315,Prenton Golf Club,"Golf Links Road, Prenton, Wirral, CH42 8LW",96,Golf Links Road,Prenton,,Wirral,CH42 8LW
101316,Prestbury Golf Club,"Macclesfield Road, Prestbury, Nr Macclesfield, SK10 4BJ",96,Macclesfield Road,Prestbury,,Nr Macclesfield,SK10 4BJ
101317,Preston Golf Club,"Fulwood Hall Lane, Fulwood, Preston, PR2 8DD",96,Fulwood Hall Lane,Fulwood,,Preston,PR2 8DD
101318,Prestwich Golf Club,"Hilton Lane, Prestwich, Manchester, M25 9XB",96,Hilton Lane,Prestwich,,Manchester,M25 9XB
101319,Princes Golf Club,"Sandwich Bay, Sandwich, CT13 9QB",96,Sandwich Bay,,,Sandwich,CT13 9QB
101320,Princes Risborough Golf Club,"Lee Road, Saunderton Lee, Aylesbury, HP27 9NX",96,Lee Road,Saunderton Lee,,Aylesbury,HP27 9NX
101321,Priors Hall Golf Club,"Stamford Road, Weldon, NN17 3JH",97,Stamford Road,,,Weldon,NN17 3JH
101322,Prudhoe Golf Club,"Eastwood Park, Prudhoe, NE42 5DX",97,Eastwood Park,,,Prudhoe,NE42 5DX
101323,Pryors Hayes Golf Club,"Willington Road, Oscroft, Tarvin, CH3 8NL",97,Willington Road,Oscroft,,Tarvin,CH3 8NL
100851,Puckrup Hall Hotel & Golf Club,"Puckrup, Tewkesbury, GL20 6EL",97,Puckrup,,,Tewkesbury,GL20 6EL
101325,Purley Downs Golf Club,"106 Purley Downs Road, Sanderstead, South Croydon, CR2 0RB",97,106 Purley Downs Road,Sanderstead,,South Croydon,CR2 0RB
101326,Puttenham Golf Club,"Heath Road, Puttenham, Guildford, GU3 1AL",97,Heath Road,Puttenham,,Guildford,GU3 1AL
101327,Pyecombe Golf Club,"Clayton Hill, Pyecombe, BN45 7FF",97,Clayton Hill,,,Pyecombe,BN45 7FF
101328,Pype Hayes Golf Club,"Eachelhurst Road, Pype Hayes, Birmingham, B76 1EP",97,Eachelhurst Road,Pype Hayes,,Birmingham,B76 1EP
101329,Pyrford Lakes,"Warren Lane, Pyrford, Woking, GU22 8XR",97,Warren Lane,Pyrford,,Woking,GU22 8XR
101331,Queens Park Golf Club,"Queens Park Golf Pavillion, Queens Park West Drive, Bournemouth, BH8 9BY",97,Queens Park Golf Pavillion,Queens Park West Drive,,Bournemouth,BH8 9BY
101332,Queens Park Golf Club,"Queens Park Drive, Crewe, CW2 7SN",97,Queens Park Drive,,,Crewe,CW2 7SN
101333,Queensbury Golf Club,"Brighouse Road, Queensbury, Bradford, BD13 1QF",97,Brighouse Road,Queensbury,,Bradford,BD13 1QF
101334,Queenwood Golf Club,"Stonehill Road, Ottershaw, KT16 0AQ",98,Stonehill Road,,,Ottershaw,KT16 0AQ
101336,Radcliffe-On-Trent Golf Club,"Dewberry Lane, Cropwell Road, Radcliffe-On-Trent, Nottingham, NG12 2JH",98,Dewberry Lane,Cropwell Road,Radcliffe-On-Trent,Nottingham,NG12 2JH
101337,Radley Golf Club,"Radley College, Kennington Road, Radley, Abingdon, OX14 2HR",98,Radley College,Kennington Road,Radley,Abingdon,OX14 2HR
101338,Radnor Golf & Leisure,"Radnor Road, Treleigh, Redruth, TR16 5EL",98,Radnor Road,Treleigh,,Redruth,TR16 5EL
101343,Ramsdale Park Golf Centre,"Oxton Road, Calverton, Nottingham, NG14 6NU",98,Oxton Road,Calverton,,Nottingham,NG14 6NU
101344,Ramsey Golf Club,"4 Abbey Terrace, Huntingdon, PE26 1DD",98,4 Abbey Terrace,,,Huntingdon,PE26 1DD
101345,Ramsey Golf Club,"Brookfield Avenue, Ramsey, IM8 1AA",98,Brookfield Avenue,,,Ramsey,IM8 1AA
101346,"Ramside Hall Hotel, Golf & Spa","Carrville, Durham, DH1 1TD",98,Carrville,,,Durham,DH1 1TD
101283,Ravenmeadow & Perdiswell Park Golf Club,"Hindlip Lane, Claines, Worcester, WR3 8SA",98,Hindlip Lane,,Claines,Worcester,WR3 8SA
101348,Ravensworth Golf Club,"Angel View, Long Bank, Eighton Banks, Gateshead, NE9 7NE",98,Angel View,Long Bank,Eighton Banks,Gateshead,NE9 7NE
101349,Rawdon Golf & Lawn Tennis Club,"Buckstone Drive, Rawdon, Leeds, LS19 6BB",98,Buckstone Drive,Rawdon,,Leeds,LS19 6BB
101352,Redbourn Golf Club,"Kinsbourne Green Lane, Redbourne, AL3 7QA",98,Kinsbourne Green Lane,,,Redbourne,AL3 7QA
101353,Reddish Vale Golf Club,"Southcliffe Road, Reddish, Stockport, SK5 7EE",99,Southcliffe Road,Reddish,,Stockport,SK5 7EE
101354,Redditch Golf Club,"Lower Grinsty, Green Lane, Callow Hill, Redditch, B97 5PJ",99,Lower Grinsty,Green Lane,Callow Hill,Redditch,B97 5PJ
101355,Redditch Kingfisher Golf Club,"Pitcheroak Golf Course, Plymouth Road, Redditch, B97 4PB",99,Pitcheroak Golf Course,Plymouth Road,,Redditch,B97 4PB
101359,Redlibbets Golf Club,"Manor Lane, West Yoke, Ash, TN15 7HT",99,Manor Lane,West Yoke,,Ash,TN15 7HT
101360,Regent Park Golf Club,"Links Road, Bolton, BL6 4AF",99,Links Road,,,Bolton,BL6 4AF
101363,Reigate Heath Golf Club,"Flanchford Road, Reigate Heath, RH2 8QR",99,Flanchford Road,,,Reigate Heath,RH2 8QR
101362,Reigate Heath Artisans Golf Club,"Flanchford Road, Reigate Heath, RH2 8QR",99,Flanchford Road,,,Reigate Heath,RH2 8QR
101364,Reigate Hill Golf Club,"Gatton Bottom, Reigate, RH2 0TU",99,Gatton Bottom,,,Reigate,RH2 0TU
101365,Remedy Oak Golf Club,"Horton Road, Woodlands, BH21 8ND",99,Horton Road,,,Woodlands,BH21 8ND
101367,Retford Golf Club,"Brecks Road, Retford, DN22 7UA",99,Brecks Road,,,Retford,DN22 7UA
101368,Richings Park Golf Club,"North Park, Iver, SL0 9DL",99,North Park,,,Iver,SL0 9DL
101369,Richmond Golf Club,"Sudbrook Lane, Petersham, Richmond, TW10 7AS",99,Sudbrook Lane,Petersham,,Richmond,TW10 7AS
101371,Richmond Park Golf Club,"Norstead Place, London, SW15 3SA",100,Norstead Place,,,London,SW15 3SA
101372,Richmond Park Golf Club,"Saham Road, Watton, Thetford, IP25 6EA",100,Saham Road,Watton,,Thetford,IP25 6EA
101370,Richmond Yorks Golf Club,"Bend Hagg, Richmond, DL10 5EX",100,Bend Hagg,,,Richmond,DL10 5EX
101373,Rickmansworth Golf Club,"Moor Lane, Rickmansworth, WD3 1QL",100,Moor Lane,,,Rickmansworth,WD3 1QL
101376,Ringway Golf Club,"Hale Road, Hale Barns, Altrincham, WA15 8SW",100,Hale Road,Hale Barns,,Altrincham,WA15 8SW
101377,Ripon City Golf Club,"Palace Road, Ripon, HG4 3HH",100,Palace Road,,,Ripon,HG4 3HH
101378,Risebridge Golf Club,"Risebridge Chase, Romford, RM1 4DG",100,Risebridge Chase,,,Romford,RM1 4DG
101379,Rishton Golf Club,"Eachill Links, Hawthorn Drive, Blackburn, BB1 4HG",100,Eachill Links,Hawthorn Drive,,Blackburn,BB1 4HG
101380,Rivenhall Oaks Golf Centre,"Evans Way (off Forest Road), Witham, CM8 2FX",100,Evans Way (off Forest Road),,,Witham,CM8 2FX
102649,RMH Golf,"Unit E Howland Business Park, Howland Road, Thame, OX9 3GQ",100,Unit E Howland Business Park,Howland Road,,Thame,OX9 3GQ
101381,Robin Hood Golf Club,"St Bernards Road, Solihull, B92 7DJ",100,St Bernards Road,,,Solihull,B92 7DJ
101382,Rochdale Golf Club,"Edenfield Road, Bagslate, Rochdale, OL11 5YR",100,Edenfield Road,Bagslate,,Rochdale,OL11 5YR
101383,Rochester & Cobham Park Golf Club,"Park Pale, Rochester, ME2 3UL",101,Park Pale,,,Rochester,ME2 3UL
101384,Rochford Hundred Golf Club,"Hall Road, Rochford, Southend-on-Sea, SS4 1NW",101,Hall Road,Rochford,,Southend-on-Sea,SS4 1NW
102059,Rockliffe Hall Golf Club,"Hurworth on Tees, Darlington, DL2 2DU",101,Hurworth on Tees,,,Darlington,DL2 2DU
101385,Rodway Hill Golf Club,"Newent Road, Highnam, GL2 8DR",101,Newent Road,,,Highnam,GL2 8DR
101386,Roehampton Club,"Roehampton Lane, London, SW15 5LR",101,Roehampton Lane,,,London,SW15 5LR
101388,Romanby Golf & Country Club,"Yafforth Road, Northallerton, DL7 0PE",101,Yafforth Road,,,Northallerton,DL7 0PE
101389,Romford Golf Club,"Heath Drive, Gidea Park, Romford, RM2 5QB",101,Heath Drive,Gidea Park,,Romford,RM2 5QB
101390,Romiley Golf Club,"Goosehouse Green, Romiley, Stockport, SK6 4LJ",101,Goosehouse Green,Romiley,,Stockport,SK6 4LJ
101392,Romsey Golf Club,"Romsey Road, Nursling, Southampton, SO16 0XW",101,Romsey Road,Nursling,,Southampton,SO16 0XW
101393,Rookery Park Golf Club,"Beccles Road, Carlton Colville, Lowestoft, NR33 8HJ",101,Beccles Road,Carlton Colville,,Lowestoft,NR33 8HJ
102444,Rookwood Golf Course,"Robin Hood Lane, Warnham, Horsham, RH12 3RR",101,Robin Hood Lane,Warnham,,Horsham,RH12 3RR
101395,Rose Hill Golf Club,"Rose Hill, Rednal, Birmingham, B45 8RR",101,Rose Hill,Rednal,,Birmingham,B45 8RR
101396,Roseberry Grange Golf Club,"Grange Villa, Chester le Street, DH2 3NF",102,Grange Villa,,,Chester le Street,DH2 3NF
101399,Ross-On-Wye Golf Club,"Gorsley, Ross-on-Wye, HR9 7UT",102,Gorsley,,,Ross-on-Wye,HR9 7UT
101398,Rossendale Golf Club,"Ewood Lane Head, Haslingden, Rossendale, BB4 6LH",102,Ewood Lane Head,Haslingden,,Rossendale,BB4 6LH
101400,Rothbury Golf Club,"Whitton Bank Road, Rothbury, Morpeth, NE65 7RX",102,Whitton Bank Road,Rothbury,,Morpeth,NE65 7RX
101401,Rother Valley Golf Centre,"Mansfield Road, Wales Bar, Sheffield, S26 5PQ",102,Mansfield Road,Wales Bar,,Sheffield,S26 5PQ
101402,Rotherham Golf Club,"Doncaster Road, Thrybergh, Rotherham, S65 4NU",102,Doncaster Road,Thrybergh,,Rotherham,S65 4NU
101403,Rothley Park Golf Club,"Westfield Lane, Rothley, Leicester, LE7 7LH",102,Westfield Lane,Rothley,,Leicester,LE7 7LH
101404,Roundhay Park Golf Club,"Park Lane, Roundhay, Leeds, LS8 2EJ",102,Park Lane,Roundhay,,Leeds,LS8 2EJ
101405,Roundwood Golf Sports & Social Club,"Roundwood Pavilion, Off Green Lane, Rawmarsh, Rotherham, S62 6LA",102,Roundwood Pavilion,Off Green Lane,Rawmarsh,Rotherham,S62 6LA
101406,Rowany Golf Club,"Rowany Drive, Port Erin, IM9 6LN",102,Rowany Drive,,,Port Erin,IM9 6LN
101407,Rowlands Castle Golf Club,"31 Links Lane, Rowlands Castle, PO9 6AE",102,31 Links Lane,,,Rowlands Castle,PO9 6AE
101409,Royal Ascot Golf Club,"Winkfield Road, Ascot, SL5 7LJ",102,Winkfield Road,,,Ascot,SL5 7LJ
101410,Royal Ashdown Forest Golf Club,"Chapel Lane, Forest Row, RH18 5LR",103,Chapel Lane,,,Forest Row,RH18 5LR
101411,Royal Automobile Club,"Woodcote Park, Wilmerhatch Lane, Epsom, KT18 7EW",103,Woodcote Park,Wilmerhatch Lane,,Epsom,KT18 7EW
101413,Royal Birkdale Golf Club,"Waterloo Road, Southport, PR8 2LX",103,Waterloo Road,,,Southport,PR8 2LX
101412,Royal Birkdale Artisans Golf Club,"Waterloo Road, Southport, PR8 2LX",103,Waterloo Road,,,Southport,PR8 2LX
101415,Royal Blackheath Golf Club,"Court Road, Eltham, SE9 5AF",103,Court Road,,,Eltham,SE9 5AF
101414,Royal Blackheath Artisans Golf Club,"Court Road, Eltham, SE9 5AF",103,Court Road,,,Eltham,SE9 5AF
101417,Royal Cinque Ports Golf Club,"Golf Road, Deal, CT14 6RF",103,Golf Road,,,Deal,CT14 6RF
101416,Royal Cinque Ports Artisans,"Golf Road, Deal, CT14 6RF",103,Golf Road,,,Deal,CT14 6RF
101418,Royal Cromer Golf Club,"145 Overstrand Road, Cromer, NR27 0JH",103,145 Overstrand Road,,,Cromer,NR27 0JH
101419,Royal Eastbourne Golf Club,"Paradise Drive, Eastbourne, BN20 8BP",103,Paradise Drive,,,Eastbourne,BN20 8BP
101420,Royal Epping Forest Golf Club,"Forest Approach, Chingford, E4 7AZ",103,Forest Approach,,,Chingford,E4 7AZ
101421,Royal Guernsey Golf Club,"L'Ancresse Vale, Guernsey, GY3 5BY",103,L'Ancresse Vale,,,Guernsey,GY3 5BY
101422,Royal Household Golf Club,"Home Park, Windsor Castle, Windsor, SL4 1NJ",104,Home Park,Windsor Castle,,Windsor,SL4 1NJ
101423,Royal Jersey Golf Club,"Grouville, Jersey, JE3 9BD",104,Grouville,,,Jersey,JE3 9BD
101424,Royal Liverpool Golf Club,"Meols Drive, Hoylake, Wirral, CH47 4AL",104,Meols Drive,Hoylake,,Wirral,CH47 4AL
101425,Royal Liverpool Village Play Artisans Golf Club,"Meols Drive, Hoylake, Wirral, CH47 4AL",104,Meols Drive,Hoylake,,Wirral,CH47 4AL
101426,Royal Lytham & St Annes Golf Club,"Links Gate, Lytham St. Annes, FY8 3LQ",104,Links Gate,,,Lytham St. Annes,FY8 3LQ
101428,Royal Mid Surrey Golf Club,"Old Deer Park, Twickenham Road, Richmond, TW9 2SB",104,Old Deer Park,Twickenham Road,,Richmond,TW9 2SB
101427,Royal Mid Surrey Artisans Golf Club,"Old deer park, Twickenham Road, Richmond, TW9 2SB",104,Old deer park,Twickenham Road,,Richmond,TW9 2SB
101430,Royal North Devon Golf Club,"Golf Links Road, Westward Ho!, Bideford, EX39 1HD",104,Golf Links Road,Westward Ho!,,Bideford,EX39 1HD
101431,Royal Norwich Golf Club,"The Weston Estate, Weston Hall Road, Weston Longville, Norwich, NR9 5JZ",104,The Weston Estate,Weston Hall Road,Weston Longville,Norwich,NR9 5JZ
101433,Royal West Norfolk Golf Club,"Brancaster, King's Lynn, PE31 8AX",104,Brancaster,,,King's Lynn,PE31 8AX
101435,Royal Wimbledon Golf Club,"29 Camp Road, Wimbledon Common, London, SW19 4UW",104,29 Camp Road,Wimbledon Common,,London,SW19 4UW
101436,Royal Winchester Golf Club,"Sarum Road, Winchester, SO22 5QE",104,Sarum Road,,,Winchester,SO22 5QE
101437,Royal Worlington & Newmarket Golf Club,"Golf Links Road, Worlington, Bury St. Edmunds, IP28 8SD",105,Golf Links Road,Worlington,,Bury St. Edmunds,IP28 8SD
101438,Royston Golf Club,"Baldock Road, Royston, SG8 5BG",105,Baldock Road,,,Royston,SG8 5BG
101439,Rudding Park Hotel Spa & Golf Course,"Rudding Park Golf Academy, Rudding Lane, Follifoot, Harrogate, HG3 1JH",105,Rudding Park Golf Academy,Rudding Lane,Follifoot,Harrogate,HG3 1JH
101440,Ruddington Grange Golf Club,"Wilford Road, Ruddington, Nottingham, NG11 6NB",105,Wilford Road,Ruddington,,Nottingham,NG11 6NB
101441,Rufford Park Golf & Country Club,"Rufford Lane, Rufford, Newark, NG22 9DG",105,Rufford Lane,Rufford,,Newark,NG22 9DG
101442,Rugby Golf Club,"Clifton Road, Rugby, CV21 3RD",105,Clifton Road,,,Rugby,CV21 3RD
101444,Runcorn Golf Club,"Clifton Road, Runcorn, WA7 4SU",105,Clifton Road,,,Runcorn,WA7 4SU
101445,Rushcliffe Golf Club,"Stocking Lane, East Leake, LE12 5RL",105,Stocking Lane,,,East Leake,LE12 5RL
101446,Rushden Golf Club,"Kimbolton Road, Chelveston, Wellingborough, NN9 6AN",105,Kimbolton Road,Chelveston,,Wellingborough,NN9 6AN
101447,Rushmere Golf Club,"Rushmere Heath, Bixley, Ipswich, IP4 5QQ",105,Rushmere Heath,Bixley,,Ipswich,IP4 5QQ
101448,Rushmore Golf Club,"Tollard Royal, Salisbury, SP5 5QB",105,Tollard Royal,,,Salisbury,SP5 5QB
101450,Rustington Golf Centre,"Golfers Lane, Angmering, Littlehampton, BN16 4NB",105,Golfers Lane,Angmering,,Littlehampton,BN16 4NB
101452,Rutland Water Golf Course,"Lodge Farm, Oakham, LE15 8HB",106,Lodge Farm,,,Oakham,LE15 8HB
101453,Ryburn Golf Club,"The Shaw, Norland, Sowerby Bridge, HX6 3QP",106,The Shaw,Norland,,Sowerby Bridge,HX6 3QP
101454,Ryde Golf Club,"Binstead Road, Ryde, PO33 3NF",106,Binstead Road,,,Ryde,PO33 3NF
101456,Rye Golf Club,"Camber Road, Camber, Rye, TN31 7QS",106,Camber Road,Camber,,Rye,TN31 7QS
101455,Rye Artisans Golf Club,"Camber Road, Camber, Rye, TN31 7QS",106,Camber Road,Camber,,Rye,TN31 7QS
101457,Rye Hill Golf Club,"Milcombe, Banbury, OX15 4RU",106,Milcombe,,,Banbury,OX15 4RU
101458,Ryston Park Golf Club,"Denver, Downham Market, PE38 0HH",106,Denver,,,Downham Market,PE38 0HH
101459,Ryton Golf Club,"Clara Vale, Ryton, NE40 3TD",106,Clara Vale,,,Ryton,NE40 3TD
101460,Saddleworth Golf Club,"Mountain Ash, Ladcastle Road, Nr Oldham, OL3 6LT",106,Mountain Ash,Ladcastle Road,,Nr Oldham,OL3 6LT
101461,Saffron Walden Golf Club,"Windmill Hill, Saffron Walden, CB10 1BX",106,Windmill Hill,,,Saffron Walden,CB10 1BX
101462,Sale Golf Club,"Sale Lodge, Golf Road, Sale, M33 2XU",106,Sale Lodge,Golf Road,,Sale,M33 2XU
101463,Salisbury & South Wilts Golf Club,"Netherhampton Road, Netherhampton, Salisbury, SP2 8PR",106,Netherhampton Road,Netherhampton,,Salisbury,SP2 8PR
101464,Saltburn-By-The-Sea Golf Club,"Hob Hill, Saltburn by the Sea, Cleveland, TS12 1NJ",107,Hob Hill,Saltburn by the Sea,,Cleveland,TS12 1NJ
101465,Saltford Golf Club,"Golf Club Lane, Saltford, Bristol, BS31 3AA",107,Golf Club Lane,Saltford,,Bristol,BS31 3AA
101466,Sand Martins Golf Club,"Finchampstead Road, Wokingham, RG40 3RQ",107,Finchampstead Road,,,Wokingham,RG40 3RQ
101467,Sand Moor Golf Club,"Alwoodley Lane, Leeds, LS17 7DJ",107,Alwoodley Lane,,,Leeds,LS17 7DJ
101468,Sandbach Golf Club,"117 Middlewich Road, Sandbach, CW11 1FH",107,117 Middlewich Road,,,Sandbach,CW11 1FH
101469,Sandburn Hall Golf Club,"Flaxton, York, YO60 7RB",107,Flaxton,,,York,YO60 7RB
101470,Sandford Springs Golf Club,"Kingsclere, Kingsclere, RG26 5RT",107,Kingsclere,,,Kingsclere,RG26 5RT
101471,Sandhill Golf Club,"Middlecliffe Lane, Little Houghton, Barnsley, S72 0HW",107,Middlecliffe Lane,Little Houghton,,Barnsley,S72 0HW
101473,Sandiway Golf Club,"Chester Road, Sandiway, Northwich, CW8 2DJ",107,Chester Road,Sandiway,,Northwich,CW8 2DJ
101474,Sandown Park Golf Centre,"More Lane, Esher, Esher, KT10 8AN",107,More Lane,Esher,,Esher,KT10 8AN
101475,Sandwell Park Golf Club,"Birmingham Road, West Bromwich Central, B71 4JJ",107,Birmingham Road,,,West Bromwich Central,B71 4JJ
101478,Sandy Lodge Golf Club,"Sandy Lodge Lane, Northwood, HA6 2JD",107,Sandy Lodge Lane,,,Northwood,HA6 2JD
101477,Sandy Lodge Artisans Golf Club,"25 Gallows Hill Lane, ABBOTS LANGLEY, WD5 0DB",108,25 Gallows Hill Lane,,,ABBOTS LANGLEY,WD5 0DB
101481,Saunton Golf Club,"Saunton, Nr Braunton, EX33 1LG",108,Saunton,,,Nr Braunton,EX33 1LG
101480,Saunton Artisans Golf Club,"Saunton, Nr Braunton, EX33 1LG",108,Saunton,,,Nr Braunton,EX33 1LG
101482,Scalm Park Golf Club,"Wistow Common, Selby, YO8 3RD",108,Wistow Common,,,Selby,YO8 3RD
101483,Scarborough North Cliff Golf Club,"North Cliff Avenue, Scarborough, YO12 6PP",108,North Cliff Avenue,,,Scarborough,YO12 6PP
101484,Scarborough South Cliff Golf Club,"Deepdale Avenue, Scarborough, YO11 2UE",108,Deepdale Avenue,,,Scarborough,YO11 2UE
101485,Scarcroft Golf Club,"Syke Lane, Scarcroft, Leeds, LS14 3BQ",108,Syke Lane,Scarcroft,,Leeds,LS14 3BQ
101487,Scraptoft Golf Club,"Beeby Road, Leicester, LE7 9SJ",108,Beeby Road,,,Leicester,LE7 9SJ
102641,Scratch Golf Studio,"6, Tyne Point Industrial Estate, Shaftesbury Avenue, Jarrow, NE32 3RA",108,"6, Tyne Point Industrial Estate",Shaftesbury Avenue,,Jarrow,NE32 3RA
102660,Scratch Wandsworth,"5 Chivers Passage, London, SW18 1UP",108,5 Chivers Passage,,,London,SW18 1UP
101488,Seacroft Golf Club,"Drummond Road, Seacroft, Skegness, PE25 3AU",108,Drummond Road,Seacroft,,Skegness,PE25 3AU
101489,Seaford Golf Club,"111 Firle Road, Seaford, BN25 2JD",108,111 Firle Road,,,Seaford,BN25 2JD
101490,Seaford Head Golf Course,"Southdown Road, Seaford, BN25 4JS",109,Southdown Road,,,Seaford,BN25 4JS
101491,Seaham Golf Club,"Shrewsbury Street, Seaham, SR7 7RD",109,Shrewsbury Street,,,Seaham,SR7 7RD
101492,Seahouses Golf Club,"Beadnell Road, Seahouses, NE68 7XT",109,Beadnell Road,,,Seahouses,NE68 7XT
101493,Searles Leisure Resort,"South Beach Road, Searles Lesiure Resort, Hunstanton, PE36 5BB",109,South Beach Road,Searles Lesiure Resort,,Hunstanton,PE36 5BB
101494,Seascale Golf Club,"The Banks, Seascale, CA20 1QL",109,The Banks,,,Seascale,CA20 1QL
101495,Seaton Carew Golf Club,"Tees Road, Seaton Carew, Hartlepool, TS25 1DE",109,Tees Road,Seaton Carew,,Hartlepool,TS25 1DE
101496,Seckford Golf Club,"Seckford Hall Road, Great Bealings, Woodbridge, IP13 6NT",109,Seckford Hall Road,Great Bealings,,Woodbridge,IP13 6NT
101497,Sedbergh Golf Club,"Catholes-Abbot Holme, Sedbergh, LA10 5SS",109,Catholes-Abbot Holme,,,Sedbergh,LA10 5SS
101498,Sedgley Golf Club,"Sandyfields Road, Sedgley, Dudley, DY3 3DL",109,Sandyfields Road,Sedgley,,Dudley,DY3 3DL
101499,Sedlescombe Golf Club,"Kent Street, Battle, TN33 0SG",109,Kent Street,,,Battle,TN33 0SG
101500,Selby Golf Club,"Brayton Barff, Selby, YO8 9LD",109,Brayton Barff,,,Selby,YO8 9LD
101502,Selsey Golf Club,"Golf Links Lane, Selsey, PO20 9DR",109,Golf Links Lane,,,Selsey,PO20 9DR
101503,Sene Valley Golf Club,"Blackhouse Hill, Hythe, CT18 8BL",110,Blackhouse Hill,,,Hythe,CT18 8BL
101504,Serlby Park Golf Club,"SERLBY PARK GOLF CLUB, Serlby, Doncaster, DN10 6BA",110,SERLBY PARK GOLF CLUB,Serlby,,Doncaster,DN10 6BA
101505,Settle & Giggleswick Golf Club,"Buckhaw Brow, Giggleswick, Settle, BD24 0DH",110,Buckhaw Brow,Giggleswick,,Settle,BD24 0DH
101506,Sevenoaks Town Golf Club,"Seal Hollow Road, Sevenoaks, TN15 0HJ",110,Seal Hollow Road,,,Sevenoaks,TN15 0HJ
101508,Shanklin & Sandown Golf Club,"The Fairway, Lake, Sandown, PO36 9PR",110,The Fairway,Lake,,Sandown,PO36 9PR
100435,Sharnbrook Golf Club,"Colworth Science Park, Sharnbrook, Bedford, MK44 1LQ",110,Colworth Science Park,Sharnbrook,,Bedford,MK44 1LQ
102067,Sharpley Springs Golf Club,"Sharpley Golf, Seaton Seaham, SR7 0NP",110,Sharpley Golf,,,Seaton Seaham,SR7 0NP
101509,Shaw Hill Hotel Golf & Country Club,"Whittle Le Woods, Nr Buckshaw, Chorley, PR6 7PP",110,Whittle Le Woods,Nr Buckshaw,,Chorley,PR6 7PP
101510,Sheerness Golf Club,"Power Station Road, Sheerness, ME12 3AD",110,Power Station Road,,,Sheerness,ME12 3AD
102050,Shendish Manor Golf Club,"London Road, Hemel Hempstead, HP3 0AA",110,London Road,,,Hemel Hempstead,HP3 0AA
101511,Sherborne Golf Club,"Higher Clatcombe, Sherborne, DT9 4RN",110,Higher Clatcombe,,,Sherborne,DT9 4RN
101512,Sherdley Park Golf Club,"Sherdley Road, St. Helens, WA9 5DE",110,Sherdley Road,,,St. Helens,WA9 5DE
101513,Sherdons Golf Centre,"Tredington, Nr Tewkesbury, GL20 7BP",111,Tredington,,,Nr Tewkesbury,GL20 7BP
101514,Sherfield Oaks Golf Club,"Wildmoor Lane, Sherfield on Loddon, Hook, Basingstoke, RG27 0HB",111,Wildmoor Lane,Sherfield on Loddon,Hook,Basingstoke,RG27 0HB
101515,Sheringham Golf Club,"Sweet Briar Lane, Sheringham, NR26 8HG",111,Sweet Briar Lane,,,Sheringham,NR26 8HG
101516,Sherwood Forest Golf Club,"Eakring Road, Mansfield, NG18 3EW",111,Eakring Road,,,Mansfield,NG18 3EW
101517,Shifnal Golf Club,"Decker Hill, Shifnal, TF11 8QL",111,Decker Hill,,,Shifnal,TF11 8QL
101518,Shipley Golf Club,"Beckfoot Lane, Bingley, BD16 1LX",111,Beckfoot Lane,,,Bingley,BD16 1LX
101519,Shirehampton Park Golf Club,"Park Hill, Shirehampton, Bristol, BS11 0UL",111,Park Hill,,Shirehampton,Bristol,BS11 0UL
101520,Shirland Golf Club,"Pit Lane, Shirland, Alfreton, DE55 6AU",111,Pit Lane,Shirland,,Alfreton,DE55 6AU
101521,Shirley Golf Club,"Stratford Road, Monkspath, Solihull, B90 4EW",111,Stratford Road,Monkspath,,Solihull,B90 4EW
101522,Shirley Park Golf Club,"Addiscombe Road, Shirley, Croydon, CR0 7LB",111,Addiscombe Road,Shirley,,Croydon,CR0 7LB
101524,Shooters Hill Golf Club,"Eaglesfield Road, Shooters Hill, SE18 3DA",111,Eaglesfield Road,,,Shooters Hill,SE18 3DA
101526,Shortlands Golf Club,"Ravensbourne Avenue, Shortlands, BR2 0BP",111,Ravensbourne Avenue,,,Shortlands,BR2 0BP
101528,Shrewsbury Golf Club,"Grange Lane, Condover, Shrewsbury, SY5 7BL",112,Grange Lane,Condover,,Shrewsbury,SY5 7BL
101530,Shrivenham Park Golf Club,"Pennyhooks Lane, Shrivenham, Swindon, SN6 8EX",112,Pennyhooks Lane,Shrivenham,,Swindon,SN6 8EX
101531,Sickleholme Golf Club,"Station Road, Bamford, Hope Valley, S33 0BN",112,Station Road,Bamford,,Hope Valley,S33 0BN
101532,Sidcup Golf Club,"Hurst Road, Sidcup, DA15 9AW",112,Hurst Road,,,Sidcup,DA15 9AW
102604,Sidcup Family Golf,"A20 Sidcup Bypass, Chislehurst, BR7 6RP",112,A20 Sidcup Bypass,,,Chislehurst,BR7 6RP
101533,Sidmouth Golf Club,"Cotmaton Road, Sidmouth, EX10 8SX",112,Cotmaton Road,,,Sidmouth,EX10 8SX
101534,Silecroft Golf Club,"Silecroft, Nr Millom, LA18 4NX",112,Silecroft,,,Nr Millom,LA18 4NX
101535,Silkstone Golf Club,"Field Head, Elmhirst Lane, Silkstone, Barnsley, S75 4LD",112,Field Head,Elmhirst Lane,Silkstone,Barnsley,S75 4LD
101536,Silloth On Solway Golf Club,"Station Road, Silloth, Wigton, CA7 4BL",112,Station Road,Silloth,,Wigton,CA7 4BL
101538,Silverdale Golf Club,"Red Bridge Lane, Silverdale, LA5 0SP",112,Red Bridge Lane,,,Silverdale,LA5 0SP
101539,Silvermere Golf & Leisure Complex,"Redhill Road, Cobham, KT11 1EF",112,Redhill Road,,,Cobham,KT11 1EF
101540,Silverstone Golf Club,"Silverstone Road, Stowe, Buckingham, MK18 5LH",112,Silverstone Road,Stowe,,Buckingham,MK18 5LH
102573,Sim Pro Golf,"Prospect House, Wilton Road, Humberston, Grimsby, DN36 4AW",113,Prospect House,Wilton Road,Humberston,Grimsby,DN36 4AW
101541,Singing Hills Golf Course,"Muddleswood Road, Albourne, BN6 9EB",113,Muddleswood Road,,,Albourne,BN6 9EB
101542,Sittingbourne & Milton Regis Golf Club,"Wormdale Hill, Newington, Sittingbourne, ME9 7PX",113,Wormdale Hill,Newington,,Sittingbourne,ME9 7PX
101543,Sitwell Park Golf Club,"Shrogs Wood Road, Rotherham, S60 4BY",113,Shrogs Wood Road,,,Rotherham,S60 4BY
101544,Six Hills Golf Club,"Six Hills Road, Old Dalby, Melton Mowbray, LE14 3LY",113,Six Hills Road,Old Dalby,,Melton Mowbray,LE14 3LY
101545,Skidby Lakes Golf Club,"Harland Way, Cottingham, HU16 5SW",113,Harland Way,,,Cottingham,HU16 5SW
101546,Skipton Golf Club,"Short Lee Lane, Skipton, BD23 3LF",113,Short Lee Lane,,,Skipton,BD23 3LF
102644,Skratch Golf,"40 Ludgate Hill, Birmingham, B3 1ER",113,40 Ludgate Hill,,,Birmingham,B3 1ER
101335,Skylark Golf & Country Club,"Skylark Meadows, Whiteley, PO15 6TJ",113,Skylark Meadows,,,Whiteley,PO15 6TJ
101547,Slaley Hall Golf Club,"Slaley, Hexham, NE47 0BX",113,Slaley,,,Hexham,NE47 0BX
101548,Sleaford Golf Club,"Willoughby Road, Graylees, Sleaford, NG34 8PL",113,Willoughby Road,Graylees,,Sleaford,NG34 8PL
101549,Slinfold Golf & Country Club,"Stane Street, Slinfold, Horsham, RH13 0RE",113,Stane Street,Slinfold,,Horsham,RH13 0RE
102655,Snainton Golf Centre,"Snainton Golf Centre, Yedingham Road, Snainton, Scarborough, YO13 9PG",114,Snainton Golf Centre,Yedingham Road,Snainton,Scarborough,YO13 9PG
102623,Solent Meads Golf Course,"Rolls Drive, Bournemouth, BH6 4NA",114,Rolls Drive,,,Bournemouth,BH6 4NA
101551,Sonning Golf Club,"Duffield Road, Sonning on Thames, Reading, RG4 6GJ",114,Duffield Road,Sonning on Thames,,Reading,RG4 6GJ
101552,South Beds Golf Club,"Warden Hill Road, Luton, LU2 7AE",114,Warden Hill Road,,,Luton,LU2 7AE
101553,South Bradford Golf Club,"Pearson Road, Odsal, BD6 1BJ",114,Pearson Road,,,Odsal,BD6 1BJ
100715,South Chesterfield Golf Club,"North Wingfield Road, Grassmoor, Chesterfield, S42 5EA",114,North Wingfield Road,Grassmoor,,Chesterfield,S42 5EA
101556,South Herefordshire Golf Club,"Twin Lakes, Upton Bishop, Ross-on-Wye, HR9 7UA",114,Twin Lakes,Upton Bishop,,Ross-on-Wye,HR9 7UA
101557,South Herts Golf Club,"Links Drive, Totteridge, N20 8QU",114,Links Drive,,,Totteridge,N20 8QU
101558,South Kyme Golf Club,"Skinners Lane, South Kyme, LN4 4AT",114,Skinners Lane,,,South Kyme,LN4 4AT
101560,South Moor Golf Club,"The Middles, Craghead, Stanley, DH9 6AG",114,The Middles,Craghead,,Stanley,DH9 6AG
101561,South Shields Golf Club,"Cleadon Hills, South Shields, NE34 8EG",114,Cleadon Hills,,,South Shields,NE34 8EG
101563,South Winchester Golf Club,"Romsey Road, Pitt, Winchester, SO22 5QX",115,Romsey Road,Pitt,,Winchester,SO22 5QX
101564,Southampton Golf Club,"Golf Course Road, Bassett, Southampton, SO16 7LE",115,Golf Course Road,Bassett,,Southampton,SO16 7LE
101565,Southend On Sea Golf Club,"Eastwood Road North, Belfairs, Leigh-on-Sea, SS9 4LR",115,Eastwood Road North,Belfairs,,Leigh-on-Sea,SS9 4LR
101570,Southport Golf Club,"Park Road West, Southport, PR9 0JS",115,Park Road West,,,Southport,PR9 0JS
101569,Southport & Ainsdale Golf Club,"Bradshaws Lane, Ainsdale, Southport, PR8 3LG",115,Bradshaws Lane,Ainsdale,,Southport,PR8 3LG
101568,Southport & Ainsdale Artisans Golf Club,"Bradshaws Lane, Ainsdale, Southport, PR8 3LG",115,Bradshaws Lane,Ainsdale,,Southport,PR8 3LG
102095,Southport Golf Academy,"Leisure Lakes Golf Complex, Mere Brow, Tarleton, Preston, PR4 6JX",115,Leisure Lakes Golf Complex,Mere Brow,Tarleton,Preston,PR4 6JX
102027,Southport Ladies Golf Club,"Park Road West, Southport, PR9 0JS",115,Park Road West,,,Southport,PR9 0JS
101571,Southport Old Links Golf Club,"Moss Lane, Southport, PR9 7QS",115,Moss Lane,,,Southport,PR9 7QS
101572,Southsea Golf Club,"Southsea Clubhouse, Burrfields Road, Portsmouth, PO3 5JJ",115,Southsea Clubhouse,Burrfields Road,,Portsmouth,PO3 5JJ
101574,Southwell Golf Club,"Rolleston, Nr Newark, NG25 0TS",115,Rolleston,,,Nr Newark,NG25 0TS
101575,Southwick Park Golf Club,"Pinsley Drive, Southwick, Fareham, PO17 6EL",115,Pinsley Drive,Southwick,,Fareham,PO17 6EL
101576,Southwold Golf Club,"The Common, Southwold, IP18 6TB",116,The Common,,,Southwold,IP18 6TB
101578,Spalding Golf Club,"Surfleet, Spalding, PE11 4EA",116,Surfleet,,,Spalding,PE11 4EA
101581,Springfield Park Golf Club,"Springfield Park, Bolton Road, Rochdale, OL11 4RE",116,Springfield Park,Bolton Road,,Rochdale,OL11 4RE
101582,Springhead Park Golf Club,"Willerby Road, Hull, HU5 5JE",116,Willerby Road,,,Hull,HU5 5JE
101583,Springwater Golf Club,"Moor Lane, Calverton, Nottingham, NG14 6FZ",116,Moor Lane,Calverton,,Nottingham,NG14 6FZ
101096,Sprowston Manor Hotel & Country Club,"Wroxham Road, Norwich, NR7 8RP",116,Wroxham Road,,,Norwich,NR7 8RP
101585,St Annes Old Links Golf Club,"Highbury Road, Lytham St. Annes, FY8 2LD",116,Highbury Road,,,Lytham St. Annes,FY8 2LD
101586,St Audrys Golf Club,"St. Audrys Park Road, Melton, IP12 1SY",116,St. Audrys Park Road,,,Melton,IP12 1SY
101587,St Augustines Golf Club,"Cottington Road, Cliffend, Ramsgate, CT12 5JN",116,Cottington Road,Cliffend,,Ramsgate,CT12 5JN
101588,St Austell Golf Club,"Tregongeeves Lane, St. Austell, PL26 7DS",116,Tregongeeves Lane,,,St. Austell,PL26 7DS
101589,St Bees Golf Club,"Peck Mill, St. Bees, CA27 0EJ",116,Peck Mill,,,St. Bees,CA27 0EJ
101590,St Clements Golf Club,"Plat Douet Road, St Clement, Jersey, JE2 6PN",116,Plat Douet Road,St Clement,,Jersey,JE2 6PN
101591,St Clements Golf Club,"Ribban Park Road, Off Foxhall Road, Ipswich, IP3 8XL",117,Ribban Park Road,Off Foxhall Road,,Ipswich,IP3 8XL
101593,St Enodoc Golf Club,"Rock, Wadebridge, PL27 6LD",117,Rock,,,Wadebridge,PL27 6LD
101595,St Georges Hill Golf Club,"Golf Club Road, St George's Hill, Weybridge, KT13 0NL",117,Golf Club Road,St George's Hill,,Weybridge,KT13 0NL
101594,St Georges Hill Artisans Golf Club,"Golf Club Road, St George's Hill, Weybridge, KT13 0NL",117,Golf Club Road,St George's Hill,,Weybridge,KT13 0NL
101596,St Helens Golf Club,"The Secretary, c/o Sherdley Park Golf Club, Sherdley Road, St Helens, WA9 5DE",117,The Secretary,c/o Sherdley Park Golf Club,Sherdley Road,St Helens,WA9 5DE
101597,St Ives Golf Club,"Needingworth Road, St. Ives, PE27 4AD",117,Needingworth Road,,,St. Ives,PE27 4AD
101599,St Mellion Golf Club,"St Mellion, Saltash, PL12 6SD",117,St Mellion,,,Saltash,PL12 6SD
101601,St Neots Golf Club,"Crosshall Road, St. Neots, PE19 7GE",117,Crosshall Road,,,St. Neots,PE19 7GE
101602,St Pierre Park Golf Club,"Rohais De Haut, St Peter Port, Guernsey, GY1 1FD",117,Rohais De Haut,St Peter Port,,Guernsey,GY1 1FD
101604,Staddon Heights Golf Club,"Staddon Lane, Plymstock Radford, Plymouth, PL9 9SP",117,Staddon Lane,Plymstock Radford,,Plymouth,PL9 9SP
101605,Stafford Castle Golf Club,"Newport Road, Stafford, ST16 1BP",117,Newport Road,,,Stafford,ST16 1BP
102182,Stage Golfing Society,"Sudbrook Park, Sudbrook Lane, Richmond, TW10 7AS",117,Sudbrook Park,Sudbrook Lane,,Richmond,TW10 7AS
102078,Staining Lodge Golf Club,"Staining Lodge Golf Course, Chain Lane, Staining, Blackpool, FY3 0DE",118,Staining Lodge Golf Course,Chain Lane,Staining,Blackpool,FY3 0DE
101606,Stamford Golf Club,"Oakfield House, Huddersfield Road, Stalybridge, SK15 3PY",118,Oakfield House,Huddersfield Road,,Stalybridge,SK15 3PY
101607,Stand Golf Club,"Ashbourne Grove, Manchester, M45 7NL",118,Ashbourne Grove,,,Manchester,M45 7NL
101609,Stanedge Golf Club,"Walton Hay Farm, Ashover, Chesterfield, S45 0LW",118,Walton Hay Farm,Ashover,,Chesterfield,S45 0LW
101610,Stanmore Golf Club,"Gordon Avenue, Stanmore, Stanmore, HA7 2RL",118,Gordon Avenue,Stanmore,,Stanmore,HA7 2RL
101611,Stanton-On-The-Wolds Golf Club,"Golf Course Road, Stanton on the Wolds, Nottingham, NG12 5BH",118,Golf Course Road,Stanton on the Wolds,,Nottingham,NG12 5BH
101612,Stapleford Abbotts Golf Club,"Horsemanside, Tysea Hill, Romford, RM4 1JU",118,Horsemanside,Tysea Hill,,Romford,RM4 1JU
102116,Stargolf,"Ullenwood, Cheltenham, GL53 9QU",118,Ullenwood,,,Cheltenham,GL53 9QU
101615,Staverton Park Golf Club,"Daventry Road, Daventry, NN11 6JT",118,Daventry Road,,,Daventry,NN11 6JT
101617,Stevenage Golf Club,"Aston Lane, Stevenage, SG2 7EL",118,Aston Lane,,,Stevenage,SG2 7EL
101619,Stinchcombe Hill Golf Club,"Stinchcombe Hill, Dursley, GL11 6AQ",118,Stinchcombe Hill,,,Dursley,GL11 6AQ
101620,Stock Brook Golf Club,"Stock Brook Country Club, Queens Park Avenue, Stock, Billericay, CM12 0SP",118,Stock Brook Country Club,Queens Park Avenue,Stock,Billericay,CM12 0SP
101621,Stockley Park Golf Club,"Stockley Park Golf, Stockley Park, Uxbridge, UB11 1AQ",119,Stockley Park Golf,Stockley Park,,Uxbridge,UB11 1AQ
101622,Stockport Golf Club,"Offerton Road, Offerton, Stockport, SK2 5HL",119,Offerton Road,Offerton,,Stockport,SK2 5HL
101623,Stocks Golf Club,"Aldbury, Nr Tring, HP23 5RX",119,Aldbury,,,Nr Tring,HP23 5RX
101624,Stocksbridge Golf Club,"30 Royd Lane, Deepcar, Sheffield, S36 2RZ",119,30 Royd Lane,Deepcar,,Sheffield,S36 2RZ
101625,Stocksfield Golf Club,"New Ridley Road, Stocksfield, NE43 7RE",119,New Ridley Road,,,Stocksfield,NE43 7RE
101626,Stockwood Park Golf Centre,"London Road, Luton, LU1 4LX",119,London Road,,,Luton,LU1 4LX
101627,Stockwood Vale Golf Club,"Stockwood Lane, Keynsham North, Bristol, BS31 2ER",119,Stockwood Lane,Keynsham North,,Bristol,BS31 2ER
101631,Stoke By Nayland Resort,"Keepers Lane, Lavenheath, Colchester, CO6 4PZ",119,Keepers Lane,Lavenheath,,Colchester,CO6 4PZ
101629,Stoke Park,"Park Road, Stoke Poges, SL2 4PG",119,Park Road,,,Stoke Poges,SL2 4PG
101630,Stoke Rochford Golf Club,"The Great North Road, Stoke Rochford, Grantham, NG33 5EW",119,The Great North Road,Stoke Rochford,,Grantham,NG33 5EW
102355,Stokesley Golf Range,"Broughton Road, Stokesley, Middlesbrough, TS9 5JJ",119,Broughton Road,Stokesley,,Middlesbrough,TS9 5JJ
101632,Stone Golf Club,"The Fillybrooks, Stone, ST15 0NB",119,The Fillybrooks,,,Stone,ST15 0NB
101633,Stonebridge Golf Club,"Somers Road, Meriden, Coventry, CV7 7PL",120,Somers Road,Meriden,,Coventry,CV7 7PL
102637,Stonebridge Lake Driving Range,"Somers Road, Meriden, Coventry, CV7 7PL",120,Somers Road,Meriden,,Coventry,CV7 7PL
101634,Stoneham Golf Club,"Monks Wood, Close Bassett, Southampton, SO16 3TT",120,Monks Wood,Close Bassett,,Southampton,SO16 3TT
101635,Stonelees Golf Centre,"Ebbsfleet Lane, Ramsgate, CT12 5DJ",120,Ebbsfleet Lane,,,Ramsgate,CT12 5DJ
101636,Stoneleigh Deer Park Golf Club,"The Old Deer Park, Coventry Road, Stoneleigh, CV8 3DR",120,The Old Deer Park,Coventry Road,,Stoneleigh,CV8 3DR
101637,Stony Holme Golf Club 1974,"St Aidans Road, Carlisle, CA1 1LS",120,St Aidans Road,,,Carlisle,CA1 1LS
101638,Stonyhurst Park Golf Club,"Stonyhurst, Clitheroe, BB7 9QU",120,Stonyhurst,,,Clitheroe,BB7 9QU
101639,Stourbridge Golf Club,"Worcester Lane, Pedmore, Stourbridge, DY8 2RB",120,Worcester Lane,Pedmore,,Stourbridge,DY8 2RB
101640,Stover Golf Club,"Bovey Road, Newton Abbot, TQ12 6QQ",120,Bovey Road,,,Newton Abbot,TQ12 6QQ
101641,Stowe Golf Club,"Stowe School, Stowe, Buckingham, MK18 5EH",120,Stowe School,Stowe,,Buckingham,MK18 5EH
101642,Stowmarket Golf Club,"Lower Road, Onehouse, Stowmarket, IP14 3DA",120,Lower Road,Onehouse,,Stowmarket,IP14 3DA
101643,Stratford Oaks Golf Club,"Bearley Road, Snitterfield, Stratford-upon-Avon, CV37 0EZ",120,Bearley Road,Snitterfield,,Stratford-upon-Avon,CV37 0EZ
100916,Stratford Park Hotel & Golf Club,"Ingon Lane, Snitterfield, Stratford-upon-Avon, CV37 0QE",121,Ingon Lane,Snitterfield,,Stratford-upon-Avon,CV37 0QE
101644,Stratford-On-Avon Golf Club,"Tiddington Road, Stratford-upon-Avon, CV37 7BA",121,Tiddington Road,,,Stratford-upon-Avon,CV37 7BA
101645,Strawberry Hill Golf Club,"Wellesley Road, Strawberry Hill, Twickenham, TW2 5SD",121,Wellesley Road,Strawberry Hill,,Twickenham,TW2 5SD
101647,Studley Wood Golf Club,"The Straight Mile, Horton-Cum-Studley, Oxford, OX33 1BF",121,The Straight Mile,Horton-Cum-Studley,,Oxford,OX33 1BF
101648,Sturminster Marshall Golf Club,"Moor Lane, Sturminster Marshall, BH21 4BD",121,Moor Lane,,,Sturminster Marshall,BH21 4BD
101649,Styal Golf Club,"Styal Golf Club, Station Road, Styal, Cheshire, SK9 4JN",121,Styal Golf Club,Station Road,Styal,Cheshire,SK9 4JN
101650,Styrrup Hall Golf & Country Club,"Styrrup Road, Doncaster, DN11 8NB",121,Styrrup Road,,,Doncaster,DN11 8NB
101651,Sudbrook Moor Golf Club,"Charity Street, Carlton Scroop, Grantham, NG32 3AT",121,Charity Street,Carlton Scroop,,Grantham,NG32 3AT
101652,Sudbury Golf Club,"Bridgewater Road, Wembley, HA0 1AL",121,Bridgewater Road,,,Wembley,HA0 1AL
101654,Sunbury Golf Centre,"Charlton Lane, Shepperton, TW17 8QA",121,Charlton Lane,,,Shepperton,TW17 8QA
102528,Sunderland Golf Centre,"Anthenaeum House, Newcastle Road, Sunderland, SR5 1JT",121,Anthenaeum House,Newcastle Road,,Sunderland,SR5 1JT
101655,Sundridge Artisans Golf Club,"Garden Road, Sundridge, Bromley, BR1 3NE",121,Garden Road,Sundridge,,Bromley,BR1 3NE
101656,Sundridge Park Golf Club,"Garden Road, Sundridge, Bromley, BR1 3NE",122,Garden Road,Sundridge,,Bromley,BR1 3NE
101658,Sunningdale Golf Club,"Ridgemount Road, Sunningdale, Ascot, SL5 9RR",122,Ridgemount Road,Sunningdale,,Ascot,SL5 9RR
101657,Sunningdale Artisans Golf Club,"Ridgemount Road, Sunningdale, Ascot, SL5 9RR",122,Ridgemount Road,Sunningdale,,Ascot,SL5 9RR
101659,Sunningdale Heath Golf Club,"Cross Road, Sunningdale, SL5 9RX",122,Cross Road,,,Sunningdale,SL5 9RX
101660,Surbiton Golf Club,"Woodstock Lane, Chessington, Claygate, KT9 1UG",122,Woodstock Lane,Chessington,,Claygate,KT9 1UG
101661,Surrey Downs Golf Club,"Outwood Lane, Kingswood, Tadworth, KT20 6JS",122,Outwood Lane,Kingswood,,Tadworth,KT20 6JS
101662,Surrey National Golf Club,"Rook Lane, Chaldon, Caterham, CR3 5AA",122,Rook Lane,Chaldon,,Caterham,CR3 5AA
101663,Sutton Bridge Golf Club,"New Road, Sutton Bridge, Spalding, PE12 9RQ",122,New Road,Sutton Bridge,,Spalding,PE12 9RQ
101664,Sutton Coldfield Golf Club,"Thornhill Road, Streetly, Sutton Coldfield, B74 3ER",122,Thornhill Road,Streetly,,Sutton Coldfield,B74 3ER
101665,Sutton Green Golf Club,"New Lane, Sutton Green, GU4 7QF",122,New Lane,,,Sutton Green,GU4 7QF
101667,Sutton Park Golf Club,"Saltshouse Road, Hull, HU8 9HF",122,Saltshouse Road,,,Hull,HU8 9HF
101668,Swaffham Golf Club,"Cley Road, Swaffham, PE37 8AE",122,Cley Road,,,Swaffham,PE37 8AE
101669,Swallow Hall Golf Club,"Crockey Hill, York, YO19 4SG",123,Crockey Hill,,,York,YO19 4SG
101672,Sweetwoods Golf Club,"Colestock Road, Cowden, Edenbridge, TN8 7AY",123,Colestock Road,Cowden,,Edenbridge,TN8 7AY
101486,Tadcaster Golf Club,"Scarthingwell Lane, Tadcaster, LS24 9PF",123,Scarthingwell Lane,,,Tadcaster,LS24 9PF
101675,Tadmarton Heath Golf Club,"Wigginton, Banbury, OX15 5HL",123,Wigginton,,,Banbury,OX15 5HL
101676,Tall Pines Golf Club,"Cooks Bridle Path, Downside, Blackwell, BS48 3DJ",123,Cooks Bridle Path,Downside,,Blackwell,BS48 3DJ
101678,Tandridge Golf Club,"Godstone Road, Oxted, RH8 9NQ",123,Godstone Road,,,Oxted,RH8 9NQ
101679,Tankersley Park Golf Club,"Park Lane, High Green, Sheffield, S35 4LG",123,Park Lane,High Green,,Sheffield,S35 4LG
101680,Tapton Park Golf Club,"Crow Lane, Chesterfield, S41 0EQ",123,Crow Lane,,,Chesterfield,S41 0EQ
101682,Taunton & Pickeridge Golf Club,"Corfe, Taunton, TA3 7BY",123,Corfe,,,Taunton,TA3 7BY
101684,Tavistock Golf Club,"Down Road, Tavistock, PL19 9AQ",123,Down Road,,,Tavistock,PL19 9AQ
102353,Tee Time Golf Centre,"Fleetwood Road, Thornton-Cleveleys, FY5 1RN",123,Fleetwood Road,,,Thornton-Cleveleys,FY5 1RN
102678,TeeClub,"Sovereign Point, The Quays, Salford, Manchester, M50 3AX",123,Sovereign Point,The Quays,Salford,Manchester,M50 3AX
101685,Teesside Golf Club,"89 Acklam Road, Thornaby, Stockton-on-Tees, TS17 7JS",124,89 Acklam Road,Thornaby,,Stockton-on-Tees,TS17 7JS
101686,Tehidy Park Golf Club,"Tehidy Park Golf Club, Cot Road, Camborne, TR14 0HH",124,Tehidy Park Golf Club,Cot Road,,Camborne,TR14 0HH
101688,Teignmouth Golf Club,"Professional shop, Haldon Moor, Teignmouth, TQ14 9NY",124,Professional shop,Haldon Moor,,Teignmouth,TQ14 9NY
101689,Telford Golf Club,"Great Hay Drive, Sutton Heights, Telford, TF7 4DT",124,Great Hay Drive,Sutton Heights,,Telford,TF7 4DT
101691,Temple Golf Club,"Henley Road, Hurley, Maidenhead, SL6 5LH",124,Henley Road,Hurley,,Maidenhead,SL6 5LH
101690,Temple Artisans Golf Club,"Henley Road, Hurley, Maidenhead, SL6 5LH",124,Henley Road,Hurley,,Maidenhead,SL6 5LH
101692,Temple Newsam Golf Club,"Temple Newsam Road, Leeds, LS15 0LN",124,Temple Newsam Road,,,Leeds,LS15 0LN
101694,Tenterden Golf Club,"Woodchurch Road, Tenterden, TN30 7DR",124,Woodchurch Road,,,Tenterden,TN30 7DR
101695,Test Valley Golf Club,"Micheldever Road, Overton, Basingstoke, RG25 3DS",124,Micheldever Road,Overton,,Basingstoke,RG25 3DS
101696,Tetney Golf Club,"Station Road, Tetney, Grimsby, DN36 5HY",124,Station Road,Tetney,,Grimsby,DN36 5HY
101698,Thames Ditton & Esher Golf Club,"Portsmouth Road, Esher, KT10 9AL",124,Portsmouth Road,,,Esher,KT10 9AL
101699,Thames Valley Golf Club,"C/o Badgemore Park Golf Club, Henley-on-Thames, RG9 4NR",124,C/o Badgemore Park Golf Club,,,Henley-on-Thames,RG9 4NR
100001,The Abbey Hotel,"Hither Green Lane, Dagnell End Road, Redditch, B98 9BE",125,Hither Green Lane,Dagnell End Road,,Redditch,B98 9BE
100009,The Addington Golf Club,"205 Shirley Church Road, Croydon, CR0 5AB",125,205 Shirley Church Road,,,Croydon,CR0 5AB
100038,The Alwoodley Golf Club,"Wigton Lane, Leeds, LS17 8SA",125,Wigton Lane,,,Leeds,LS17 8SA
100061,The Ashley Wood Golf Club,"Wimborne Road, Blandford Forum, DT11 9HN",125,Wimborne Road,,,Blandford Forum,DT11 9HN
102176,The Astbury Golf Club,"Chelmarsh, Bridgnorth, WV16 6AU",125,Chelmarsh,,,Bridgnorth,WV16 6AU
102595,The Beeches Golf,"Chelford Road, Ollerton, Knutsford, WA16 8SE",125,Chelford Road,Ollerton,,Knutsford,WA16 8SE
100134,The Belfry Club,"Lichfield Road, Wishaw, Sutton Coldfield, B76 9PR",125,Lichfield Road,Wishaw,,Sutton Coldfield,B76 9PR
101701,The Berkshire Golf Club,"Swinley Road, Ascot, SL5 8AY",125,Swinley Road,,,Ascot,SL5 8AY
100261,The Bristol Golf Club,"St Swithins Park, Blackhorse Hill, Almondsbury, Bristol, BS10 7TP",125,St Swithins Park,Blackhorse Hill,Almondsbury,Bristol,BS10 7TP
100284,The Buckinghamshire,"Denham Court Drive, Denham, UB9 5PG",125,Denham Court Drive,,,Denham,UB9 5PG
100297,The Burley Golf Club,"Cott Lane, Burley, BH24 4BB",125,Cott Lane,,,Burley,BH24 4BB
100303,The Burstead Golf Club,"Tye Common Road, Little Burstead, Billericay, CM12 9SS",125,Tye Common Road,Little Burstead,,Billericay,CM12 9SS
101117,The Cambridgeshire Golf Club,"The Golf Club, Bar Hill, Cambridge, CB23 8EU",126,The Golf Club,,Bar Hill,Cambridge,CB23 8EU
101350,"The Caversham, Home Of Reading Golf Club","Mapledurham, Reading, RG4 7UT",126,Mapledurham,,,Reading,RG4 7UT
100365,The Chase Golf & Country Club,"Pottal Pool Road, Penkridge, Stafford, ST19 5RN",126,Pottal Pool Road,Penkridge,,Stafford,ST19 5RN
100376,The Cheshunt Golf Club,"The Club House, Park Lane, Cheshunt, Cheshunt, EN7 6QD",126,The Club House,Park Lane,Cheshunt,Cheshunt,EN7 6QD
102667,The Club - Wimbledon,"Level 2, Wimbledon Quarter, 4 Queens Road, Wimbledon, SW19 8ND",126,Level 2,Wimbledon Quarter,4 Queens Road,Wimbledon,SW19 8ND
100835,The Club At High Legh Park,"Warrington Road, High Legh, Knutsford, WA16 0WA",126,Warrington Road,High Legh,,Knutsford,WA16 0WA
101702,The Club At Mapledurham,"Chazey Heath, Mapledurham, Reading, RG4 7UD",126,Chazey Heath,Mapledurham,,Reading,RG4 7UD
102145,The Darenth,"Station Road, Shoreham, Sevenoaks, TN14 7SA",126,Station Road,Shoreham,,Sevenoaks,TN14 7SA
100503,The Defence Academy Golf Club,"The Mall, Shrivenham, Swindon, SN6 8LA",126,The Mall,Shrivenham,,Swindon,SN6 8LA
100530,The Downshire Golf Club,"Easthampstead Park, Wokingham, RG40 3DH",126,Easthampstead Park,,,Wokingham,RG40 3DH
100545,The Dunnerholme Golf Club,"Duddon Road, Askam in Furness, LA16 7AW",126,Duddon Road,,,Askam in Furness,LA16 7AW
101704,The Essex Golf & Country Club,"Earls Colne, Colchester, CO6 2NS",126,Earls Colne,,,Colchester,CO6 2NS
102684,The Fairway Lounge,"Unit 7 Cowhill Trading Estate, Ashton-under-Lyne, OL6 9AN",127,Unit 7 Cowhill Trading Estate,,,Ashton-under-Lyne,OL6 9AN
100698,The Gog Magog Golf Club,"Shelford Bottom, Cambridge, CB22 3AB",127,Shelford Bottom,,,Cambridge,CB22 3AB
100712,The Grange,"Upper Wortley Road, Kimberworth, Rotherham, S61 2SJ",127,Upper Wortley Road,Kimberworth,,Rotherham,S61 2SJ
101706,The Grove,"Chandler's Cross, Watford, WD3 4TG",127,Chandler's Cross,,,Watford,WD3 4TG
100753,The Hampshire Golf Club,"Winchester Road, Goodworth Clatford, Andover, SP11 7TB",127,Winchester Road,Goodworth Clatford,,Andover,SP11 7TB
100817,The Herefordshire Golf Club,"Ravens Causeway, Wormsley, Hereford, HR4 8LY",127,Ravens Causeway,Wormsley,,Hereford,HR4 8LY
101555,The Heron Golf Club,"The Heron Country Club, Herongate, Brentwood, CM13 3LW",127,The Heron Country Club,Herongate,,Brentwood,CM13 3LW
100820,The Hertfordshire Golf Club,"Broxbournebury Mansion, White Stubbs Lane, Broxbourne, EN10 7PY",127,Broxbournebury Mansion,White Stubbs Lane,,Broxbourne,EN10 7PY
100590,The Hertsmere,"Medburn Lane, Watling Street, Elstree, WD6 3AA",127,Medburn Lane,Watling Street,,Elstree,WD6 3AA
102617,The Inspiration Golf Club,"West End Lane, Hayes, Northolt, UB5 6RB",127,West End Lane,Hayes,,Northolt,UB5 6RB
100933,The Kendleshire Golf Club,"Henfield Road, Coalpit Heath, Bristol, BS36 2UY",127,Henfield Road,Coalpit Heath,,Bristol,BS36 2UY
100941,The Kidderminster Golf Club,"The Club House, Russell Road, Kidderminster, DY10 3HT",127,The Club House,Russell Road,,Kidderminster,DY10 3HT
100943,The Kp Club,"Kilnwick Percy Resort, Pocklington, York, YO42 1UF",128,Kilnwick Percy Resort,Pocklington,,York,YO42 1UF
100981,The Lambourne Golf Club,"Dropmore Road, Burnham, SLOUGH, SL1 8NF",128,Dropmore Road,Burnham,,SLOUGH,SL1 8NF
101004,The Leicestershire Golf Club,"Evington Lane, Evington, Leicester, LE5 6DJ",128,Evington Lane,Evington,,Leicester,LE5 6DJ
100571,The Lottbridge Golf Club,"Lottbridge Drove, Eastbourne, BN23 6QJ",128,Lottbridge Drove,,,Eastbourne,BN23 6QJ
101069,The Maidenhead Golf Club,"Mill Ride, North Ascot, SL5 8LT",128,Mill Ride,,,North Ascot,SL5 8LT
101081,The Manor Golf Club,"Bradford Road, Drighlington, Bradford, BD11 1AB",128,Bradford Road,Drighlington,,Bradford,BD11 1AB
101082,The Manor House Golf Club,"Castle Combe, Chippenham, SN14 7HR",128,Castle Combe,,,Chippenham,SN14 7HR
101120,The Mere Golf Resort & Spa,"Chester Road, Mere, Knutsford, WA16 6LJ",128,Chester Road,Mere,,Knutsford,WA16 6LJ
101709,The Millbrook Golf Club,"Millbrook, Ampthill, Bedford, MK45 2JB",128,Millbrook,Ampthill,,Bedford,MK45 2JB
101286,The Mount Golf & Country Club,"Wrottesley Park Road, Perton, Wolverhampton, WV6 7HL",128,Wrottesley Park Road,Perton,,Wolverhampton,WV6 7HL
101206,The Northumberland Golf Club,"High Gosforth Park, Newcastle upon Tyne, NE3 5HT",128,High Gosforth Park,,,Newcastle upon Tyne,NE3 5HT
101050,The Notleys Golf Club,"Witham Road, White Notley, Witham, CM8 1ST",128,Witham Road,White Notley,,Witham,CM8 1ST
100450,The Nottinghamshire Golf & Country Club,"Cotgrave, Nottingham, NG12 3HB",129,Cotgrave,,,Nottingham,NG12 3HB
101222,The Oaks Golf Club & Spa,"Long Lane, Aughton, York, YO42 4PW",129,Long Lane,Aughton,,York,YO42 4PW
101231,The Old Nene Golf & Country Club,"Muchwood Lane, Bodsey, Ramsey, PE26 2XQ",129,Muchwood Lane,Bodsey,,Ramsey,PE26 2XQ
101255,The Oxfordshire,"Rycote Lane, Milton Common, Thame, OX9 2PU",129,Rycote Lane,Milton Common,,Thame,OX9 2PU
101712,The Players Golf Club,"Codrington, Chipping Sodbury, Bristol, BS37 6RZ",129,Codrington,Chipping Sodbury,,Bristol,BS37 6RZ
101397,The Point At Polzeath,"St Minver, Nr Polzeath, PL27 6QT",129,St Minver,,,Nr Polzeath,PL27 6QT
101330,The Pytchley Golf Lodge,"Kettering Road, Pytchley, NN14 1EY",129,Kettering Road,,,Pytchley,NN14 1EY
101049,The Rayleigh Club,"Hullbridge Road, Hullbridge, SS6 9QS",129,Hullbridge Road,,,Hullbridge,SS6 9QS
101713,The Ridge Golf Club,"Chartway Street, South Valence, Maidstone, ME17 3JB",129,Chartway Street,South Valence,,Maidstone,ME17 3JB
101714,The Royal St Georges Golf Club,"3 Guestling Mill, Strand Street, Sandwich, CT13 9HN",129,3 Guestling Mill,Strand Street,,Sandwich,CT13 9HN
101432,The Royal St Georges Permit Holders Golf Club,"3 Guestling Mill, Strand Street, Sandwich, CT13 9HN",129,3 Guestling Mill,Strand Street,,Sandwich,CT13 9HN
101715,The Shire London,"St. Albans Road, Barnet, EN5 4RE",129,St. Albans Road,,,Barnet,EN5 4RE
101529,The Shrigley Hall Golf & Country Club,"Pott Shrigley, Macclesfield, SK10 5SB",130,Pott Shrigley,,,Macclesfield,SK10 5SB
101716,The Shropshire Golf Centre,"Granville Park, Muxton Lane, Muxton, TF2 8PQ",130,Granville Park,Muxton Lane,,Muxton,TF2 8PQ
102075,The South Buckinghamshire,"Park Road, Stoke Poges, Slough, SL2 4PJ",130,Park Road,Stoke Poges,,Slough,SL2 4PJ
101562,The South Staffordshire Golf Club,"Danescourt Road, Tettenhall Regis, Wolverhampton, WV6 9BQ",130,Danescourt Road,Tettenhall Regis,,Wolverhampton,WV6 9BQ
101717,The Springs Golf Club,"Wallingford Road, Wallingford, OX10 6BE",130,Wallingford Road,,,Wallingford,OX10 6BE
101653,The Suffolk Golf Club,"Fornham St. Genevieve, Bury St. Edmunds, IP28 6JQ",130,Fornham St. Genevieve,,,Bury St. Edmunds,IP28 6JQ
101736,The Three Locks Golf Club,"Great Brickhill, Milton Keynes, MK17 9BH",130,Great Brickhill,,,Milton Keynes,MK17 9BH
101718,The Tytherington Club,"90 Dorchester Way, Macclesfield, SK10 2JP",130,90 Dorchester Way,,,Macclesfield,SK10 2JP
102586,The Virtual Golf Centre,"23 Eddison Road, Washington, NE38 8JH",130,23 Eddison Road,,,Washington,NE38 8JH
101812,The Warren Golf & Country Club,"The Warren Estate, Woodham Walter, Near Maldon, CM9 6RW",130,The Warren Estate,Woodham Walter,,Near Maldon,CM9 6RW
101719,The Warwickshire Golf & Country Club,"Leek Wootton, Warwick, CV35 7QT",130,Leek Wootton,,,Warwick,CV35 7QT
101842,The West Berkshire Golf Club,"Chaddleworth, Newbury, RG20 7DU",130,Chaddleworth,,,Newbury,RG20 7DU
101918,The Wilmslow Golf Club,"Great Warford, Mobberley, Knutsford, WA16 7AY",131,Great Warford,Mobberley,,Knutsford,WA16 7AY
101720,"The Wiltshire Hotel, Golf & Leisure Resort","Vastern, Royal Wootton Bassett, SN4 7PB",131,Vastern,,,Royal Wootton Bassett,SN4 7PB
102160,The Wirral Golf Academy,"C/o Arrowe Park Golf Club, Woodchurch, Birkenhead, CH47 4BG",131,C/o Arrowe Park Golf Club,Woodchurch,,Birkenhead,CH47 4BG
101933,The Wisley,"Mill Lane, Ripley, Woking, GU23 6QU",131,Mill Lane,Ripley,,Woking,GU23 6QU
101964,The Worcestershire Golf Club,"Woodfarm Road, Malvern Wells, WR14 4PP",131,Woodfarm Road,,,Malvern Wells,WR14 4PP
101721,The Wychwood Golf Club,"Lyneham, Chipping Norton, OX7 6QQ",131,Lyneham,,,Chipping Norton,OX7 6QQ
101982,The Wynyard Golf Club,"Wellington Drive, Wynyard, Teesside, TS22 5QJ",131,Wellington Drive,Wynyard,,Teesside,TS22 5QJ
101722,Theale Golf Club,"North Street, Theale, Reading, RG7 5EX",131,North Street,Theale,,Reading,RG7 5EX
101723,Thetford Golf Club,"Brandon Road, Thetford, IP24 3NE",131,Brandon Road,,,Thetford,IP24 3NE
101724,Theydon Bois Golf Club,"The Clubhouse, Theydon Road, Epping, CM16 4EH",131,The Clubhouse,Theydon Road,,Epping,CM16 4EH
101725,Thirsk & Northallerton Golf Club,"Thornton-Le-Street, Thirsk, YO7 4AB",131,Thornton-Le-Street,,,Thirsk,YO7 4AB
100675,Thonock Park,"Belt Road, Thonock, Gainsborough, DN21 1PZ",131,Belt Road,Thonock,,Gainsborough,DN21 1PZ
101726,Thornbury Golf Centre,"Bristol Road, Thornbury, Bristol, BS35 3XL",132,Bristol Road,Thornbury,,Bristol,BS35 3XL
101727,Thorndon Park Golf Club,"Ingrave, Brentwood, CM13 3RH",132,Ingrave,,,Brentwood,CM13 3RH
101728,Thorne Golf Club,"Kirton Lane, Thorne, DN8 5RJ",132,Kirton Lane,,,Thorne,DN8 5RJ
101729,Thorney Lakes Golf Club,"English Drove, Thorney, PE6 0TJ",132,English Drove,,,Thorney,PE6 0TJ
101730,Thorney Park Golf Club,"Thorney Mill Lane, Iver, SL0 9AL",132,Thorney Mill Lane,,,Iver,SL0 9AL
101731,Thornhurst Park Golf Club,"Holme Lane, Owston, Doncaster, DN5 0LR",132,Holme Lane,Owston,,Doncaster,DN5 0LR
101732,Thorpe Hall Golf Club,"Thorpe Hall Avenue, Thorpe Bay, SS1 3AT",132,Thorpe Hall Avenue,,,Thorpe Bay,SS1 3AT
101735,Thorpeness Golf Club & Hotel,"Thorpeness, Aldeburgh, IP16 4NH",132,Thorpeness,,,Aldeburgh,IP16 4NH
101737,Three Rivers Golf & Country Club,"Stow Road, Cold Norton, Purleigh, CM3 6RR",132,Stow Road,Cold Norton,,Purleigh,CM3 6RR
101738,Thurlestone Golf Club,"Thurlestone, Kingsbridge, TQ7 3NZ",132,Thurlestone,,,Kingsbridge,TQ7 3NZ
101739,Tickenham Golf Club,"Clevedon Road, Tickenham, Bristol, BS21 6RY",132,Clevedon Road,Tickenham,,Bristol,BS21 6RY
101740,Tidworth Garrison Golf Club,"Bulford Road, Tidworth, SP9 7AF",132,Bulford Road,,,Tidworth,SP9 7AF
101741,Tilgate Forest Golf Centre,"Titmus Drive, Tilgate, Crawley, RH10 5EU",133,Titmus Drive,Tilgate,,Crawley,RH10 5EU
101742,Tilsworth Golf Centre,"Dunstable Road, Tilsworth, Leighton Buzzard, LU7 9PU",133,Dunstable Road,Tilsworth,,Leighton Buzzard,LU7 9PU
101743,Tinsley Park Golf Club,"High Hazels Park, Darnall, Sheffield, S9 4PE",133,High Hazels Park,Darnall,,Sheffield,S9 4PE
101744,Tiverton Golf Club,"Post Hill, Tiverton, EX16 4NE",133,Post Hill,,,Tiverton,EX16 4NE
101745,Todmorden Golf Club,"Rive Rocks, Cross Stone, Todmorden, OL14 8RD",133,Rive Rocks,Cross Stone,,Todmorden,OL14 8RD
101746,Toft Golf Club,"Toft, Bourne, PE10 0JT",133,Toft,,,Bourne,PE10 0JT
101748,Top Meadow Golf Club,"Fen Lane, North Ockendon, Upminster, RM14 3PR",133,Fen Lane,North Ockendon,,Upminster,RM14 3PR
102631,Topgolf Chigwell,"Abridge Road, Chigwell Village, Chigwell, IG7 6BX",133,Abridge Road,Chigwell Village,,Chigwell,IG7 6BX
102669,Topgolf Surrey,"Moated Farm Drive, New Haw, Addlestone, KT15 2DW",133,Moated Farm Drive,New Haw,,Addlestone,KT15 2DW
102670,Topgolf Watford,"Bushey Mill Lane, Watford, WD24 7AB",133,Bushey Mill Lane,,,Watford,WD24 7AB
101749,Torquay Golf Club,"Petitor Road, St Marychurch, Torquay, TQ1 4QF",133,Petitor Road,St Marychurch,,Torquay,TQ1 4QF
102676,Torque Golf,"Unit C11 Broadheath, Network Centre, 97 Atlantic Street, Altrincham, WA14 5EW",133,Unit C11 Broadheath,Network Centre,97 Atlantic Street,Altrincham,WA14 5EW
101750,Tournerbury Golf Centre,"Tournerbury Lane, Hayling East, Hayling Island, PO11 9DL",134,Tournerbury Lane,Hayling East,,Hayling Island,PO11 9DL
101752,Towneley Golf Club,"Todmorden Road, Burnley, BB11 3ED",134,Todmorden Road,,,Burnley,BB11 3ED
101697,Tp Golf Tewkesbury Park,"Lincoln Green Lane, Tewkesbury, GL20 7DN",134,Lincoln Green Lane,,,Tewkesbury,GL20 7DN
102434,Trafford Golf Centre,"Old Park Lane, Manchester, M17 8PG",134,Old Park Lane,,,Manchester,M17 8PG
101754,Treloy Golf Club,"Treloy Golf Club, Newquay, TR8 4JN",134,Treloy Golf Club,,,Newquay,TR8 4JN
101755,Trent Lock Golf & Country Club,"Lock Lane, Sawley, Long Eaton, NOTTINGHAM, NG10 2FY",134,Lock Lane,Sawley,Long Eaton,NOTTINGHAM,NG10 2FY
101757,Trentham Golf Club,"14 Barlaston Old Road, Trentham, Stoke-on-Trent, ST4 8HB",134,14 Barlaston Old Road,Trentham,,Stoke-on-Trent,ST4 8HB
101758,Trentham Park Golf Club,"Park Drive, Trentham Park, Trentham, Stoke-on-Trent, ST4 8AE",134,Park Drive,Trentham Park,Trentham,Stoke-on-Trent,ST4 8AE
101759,Trethorne Golf Club,"Kennards House, Launceston, PL15 8QE",134,Kennards House,,,Launceston,PL15 8QE
101760,Trevose Golf & Country Club,"Constantine Bay, Padstow, PL28 8JB",134,Constantine Bay,,,Padstow,PL28 8JB
101761,Triangle Artisans Golf Club,"East Mascalls Lane, Lindfield, RH16 2QN",134,East Mascalls Lane,,,Lindfield,RH16 2QN
101763,Truro Golf Club,"Tresawls Road, Truro, TR1 3LG",134,Tresawls Road,,,Truro,TR1 3LG
101765,Tunshill Golf Club,"Kiln Lane, Milnrow, Rochdale, OL16 3TS",135,Kiln Lane,Milnrow,,Rochdale,OL16 3TS
101766,Turton Golf Club,"Woodend Farm, Hospital Road, Bromley Cross, Bolton, BL7 9QD",135,Woodend Farm,Hospital Road,Bromley Cross,Bolton,BL7 9QD
101768,Tydd St Giles Golf & Country Club,"Kirkgate, Tydd St Giles, Wisbech, PE13 5NZ",135,Kirkgate,Tydd St Giles,,Wisbech,PE13 5NZ
101769,Tylney Park Golf Club,"Ridge Lane, Rotherwick, Hook, RG27 9AY",135,Ridge Lane,Rotherwick,,Hook,RG27 9AY
101770,Tynedale Golf Club,"Tyne Green, Hexham, NE46 3HQ",135,Tyne Green,,,Hexham,NE46 3HQ
101771,Tynemouth Golf Club,"Spital Dene, Tynemouth, Tyne and Wear, NE30 2ER",135,Spital Dene,Tynemouth,,Tyne and Wear,NE30 2ER
101772,Tyneside Golf Club,"Westfield Lane, Ryton, NE40 3QE",135,Westfield Lane,,,Ryton,NE40 3QE
101773,Tyrrells Wood Golf Club,"The Drive, Leatherhead, KT22 8QP",135,The Drive,,,Leatherhead,KT22 8QP
101774,"Ufford Park Woodbridge Hotel, Golf & Spa","Yarmouth Road, Melton, Woodbridge, IP12 1QW",135,Yarmouth Road,Melton,,Woodbridge,IP12 1QW
101775,Ullesthorpe Court Hotel & Golf Club,"Frolesworth Road, Ullesthorpe, Lutterworth, LE17 5BZ",135,Frolesworth Road,Ullesthorpe,,Lutterworth,LE17 5BZ
101776,Ulverston Golf Club,"Bardsea Park, Ulverston, LA12 9QJ",135,Bardsea Park,,,Ulverston,LA12 9QJ
102673,Unique Indoor Golf,"Unit 33 Innage Park, Holly Lane Ind Estate, Atherstone, CV9 2QX",135,Unit 33 Innage Park,Holly Lane Ind Estate,,Atherstone,CV9 2QX
101777,Upavon Golf Club,"Douglas Avenue, Upavon, SN9 6BQ",136,Douglas Avenue,,,Upavon,SN9 6BQ
101778,Upchurch River Valley Golf Club,"Oak Lane, Upchurch, ME9 7AY",136,Oak Lane,,,Upchurch,ME9 7AY
101779,Upminster Golf Club,"114 Hall Lane, Upminster, RM14 1AU",136,114 Hall Lane,,,Upminster,RM14 1AU
101780,Upton By Chester Golf Club,"Upton Lane, Upton by Chester, Chester, CH2 1EE",136,Upton Lane,Upton by Chester,,Chester,CH2 1EE
101781,Uttoxeter Golf Club,"Wood Lane, Uttoxeter, ST14 8JR",136,Wood Lane,,,Uttoxeter,ST14 8JR
101782,Vale Golf & Country Club,"Hill Furze Lane, Bishampton, Pershore, WR10 2LZ",136,Hill Furze Lane,Bishampton,,Pershore,WR10 2LZ
101783,Vale Royal Abbey,"Whitegate, Northwich, CW8 2BA",136,Whitegate,,,Northwich,CW8 2BA
101785,Ventnor Golf Club,"Steephill Down Road, Ventnor, PO38 1BP",136,Steephill Down Road,,,Ventnor,PO38 1BP
101787,Verulam Golf Club,"226 London Road, St. Albans, AL1 1JG",136,226 London Road,,,St. Albans,AL1 1JG
101786,Verulam Artisans Golf Club,"226 London Road, St. Albans, AL1 1JG",136,226 London Road,,,St. Albans,AL1 1JG
101788,Vicars Cross Golf Club,"Tarvin Road, Great Barrow, Chester, CH3 7HN",136,Tarvin Road,Great Barrow,,Chester,CH3 7HN
102647,Virtual Golf Hut,"9 Cross Street, Wall Heath, Kingswinford, DY6 0NB",136,9 Cross Street,Wall Heath,,Kingswinford,DY6 0NB
101789,Vivary Park Golf Club,"Vivary Park, Taunton, TA1 3JW",137,Vivary Park,,,Taunton,TA1 3JW
101791,Wakefield Golf Club,"28 Woodthorpe Lane, Wakefield, Wakefield, WF2 6JH",137,28 Woodthorpe Lane,Wakefield,,Wakefield,WF2 6JH
101793,Walhampton Golf Club,"South Baddesley Road, Lymington, SO41 5SD",137,South Baddesley Road,,,Lymington,SO41 5SD
101794,Wallasey Golf Club,"Bayswater Road, Wallasey, Wirral, CH45 8LA",137,Bayswater Road,Wallasey,,Wirral,CH45 8LA
101796,Wallsend Golf Club,"Rheydt Avenue, Wallsend, NE28 8SU",137,Rheydt Avenue,,,Wallsend,NE28 8SU
101797,Walmer & Kingsdown Golf Club,"The Leas, Kingsdown, Deal, CT14 8EP",137,The Leas,Kingsdown,,Deal,CT14 8EP
101798,Walmersley Golf Club,"Garretts Close, White Carr Lane, Walmersley, BL9 6TE",137,Garretts Close,White Carr Lane,,Walmersley,BL9 6TE
101799,Walmley Golf Club,"Brooks Road, Wylde Green, Sutton Coldfield, Birmingham, B72 1HR",137,Brooks Road,Wylde Green,Sutton Coldfield,Birmingham,B72 1HR
101800,Walsall Golf Club,"Broadway, Walsall, WS1 3EY",137,Broadway,,,Walsall,WS1 3EY
101801,Waltham Windmill Golf Club,"Cheapside, Waltham, Grimsby, DN37 0HT",137,Cheapside,Waltham,,Grimsby,DN37 0HT
101802,Walton Hall Golf Club,"Warrington Road, Higher Walton, WA4 5LU",137,Warrington Road,,,Higher Walton,WA4 5LU
101804,Walton Heath Golf Club,"Deans Lane, Walton-on-the-Hill, Tadworth, KT20 7TP",137,Deans Lane,Walton-on-the-Hill,,Tadworth,KT20 7TP
101803,Walton Heath Artisans Golf Club,"Deans Lane, Walton-on-the-Hill, Tadworth, KT20 7TP",138,Deans Lane,Walton-on-the-Hill,,Tadworth,KT20 7TP
101806,Wareham Golf Club,"Sandford Road, Wareham, BH20 4DH",138,Sandford Road,,,Wareham,BH20 4DH
101807,Warkworth Golf Club,"The Links, Warkworth, Morpeth, NE65 0SW",138,The Links,Warkworth,,Morpeth,NE65 0SW
101809,Warley Park Golf Club,"Magpie Lane, Little Warley, Brentwood, CM13 3DX",138,Magpie Lane,Little Warley,,Brentwood,CM13 3DX
101808,Warley Woods Golf Club,"Warley Woods Community Trust, The Pavilion, 101 Lightwoods Hill, Smethwick, B67 5ED",138,Warley Woods Community Trust,The Pavilion,101 Lightwoods Hill,Smethwick,B67 5ED
101810,Warren Golf Club,"The Grange, Grove Road, Wallasey, CH45 0JA",138,The Grange,Grove Road,,Wallasey,CH45 0JA
101811,Warren Golf Club - Devon,"Dawlish Warren, Dawlish, EX7 0NF",138,Dawlish Warren,,,Dawlish,EX7 0NF
102017,Warren Ladies Golf Club,"The Grange, Grove Road, Wallasey, CH45 0JA",138,The Grange,Grove Road,,Wallasey,CH45 0JA
101814,Warrington Golf Club,"London Road, Warrington, WA4 5HR",138,London Road,,,Warrington,WA4 5HR
101815,Warwick Golf Centre,"The Racecourse, Hampton Street, Warwick, CV34 6HW",138,The Racecourse,Hampton Street,,Warwick,CV34 6HW
102592,Warwickshire Golf Sim,"King Lear House, Banbury Road, Stratford Upon Avon, CV37 7GZ",138,King Lear House,Banbury Road,,Stratford Upon Avon,CV37 7GZ
102051,Waterfront Golf,"Station Road, Wath Upon Dearne, Rotherham, S63 7BU",138,Station Road,Wath Upon Dearne,,Rotherham,S63 7BU
101818,Waterlooville Golf Club,"Cherry Tree Avenue, Cowplain, Waterlooville, PO8 8AP",139,Cherry Tree Avenue,Cowplain,,Waterlooville,PO8 8AP
101819,Waterstock Golf Club,"Thame Road, Waterstock, Oxford, OX33 1HT",139,Thame Road,Waterstock,,Oxford,OX33 1HT
101820,Waterton Park Golf Club,"The Balk, Walton, Wakefield, WF2 6QL",139,The Balk,Walton,,Wakefield,WF2 6QL
101821,Wath Golf Club,"Abdy, Rawmarsh, S62 7SJ",139,Abdy,,,Rawmarsh,S62 7SJ
101823,Weald Of Kent Golf Club,"Maidstone Road, Headcorn, TN27 9PT",139,Maidstone Road,,,Headcorn,TN27 9PT
101825,Wearside Golf Club,"Coxgreen, Sunderland, SR4 9JT",139,Coxgreen,,,Sunderland,SR4 9JT
101579,Welbeck Manor Golf Club,"Welbeck Manor, Plympton, Sparkwell, Plymouth, PL7 5DF",139,Welbeck Manor,Plympton,Sparkwell,Plymouth,PL7 5DF
101827,Wellingborough Golf Club,"Harrowden Hall, Great Harrowden, Wellingborough, NN9 5AD",139,Harrowden Hall,Great Harrowden,,Wellingborough,NN9 5AD
101829,Wellington Golf Club,"Arrowe Park Road, Pensby and Thingwall, Wirral, CH49 5LW",139,Arrowe Park Road,Pensby and Thingwall,,Wirral,CH49 5LW
101828,Wellington College Golf Club,"Wellington College, Crowthorne, RG45 7PU",139,Wellington College,,,Crowthorne,RG45 7PU
101830,Wellow Golf Club,"Ryedown Lane, East Wellow, Romsey, SO51 6BD",139,Ryedown Lane,East Wellow,,Romsey,SO51 6BD
101831,Wells Golf Club,"Blackheath Lane, Wells, BA5 3DS",139,Blackheath Lane,,,Wells,BA5 3DS
101832,Wellshurst Golf & Country Club,"North Street, Hellingly, Hellingly, BN27 4ED",140,North Street,Hellingly,,Hellingly,BN27 4ED
101834,Welton Manor Golf Centre,"Hackthorn Road, Lincoln, LN2 3PA",140,Hackthorn Road,,,Lincoln,LN2 3PA
101835,Welwyn Garden City Golf Club,"Mannicotts, High Oaks Road, Welwyn Garden City, AL8 7BP",140,Mannicotts,High Oaks Road,,Welwyn Garden City,AL8 7BP
101836,Wensleydale Golf Club,"Akebar, Leyburn, DL8 5LY",140,Akebar,,,Leyburn,DL8 5LY
101837,Wensum Valley Hotel Golf & Country Club,"Beech Avenue, Taverham, Norwich, NR8 6HP",140,Beech Avenue,Taverham,,Norwich,NR8 6HP
101838,Wentworth Club,"Wentworth Drive, Virginia Water, GU25 4LS",140,Wentworth Drive,,,Virginia Water,GU25 4LS
101839,Wergs Golf Club,"Keepers Lane, Tettenhall, WV6 8UA",140,Keepers Lane,,,Tettenhall,WV6 8UA
101840,Werneth Golf Club,"Green Lane, Oldham, OL8 3AZ",140,Green Lane,,,Oldham,OL8 3AZ
101841,Werneth Low Golf Club,"Werneth Low Road, Gee Cross, Hyde, SK14 3AF",140,Werneth Low Road,Gee Cross,,Hyde,SK14 3AF
102195,Wessex Golf Centre,"Wessex Golf Centre, Radipole Lane, Chickerell, Weymouth, DT4 9XH",140,Wessex Golf Centre,Radipole Lane,Chickerell,Weymouth,DT4 9XH
101843,West Bradford Golf Club,"Chellow Grange Road, Bradford, BD9 6NP",140,Chellow Grange Road,,,Bradford,BD9 6NP
101844,West Byfleet Golf Club,"Sheerwater Road, West Byfleet, KT14 6AA",140,Sheerwater Road,,,West Byfleet,KT14 6AA
101846,West Cornwall Golf Club,"Church Lane, Lelant, St. Ives, TR26 3DZ",141,Church Lane,Lelant,,St. Ives,TR26 3DZ
101847,West Derby Golf Club,"Yew Tree Lane, West Derby, Liverpool, L12 9HQ",141,Yew Tree Lane,West Derby,,Liverpool,L12 9HQ
101849,West Essex Golf Club,"Bury Road, Chingford, E4 7QL",141,Bury Road,,,Chingford,E4 7QL
101850,West Herts Golf Club,"Cassiobury Park, Rouseburn Lane, Croxley Green, Rickmansworth, WD3 3GG",141,Cassiobury Park,Rouseburn Lane,Croxley Green,Rickmansworth,WD3 3GG
101851,West Hill Golf Club,"Bagshot Road, Brookwood, Woking, GU24 0BH",141,Bagshot Road,Brookwood,,Woking,GU24 0BH
101852,West Hove Golf Club,"Badgers Way, Hangleton, Hove, BN3 8EX",141,Badgers Way,Hangleton,,Hove,BN3 8EX
101853,West Hoyle Golf Club,"C/o Arrowe Park Golf Club,, Arrowe Park Road, Pensby and Thingwall, Wirral, CH49 5LW",141,"C/o Arrowe Park Golf Club,",Arrowe Park Road,Pensby and Thingwall,Wirral,CH49 5LW
101854,West Kent Golf Club,"Milking Lane, Downe, BR6 7LD",141,Milking Lane,,,Downe,BR6 7LD
101855,West Lancashire Golf Club,"Hall Road West, Blundellsands, Liverpool, L23 8SZ",141,Hall Road West,Blundellsands,,Liverpool,L23 8SZ
101856,West Lancashire Artisans Golf Club,"Hall Road West, Blundellsands, Liverpool, L23 8SZ",141,Hall Road West,Blundellsands,,Liverpool,L23 8SZ
102102,West London Golf Centre,"Ruislip Road, Northolt, UB5 6QZ",141,Ruislip Road,,,Northolt,UB5 6QZ
101857,West Malling Golf Club,"Trottiscliffe Road, Addington, West Malling, ME19 5AR",141,Trottiscliffe Road,Addington,,West Malling,ME19 5AR
101858,West Middlesex Golf Club,"Greenford Road, Southall, UB1 3EE",142,Greenford Road,,,Southall,UB1 3EE
101859,West Midlands & Solihull Golf Club,"Barston, Solihull, B92 0LB",142,Barston,,,Solihull,B92 0LB
101862,West Surrey Golf Club,"Enton Green, Godalming, GU8 5AF",142,Enton Green,,,Godalming,GU8 5AF
101864,West Sussex Golf Club,"Golf Club Lane, Wiggonholt, Pulborough, RH20 2EN",142,Golf Club Lane,Wiggonholt,,Pulborough,RH20 2EN
101865,West Wilts Golf Club,"Elm Hill, Warminster, BA12 0AU",142,Elm Hill,,,Warminster,BA12 0AU
100976,Westbury Golf Club,"White Horse Country Park, Trowbridge Road, Westbury, BA13 4LX",142,White Horse Country Park,Trowbridge Road,,Westbury,BA13 4LX
101866,Westerham Golf Club,"Valence Park, Brasted Road, Westerham, TN16 1QN",142,Valence Park,Brasted Road,,Westerham,TN16 1QN
101867,Westerhope Golf Club,"Westerhope, Newcastle upon Tyne, NE5 1PP",142,Westerhope,,,Newcastle upon Tyne,NE5 1PP
101869,Westgate & Birchington Golf Club,"Canterbury Road, Westgate-on-Sea, CT8 8LT",142,Canterbury Road,,,Westgate-on-Sea,CT8 8LT
101870,Westhoughton Golf Club,"Off School Street, Bolton, BL5 2BR",142,Off School Street,,,Bolton,BL5 2BR
101872,Weston Turville Golf Club,"New Road, Weston Turville, Aylesbury, HP22 5QT",142,New Road,Weston Turville,,Aylesbury,HP22 5QT
101874,Weston-Super-Mare Golf Club,"Uphill Road North, Weston-super-Mare, BS23 4NQ",142,Uphill Road North,,,Weston-super-Mare,BS23 4NQ
101875,Westridge Golf Centre,"Brading Road, Ryde, PO33 1QS",143,Brading Road,,,Ryde,PO33 1QS
101876,Westwood Golf Club,"Newcastle Road, Leek, ST13 7AA",143,Newcastle Road,,,Leek,ST13 7AA
101877,Wetherby Golf Club,"Linton Lane, Wetherby, LS22 4JF",143,Linton Lane,,,Wetherby,LS22 4JF
101878,Wexham Park Golf Centre,"Wexham Street, Slough, SL3 6ND",143,Wexham Street,,,Slough,SL3 6ND
101879,Weybrook Park Golf Club,"Rooksdown Lane, Basingstoke, RG24 9NT",143,Rooksdown Lane,,,Basingstoke,RG24 9NT
101880,Weymouth Golf Club,"Links Road, Weymouth, DT4 0PF",143,Links Road,,,Weymouth,DT4 0PF
101805,Wgc London,"Overton Drive, Wanstead, E11 2LW",143,Overton Drive,,,Wanstead,E11 2LW
101881,Whalley Golf Club,"Clerk Hill Road, Long Leese Barn, Whalley, BB7 9DR",143,Clerk Hill Road,Long Leese Barn,,Whalley,BB7 9DR
101882,Wharton Park Golf & Country Club,"Longbank, Bewdley, DY12 2QW",143,Longbank,,,Bewdley,DY12 2QW
102225,Whealdream Holidays & Leisure,"Whealdream, Redruth Road, Wendron, Helston, TR13 0LR",143,Whealdream,Redruth Road,Wendron,Helston,TR13 0LR
101883,Wheathill Golf Club,"Wheathill, Somerton, TA11 7HG",143,Wheathill,,,Somerton,TA11 7HG
101884,Wheatlands Golf Club,"Le Mont Des Groupieaux, St Peter, Jersey, JE3 7ED",143,Le Mont Des Groupieaux,St Peter,,Jersey,JE3 7ED
101885,Wheatley Golf Club,"Armthorpe Road, Doncaster, DN2 5QB",144,Armthorpe Road,,,Doncaster,DN2 5QB
101886,Whetstone Golf Club,"Cambridge Road, Cosby, Leicester, LE9 1SJ",144,Cambridge Road,Cosby,,Leicester,LE9 1SJ
101887,Whickham Golf Club,"Hollinside Park, Fellside Road, Whickham, Newcastle upon Tyne, NE16 5BA",144,Hollinside Park,Fellside Road,Whickham,Newcastle upon Tyne,NE16 5BA
101888,Whipsnade Park Golf Club,"Studham Lane, Dagnall, Berkhamsted, HP4 1RH",144,Studham Lane,Dagnall,,Berkhamsted,HP4 1RH
101889,Whiston Hall Golf Club,"Black Lane, Whiston, Nr Cheadle, Stoke-on-Trent, ST10 2HZ",144,Black Lane,Whiston,Nr Cheadle,Stoke-on-Trent,ST10 2HZ
101890,Whitburn Golf Club,"Lizard Lane, South Shields, NE34 7AF",144,Lizard Lane,,,South Shields,NE34 7AF
101891,Whitby Golf Club,"Low Straggleton, Sandsend Road, Whitby, YO21 3SR",144,Low Straggleton,Sandsend Road,,Whitby,YO21 3SR
102034,White Lodge Golf Club,"Norstead Place, Richmond, SW15 3SA",144,Norstead Place,,,Richmond,SW15 3SA
101892,Whitefield Golf Club,"Higher Lane, Whitefield, Manchester, M45 7EZ",144,Higher Lane,Whitefield,,Manchester,M45 7EZ
101893,Whitefields Golf Club,"London Road, Rugby, CV23 9LF",144,London Road,,,Rugby,CV23 9LF
101894,Whitehaven Golf Club,"Red Lonning, Whitehaven, CA28 8UD",144,Red Lonning,,,Whitehaven,CA28 8UD
101895,Whitehill Golf Centre,"Whitehill, Dane End, Ware, SG12 0JS",144,Whitehill,Dane End,,Ware,SG12 0JS
101896,Whiteleaf Golf Club,"The Club House, Upper Icknield Way, Princes Risborough, HP27 0LY",145,The Club House,Upper Icknield Way,,Princes Risborough,HP27 0LY
101899,Whitley Golf Club,"Corsham Road, Whitley, Melksham, SN12 8EQ",145,Corsham Road,Whitley,,Melksham,SN12 8EQ
101898,Whitley Bay Golf Club,"Claremont Road, Whitley Bay, Tyne and Wear, NE26 3UF",145,Claremont Road,Whitley Bay,,Tyne and Wear,NE26 3UF
102622,Whitley Bay Mini Golf & FootGolf,"The Links, Whitley Bay, NE26 1TQ",145,The Links,,,Whitley Bay,NE26 1TQ
101900,Whitsand Bay Golf Club,"Portwrinkle, Torpoint, PL11 3BU",145,Portwrinkle,,,Torpoint,PL11 3BU
101901,Whitstable & Seasalter Golf Club,"Collingwood Road, Whitstable, CT5 1EB",145,Collingwood Road,,,Whitstable,CT5 1EB
101902,Whittaker Golf Club,"Whittaker Hamlet, Whittle Lane, Littleborough, OL15 0LH",145,Whittaker Hamlet,Whittle Lane,,Littleborough,OL15 0LH
101903,Whittington Heath Golf Club,"Tamworth Road, Lichfield, WS14 9PW",145,Tamworth Road,,,Lichfield,WS14 9PW
101904,Whittlebury Park Golf Club,"Whittlebury Park, Nr. Towcester, NN12 8WP",145,Whittlebury Park,,,Nr. Towcester,NN12 8WP
101905,Whitwood Golf Club,"Altofts Lane, Whitwood, Castleford, WF10 5PZ",145,Altofts Lane,Whitwood,,Castleford,WF10 5PZ
101906,Wickham Park Golf Club,"Titchfield Lane, Wickham, Fareham, PO17 5PJ",145,Titchfield Lane,Wickham,,Fareham,PO17 5PJ
101907,Widnes Golf Club,"Highfield Road, Widnes, WA8 7DT",145,Highfield Road,,,Widnes,WA8 7DT
101909,Wigan Golf Club,"Arley Lane, Haigh, Wigan, WN1 2UH",146,Arley Lane,Haigh,,Wigan,WN1 2UH
101910,Wildernesse Golf Club,"Seal, Sevenoaks, TN15 0JE",146,Seal,,,Sevenoaks,TN15 0JE
101912,Willesley Park Golf Club,"Measham Road, Ashby-de-la-Zouch, LE65 2PF",146,Measham Road,,,Ashby-de-la-Zouch,LE65 2PF
101914,Willingdon Golf Club,"Southdown Road, Willingdon, Willingdon, BN20 9AA",146,Southdown Road,Willingdon,,Willingdon,BN20 9AA
101915,Willow Valley Golf,"Highmoor Lane, Off Walton Lane, Brighouse, HD6 4JB",146,Highmoor Lane,Off Walton Lane,,Brighouse,HD6 4JB
101919,Wilpshire Golf Club,"Whalley Road, Wilpshire, Blackburn, BB1 9LF",146,Whalley Road,Wilpshire,,Blackburn,BB1 9LF
101920,Wilton Golf Club,"Wilton Castle, Redcar, TS10 4QY",146,Wilton Castle,,,Redcar,TS10 4QY
101921,Wimbledon Common Golf Club,"19 Camp Road, Wimbeldon Common, Wimbledon, SW19 4UW",146,19 Camp Road,Wimbeldon Common,,Wimbledon,SW19 4UW
101923,Wincanton Golf Club,"Wincanton Racecourse, Wincanton, BA9 8BJ",146,Wincanton Racecourse,,,Wincanton,BA9 8BJ
102495,Winchester Golf Academy,"Down Farm Lane, Headbourne Worthy, Winchester, SO22 6RG",146,Down Farm Lane,Headbourne Worthy,,Winchester,SO22 6RG
101924,Windermere Golf Club,"Cleabarrow, Windermere, LA23 3NB",146,Cleabarrow,,,Windermere,LA23 3NB
102035,Windlemere Ladies Golf Club,"c/o Pine Ridge Golf Centre, Old Bisley Road, Camberley, GU16 9NX",146,c/o Pine Ridge Golf Centre,Old Bisley Road,,Camberley,GU16 9NX
101925,Windlesham Golf Club,"Grove End, Bagshot, GU19 5HY",147,Grove End,,,Bagshot,GU19 5HY
101926,Windmill Hill Golf Club,"Tattenhoe Lane, Bletchley, Milton Keynes, MK3 7RB",147,Tattenhoe Lane,Bletchley,,Milton Keynes,MK3 7RB
101927,"Windmill Village Hotel, Golf Club & Spa","Birmingham Road, Allesley, Coventry, CV5 9AL",147,Birmingham Road,Allesley,,Coventry,CV5 9AL
101928,Windsor Great Park Golf Club,"Crown Estate Office, The Great Park, Windsor, SL4 2HT",147,Crown Estate Office,The Great Park,,Windsor,SL4 2HT
101930,Winter Hill Golf Club,"Grange Lane, Cookham, Maidenhead, SL6 9RP",147,Grange Lane,Cookham,,Maidenhead,SL6 9RP
101931,Wirral Golf Club,"Bidston Road, Prenton, CH43 6TS",147,Bidston Road,,,Prenton,CH43 6TS
101932,Wishaw Golf Club,"Bulls Lane, Wishaw, Sutton Coldfield, B76 9QW",147,Bulls Lane,Wishaw,,Sutton Coldfield,B76 9QW
101934,Withernsea Golf Club,"Egroms Lane, Withernsea, HU19 2NA",147,Egroms Lane,,,Withernsea,HU19 2NA
101935,Withington Golf Club,"243 Palatine Road, West Didsbury, Manchester, M20 2UE",147,243 Palatine Road,West Didsbury,,Manchester,M20 2UE
101936,Witney Lakes Resort,"Downs Road, Witney, OX29 0SY",147,Downs Road,,,Witney,OX29 0SY
101937,Woburn Golf Club,"Little Brickhill, Milton Keynes, MK17 9LJ",147,Little Brickhill,,,Milton Keynes,MK17 9LJ
101938,Wokefield Park Golf Club,"Wokefield Park, Goodboys Lane, Reading, RG7 3AE",147,Wokefield Park,Goodboys Lane,,Reading,RG7 3AE
101939,Woking Golf Club,"Pond Road, Hook Heath, Woking, GU22 0JZ",148,Pond Road,Hook Heath,,Woking,GU22 0JZ
101940,Woldingham Golf Club,"Halliloo Valley Road, Woldingham, CR3 7HA",148,Halliloo Valley Road,,,Woldingham,CR3 7HA
101941,Wollaton Park Golf Club,"Lime Tree Avenue, Wollaton Park, Nottingham, NG8 1BT",148,Lime Tree Avenue,Wollaton Park,,Nottingham,NG8 1BT
101942,Wolstanton Golf Club,"Dimsdale Old Hall, Hassam Parade, Wolstanton, Newcastle under Lyme, ST5 9DR",148,Dimsdale Old Hall,Hassam Parade,Wolstanton,Newcastle under Lyme,ST5 9DR
101943,Wombwell Hillies Golf Club,"Wentworth View, Wombwell, Barnsley, S73 0LA",148,Wentworth View,Wombwell,,Barnsley,S73 0LA
101944,Woodbridge Golf Club,"Bromeswell Heath, Woodbridge, IP12 2PF",148,Bromeswell Heath,,,Woodbridge,IP12 2PF
101946,Woodbury Park Golf Club,"Woodbury Castle, Woodbury, Exeter, EX5 1JJ",148,Woodbury Castle,Woodbury,,Exeter,EX5 1JJ
101947,Woodcote Park Golf Club,"Meadow Hill, Bridle Way, Coulsdon, CR5 2QQ",148,Meadow Hill,Bridle Way,,Coulsdon,CR5 2QQ
101948,Woodford Golf Club,"2 Sunset Avenue, Woodford Green, IG8 0ST",148,2 Sunset Avenue,,,Woodford Green,IG8 0ST
101949,Woodhall Hills Golf Club,"288 Woodhall Road, Calverley, Pudsey, LS28 5UN",148,288 Woodhall Road,Calverley,,Pudsey,LS28 5UN
101950,Woodhall Spa Golf Club,"The Broadway, Woodhall Spa, LN10 6PU",148,The Broadway,,,Woodhall Spa,LN10 6PU
101951,Woodham Golf & Country Club,"Burnhill Way, Newton Aycliffe, DL5 4PN",148,Burnhill Way,,,Newton Aycliffe,DL5 4PN
101952,Woodlands Golf & Country Club,"Trench Lane, Almondsbury, Bristol, BS32 4JZ",149,Trench Lane,Almondsbury,,Bristol,BS32 4JZ
101954,Woodside Golf Club,"Knutsford Road, Cranage, Holmes Chapel, CW4 8HJ",149,Knutsford Road,Cranage,,Holmes Chapel,CW4 8HJ
101955,Woodsome Hall Golf Club,"Woodsome Hall, Woodsome Road, Fenay Bridge, Huddersfield, HD8 0LQ",149,Woodsome Hall,Woodsome Road,Fenay Bridge,Huddersfield,HD8 0LQ
101956,Woodspring Golf & Country Club,"Yanley Lane, Long Ashton, Bristol, BS41 9LR",149,Yanley Lane,Long Ashton,,Bristol,BS41 9LR
101957,Woodthorpe Hall Golf Club,"Woodthorpe, Alford, LN13 0DD",149,Woodthorpe,,,Alford,LN13 0DD
101958,Wooler Golf Club,"Doddington, Wooler, NE71 6AN",149,Doddington,,,Wooler,NE71 6AN
101451,Woolfox Golf & Country Club,"Great North Road, Normanton, Stamford, PE9 4AQ",149,Great North Road,Normanton,,Stamford,PE9 4AQ
101959,Woolley Park Golf Club,"New Road, Woolley, Wakefield, WF4 2JJ",149,New Road,Woolley,,Wakefield,WF4 2JJ
101960,Woolston Manor Golf & Country Club,"Abridge Road, Chigwell, IG7 6BX",149,Abridge Road,,,Chigwell,IG7 6BX
101962,Woolton Golf Club,"Doe Park, Speke Road, Woolton, Liverpool, L25 7TZ",149,Doe Park,Speke Road,Woolton,Liverpool,L25 7TZ
101961,Woolton Artisans Golf Club,"Doe Park, Speke Road, Woolton, Liverpool, L25 7TZ",149,Doe Park,Speke Road,Woolton,Liverpool,L25 7TZ
101963,Worcester Golf & Country Club,"Boughton Park, Bransford Road, Worcester, WR2 4EZ",149,Boughton Park,Bransford Road,,Worcester,WR2 4EZ
101966,Workington Golf Club,"Branthwaite Road, Workington, CA14 4SS",150,Branthwaite Road,,,Workington,CA14 4SS
101967,Worksop Golf Club,"Windmill Lane, Worksop, S80 2SQ",150,Windmill Lane,,,Worksop,S80 2SQ
102610,Worksop Indoor Golf Centre,"Unit 10, Spinelle Road, Worksop, S80 3GP",150,Unit 10,Spinelle Road,,Worksop,S80 3GP
101968,Worldham Golf Club,"Cakers Lane, East Worldham, Alton, GU34 3BF",150,Cakers Lane,East Worldham,,Alton,GU34 3BF
101969,Worlebury Golf Club,"Minks Hill Road, Worlebury, Weston-super-Mare, BS22 9SX",150,Minks Hill Road,Worlebury,,Weston-super-Mare,BS22 9SX
101970,Worplesdon Golf Club,"Heath House Road, Woking, GU22 0RA",150,Heath House Road,,,Woking,GU22 0RA
101971,Worsley Golf Club,"Stableford Avenue, Monton Green, Eccles, M30 8AP",150,Stableford Avenue,Monton Green,,Eccles,M30 8AP
101972,Worthing Golf Club,"Links Road, Worthing, BN14 9QZ",150,Links Road,,,Worthing,BN14 9QZ
101973,Wortley Golf Club,"Hermit Hill Lane, Wortley, Sheffield, S35 7DF",150,Hermit Hill Lane,Wortley,,Sheffield,S35 7DF
101974,Wrag Barn Golf Club,"Shrivenham Road, Highworth, Swindon, SN6 7QQ",150,Shrivenham Road,,Highworth,Swindon,SN6 7QQ
101975,Wrangaton Golf Club,"Golf Links Road, Wrangaton, South Brent, TQ10 9HJ",150,Golf Links Road,Wrangaton,,South Brent,TQ10 9HJ
101976,Wrekin Golf Club,"Ercall Woods, Golf Links Lane, Wellington, TF6 5BX",150,Ercall Woods,Golf Links Lane,,Wellington,TF6 5BX
101977,Wrotham Heath Golf Club,"Seven Mile Lane, Borough Green, Sevenoaks, TN15 8QZ",151,Seven Mile Lane,Borough Green,,Sevenoaks,TN15 8QZ
101978,Wyboston Lakes Golf Club,"Great North Road, Wyboston, Bedford, MK44 3AL",151,Great North Road,Wyboston,,Bedford,MK44 3AL
101979,Wychwood Park Golf Club,"Wychwood Park, Weston, Crewe, CW2 5GP",151,Wychwood Park,Weston,,Crewe,CW2 5GP
101980,Wycombe Heights Golf Centre,"Rayners Avenue, Loudwater, High Wycombe, HP10 9SZ",151,Rayners Avenue,Loudwater,,High Wycombe,HP10 9SZ
101981,Wyke Green Golf Club,"Syon Lane, Osterley, Isleworth, TW7 5PT",151,Syon Lane,Osterley,,Isleworth,TW7 5PT
101984,Yelverton Golf Club,"Golf Links Road, Yelverton, PL20 6BN",151,Golf Links Road,,,Yelverton,PL20 6BN
101985,Yeovil Golf Club,"Sherborne Road, Yeovil, BA21 5BW",151,Sherborne Road,,,Yeovil,BA21 5BW
101988,York Golf Club,"Lords Moor Lane, Strensall, York, YO32 5XF",151,Lords Moor Lane,Strensall,,York,YO32 5XF
101986,York Academy Golf Club,"Towthorpe, Moor Lane, York, YO32 9ST",151,Towthorpe,Moor Lane,,York,YO32 9ST
102668,Zen Clubhouse,"Unit 1, Europa Way, Sheffield Business Park, Sheffield, S9 1XH",151,"Unit 1, Europa Way",Sheffield Business Park,,Sheffield,S9 1XH
