osm_type,osm_id,name,lat,lon,leisure,golf,operator,website,phone,email,addr_street,addr_city,addr_county,addr_postcode,is_in
way,1202532526,1320,52.3984983,0.5691195,,clubhouse,,,,,,,,,
way,120458029,18 hole Blue Monster Course,53.3375505,-1.3075722,golf_course,,,,,,,,,,
way,1447938345,2019 Course,56.1369514,-3.1583984,golf_course,,Fife Golf Trust,https://fifegolftrust.co.uk/dunnikier-golf-course/,,,Dunnikier Way,Kirkcaldy,,KY1 3LP,
way,508221481,9 Hole Par 3 Golf Course,51.597989,-0.3020925,golf_course,,,,,,,,,,
relation,3960969,Abbey Hill Golf Centre,52.0442567,-0.8117644,golf_course,,,https://abbeyhillgc.co.uk/,+44 1908 562566,,Monks Way,Milton Keynes,,MK8 8AA,
way,160409181,Abbey Hill Golf Centre,52.0439188,-0.8105258,,clubhouse,,,,,Monks Way,Milton Keynes,,MK8 8AA,
way,160409184,Abbey Hill Golf Club,52.0435742,-0.8112846,,clubhouse,,,,,Monks Way,Milton Keynes,,MK8 8AA,
way,10153868,Abbey Moor Golf Club,51.3791109,-0.4997144,golf_course,,,,,,,,,,
way,814464110,Abbeydale Golf Club,53.325568,-1.5041291,golf_course,,,https://www.abbeydalegolfclub.co.uk/,+44 114 2365633,,Twentywell Lane,Sheffield,,S17 4QA,
relation,3976904,Abbotsley Golf Hotel,52.1963068,-0.2396806,golf_course,,,http://www.abbotsley.com/,+44 1480 474000,,Potton Road,St Neots,,PE19 6XN,
way,40931567,Aberdare Golf Club,51.715759,-3.4262368,golf_course,,,,,,,,,,
relation,12254691,Aberdelghy Golf Course,54.5351783,-6.0226695,golf_course,,,,,,,,,,
way,95090549,Aberdour Golf Club,56.0463831,-3.3065996,golf_course,,,https://www.aberdourgolfclub.co.uk/,+44 1383 860 256,info@aberdourgolfclub.co.uk,Seaside Place,Aberdour,,KY3 0TX,
way,485021413,Aberdour Golf Club,56.0490784,-3.2992474,,clubhouse,,,,,Seaside Place,Aberdour,,KY3 0TX,
way,100654379,Aberdulais Golf Range & Academy,51.6767542,-3.7771745,golf_course,,,,,,,,,,
way,1436984939,Aberfeldy Golf Club,56.6215869,-3.8717574,,clubhouse,,,,,,,,,
way,131995963,Aberfeldy Golf Club,56.623279,-3.8671047,golf_course,,,https://www.aberfeldy-golfclub.co.uk/,+44 1887 820535,aberfeldygolfclub@btconnect.com,Taybridge Road,Aberfeldy,,PH15 2BH,
way,70755619,Aberfoyle Golf Club,56.1765332,-4.3619262,golf_course,,,https://www.aberfoylegolf.co.uk/,+44 1877 382493,secretary@aberfoylegolf.co.uk,,"Braeval, Aberfoyle",,FK8 3UY,
way,100119304,Abergele Golf Club,53.2852457,-3.6042017,golf_course,,,,,,,,,,
way,739067431,Abernethy Golf club,57.2715495,-3.6499087,golf_course,,,https://www.abernethygolfclub.com/,+44 1479 821305,info@abernethygolfclub.com,,Nethy Bridge,,PH25 3EB,
way,765985742,Abernethy Golf Club,57.2697159,-3.6536399,,clubhouse,,https://www.abernethygolfclub.com/,+44 1479 821305,info@abernethygolfclub.com,,Nethy Bridge,,PH25 3EB,
way,1493651971,Aberystwyth Golf Course,52.423774,-4.0722043,golf_course,,,,,,,,,,
way,249131645,Aboyne Golf Club House,57.0839744,-2.770173,,clubhouse,,,,,Golf Road,Aboyne,,AB34 5HP,
way,235330071,Aboyne Golf Course,57.0841704,-2.7708823,golf_course,,,https://www.aboynegolfclub.co.uk/,+44 13398 86328,,Formaston Park,Aboyne,,AB34 5HP,
way,231370473,Abridge Golf and Country Club,51.6665897,0.1473394,golf_course,,,,,,Epping Lane,Stapleford Tawney,,RM4 1ST,
way,85989739,Academy Course,51.2945278,0.9415609,golf_course,,,,,,,,,,
way,1096330531,Academy Course,52.8610822,-2.6428302,golf_course,,Hawkstone Park,,,,,,,,
way,51343442,Accrington and District Golf Club,53.7565796,-2.409962,golf_course,,,https://www.accringtongolfclub.com/,+44 1254 381614,info@accringtongolfclub.com,Devon Avenue,Accrington,,BB5 4LS,
relation,4034056,Addington Court Golf Club,51.345989,-0.0288394,golf_course,,,https://www.addingtoncourt-golfclub.co.uk/,+44 20 8657 0281,,Featherbed Lane,Croydon,,CR0 9AA,
way,5020251,Addington Palace Golf Club,51.3616452,-0.0429925,golf_course,,,,,,Gravel Hill,Croydon,,CR0 5BB,
way,187707595,Addlethorpe Golf Club,53.1899645,0.3106513,golf_course,,,,,,,,,,
way,136240651,Adlington Golf Centre,53.3325525,-2.1408925,golf_course,,,https://adlingtongolfcentre.co.uk/,,,,,,,
relation,1436621,Aigas Golf Course,57.4407262,-4.5633891,golf_course,,,https://aigasgolfcourse.co.uk/,,,,,,,
node,13037264302,Ailsa,55.3147547,-4.8343939,golf_course,,,,,,,,,,
way,121110632,Aintree Golf Course,53.4760158,-2.9368434,golf_course,,,https://www.aintree.co.uk/pages/aintree-golf-centre-and-driving-range/,+44 151 523 5157,,Ormskirk Road,Liverpool,,L9 5AS,
way,230098008,Airdrie Golf Club,55.8836018,-3.9857043,golf_course,,info@airdriegolfclub.com,https://www.airdriegolfclub.co.uk/,+44 1236 762195,,Glenmavis Road,Airdrie North,,ML6 0PQ,
way,4251251,Airlinks Golf Course,51.4920774,-0.3915032,golf_course,,,,,,,,,,
way,342485280,Akebar Park Golf Course,54.3069322,-1.7039343,golf_course,,,https://akebarpark.com/akebar-golf/,,,,,,,
way,144622770,Aldeburgh Golf Course,52.1669392,1.5798748,golf_course,,,,,,,,,,
way,1273920781,Aldeburgh Golf Course,52.1636138,1.5751229,golf_course,,,,,,,,,,
way,8036925,Aldenham Golf Club,51.6774246,-0.3607583,golf_course,,,https://aldenhamgolfclub.co.uk/,+44 1923 857889;+44 1923 853929,,Church Lane,Watford,,WD25 8NN,
way,30970073,Alder Root Golf Course,53.4364032,-2.6180108,golf_course,,,,,,Alder Root Lane,Warrington,,WA2 8RZ,
way,39697494,Alderley Edge Golf Club,53.3102549,-2.2470996,golf_course,,,,,,,,,,
way,56257843,Aldersey Green Golf Club,53.1026067,-2.7999932,golf_course,,,https://www.alderseygreengolfclub.co.uk/,+44 1829 782 157,,,Chester,Cheshire,CH3 9EH,
relation,14048916,Aldwark Manor Golf Club,54.0585525,-1.2886158,golf_course,,,http://www.aldwarkmanorgolfclub.co.uk/,,,,York,,YO61 1UF,
way,1042163992,Aldwickbury Park Golf Club,51.8129644,-0.3279863,,clubhouse,,,,,Piggottshill Lane,Harpenden,,AL5 1AB,
way,22776814,Aldwickbury Park Golf Course,51.8139867,-0.3254868,golf_course,,,https://aldwickburyparkgolfclub.co.uk,+44 1582 760112,info@aldwickburyparkgolfclub.co.uk,Piggottshill Lane,Harpenden,,AL5 1AB,
way,812909736,Alexander Park Resort,52.0548648,-2.5163689,golf_course,,,https://www.apresort.co.uk/,,,,,,,
way,511273594,Alexandra Palace Pitch & Putt,51.5946592,-0.1262592,golf_course,,Alexandra Park and Palace Charitable Trust,https://www.alexandrapalace.com/pitch-putt/,+44 1245 257682,,Alexandra Palace Way,London,,N22 7AY,
way,111555535,Alford Golf Club,57.2367521,-2.6964697,golf_course,,,https://www.alfordgolfclub.com/,,,,,,,
way,111808286,Alford Golf Club,57.2340653,-2.7024913,,clubhouse,,,,,,,,,
way,324055663,Alfreton Golf Club,53.0926964,-1.4119573,golf_course,,,https://alfretongolfclub.co.uk/,,,Wingfield Road,Alfreton,,DE55 7LH,
way,457214947,Alice Springs Golf Club,51.748294,-2.929354,,clubhouse,,,,,,,,,
way,803239399,Allendale Golf Club,54.8751005,-2.2487734,golf_course,,,https://www.allendale-golf.com/,,,,,,,
way,1075589939,Allerton Golf Club House,53.3725197,-2.8871483,,clubhouse,,,,,,,,,
way,153471384,Allesley Park Golf Course,52.4192055,-1.5559907,golf_course,,,,,,,,,,
way,105680581,Allhallows Golf Course,51.4705633,0.651518,golf_course,,,,,,,,,,
way,112044082,Allhallows Holiday Park Golf Course,51.4748259,0.6365954,golf_course,,,,,,,,,,
way,731164435,Alness Golf Club,57.7052408,-4.2638763,golf_course,,,https://www.alnessgolf.co.uk/,,,,,,,
relation,3368388,Alnmouth Golf Club,55.3966602,-1.6009195,golf_course,,,https://www.alnmouthgolfclub.com/,,,,,,,
way,126365706,Alnwick Castle Golf Club,55.4003844,-1.7168425,golf_course,,,https://www.alnwickcastlegolfclub.co.uk/,+44 1665 602632,,,Alnwick,,NE66 2AB,
way,94285123,Alresford Golf Club,51.0764169,-1.1642899,golf_course,,,,,,,,,,
way,148866781,Alsager Golf and Country Club,53.0856074,-2.2893084,golf_course,,,,,,,,,,
way,340087141,Alston Moor Golf Course,54.7887018,-2.4317251,golf_course,,,https://alstonmoorgolfclub.org.uk/,,,,,,,
way,666514487,Alton Golf Club,51.1734089,-0.9833896,golf_course,,,,,,,,,,
way,8024949,Altrincham Municipal Golf Course,53.3871643,-2.3341171,golf_course,,Trafford Leisure,https://altrinchamgolfcourse.co.uk/,+44 161 749 2570,,Stockport Road,Altrincham,,WA15 7LP,
way,1381386032,Alva Golf Club,56.1562539,-3.7994766,,clubhouse,,,,,Beauclerc Street,Alva,Clackmannanshire,FK12 5LD,
way,120408561,Alva Golf Course,56.1564099,-3.8043039,golf_course,,,https://www.alvagolfclub.co.uk/,+44 1259760431,,Beauclere Street,Alva,,FK12 5LH,
way,164023842,Alwoodley Golf Club,53.8640153,-1.5120755,golf_course,,,https://alwoodleygolfclub.com/,,,,,,,
way,244454007,Alyth Golf Club,56.6216644,-3.2059108,,clubhouse,,,,,,,,,
way,251141076,Alyth Golf Course,56.6222431,-3.1999861,golf_course,,,https://www.alythgolfclub.co.uk/,+44 1828 632268,,,"Pitcrocknie, Alyth",,PH11 8HF,
relation,13331407,Ampfield Golf & Country Club,51.004717,-1.4284674,golf_course,,Ampfield Par-Three Golf & Country Club Ltd.,https://www.ampfieldgolf.com/,+44 1794 368480,clubhouse@ampfieldgolf.com,Winchester Road,Ampfield,,SO51 9BQ,
way,993143878,Ampfield Golf Clubhouse,51.0065074,-1.4292315,,clubhouse,Ampfield Golf Club,,,,,,,,
way,177524682,Andover Golf Club,51.1980299,-1.4771436,golf_course,,,,,,,,,,
way,1329448197,Andover Golf Club House,51.1996036,-1.4794037,,clubhouse,,,,,,,,,
way,517914286,Anglesey Golf Course,53.2425012,-4.5139929,golf_course,,,https://angleseygolfclub.co.uk/,,,Station Road,,,LL64 5QX,
way,43653383,Annanhill Golf Club,55.6060518,-4.5231353,golf_course,,,https://annanhillgolfclub.co.uk/,+44 1563 521512,,Irvine Road,Kilmarnock,,KA1 2RT,
way,40952557,Anstruther Golf Club,56.2169305,-2.711618,golf_course,,Anstruther Golf Club,https://www.anstruthergolf.co.uk/,,,,Anstruther,,KY10 3DZ,
way,547721161,Anstruther Golf Club,56.2190281,-2.7053796,,clubhouse,,https://www.anstruthergolf.co.uk/,+44 1333 310956,clubhouse@anstruthergolf.co.uk,Shore Road,Anstruther,,KY10 3DZ,
way,55584529,Ansty Golf Centre,52.4496841,-1.4021544,golf_course,,,,,,,,,,
way,971619991,Antonine Par 3 Academy Course,56.0081975,-3.8248961,golf_course,,,https://www.falkirkgolfclub.co.uk/,,,,,,,
way,268081878,Antrobus Golf Course,53.3257892,-2.5458307,golf_course,,,,,,,,,,
way,29179539,Appleby Golf Club,54.5715975,-2.4421701,golf_course,,,https://www.applebygolfclub.co.uk/,,,Brackenber Moor,Appleby,,CA16 6LP,
way,42334896,Aqualate Golf Centre,52.767937,-2.3542656,golf_course,,,https://www.aqualategolf.co.uk/,,,Stafford Road,Newport,,TF10 9BY,
way,26576485,Aquarius Golf Club,51.454989,-0.0529638,golf_course,,,,,,,,,,
way,264882305,Arbroath Golf Course,56.5363672,-2.6304408,golf_course,,Arbroath Artisan Golf Club,https://www.arbroathgolfcourse.co.uk/,,,,,,,
way,126776276,Arbroath West Links Pitch & Putt,56.5521085,-2.5946578,golf_course,,,https://www.angus.gov.uk/services/view_service_detail.cfm?serviceid=1316,+44 7813 859992,,,,,,
way,161228170,Archerfield Links,56.0556716,-2.792248,golf_course,,,https://www.archerfieldgolfclub.com/,+44 1620 89 70 50,andrew@archerfieldgolfclub.com,,Dirleton,,EH39 5HQ,
way,89074125,Arcot Hall Golf Club,55.0740276,-1.6147387,golf_course,,,https://www.arcothall.co.uk/,,,Arcot Lane,Cramlington,Northumberland,NE23 7QP,
way,483958112,Ardeer Golf Club,55.6578657,-4.75388,golf_course,,,https://ardeergolfclub.co.uk/,,,,,,,
way,216527382,"Ardencote Manor Hotel, Country Club & Spa",52.2888107,-1.7050914,golf_course,,,https://ardencote.com/,+44 1926 843111,hotel@ardencote.com,Lye Green Road,Claverdon,,CV35 8LT,
way,1381984507,Ardfin Golf Course,55.7998414,-6.0206841,golf_course,,,https://www.ardfin.com/golf/,,,,,,,
way,977785938,Ardglass Golf Club,54.258857,-5.6045867,,clubhouse,,,,,,,,,
way,793224207,Ardglass Golf Club,54.2530594,-5.6121946,golf_course,,,https://www.ardglassgolfclub.com/,,,Castle Place,Ardglass,,BT30 7TP,
way,1292189673,Ardminnan Golf Club,54.415244,-5.4718544,golf_course,,,,,,Ardminnan Road,Portaferry,,BT22 1QJ,
way,24012861,Arkley Golf Club,51.65092,-0.2377625,golf_course,,,https://www.arkleygolfclub.co.uk/,+44 20 8440 8473;+44 20 8449 0394,office@arkleygolfclub.co.uk,,,,,
way,456756633,Armagh Golf Club,54.3376691,-6.6467383,golf_course,,,,,,,,,,
way,79824002,Army Golf Course,51.2694615,-0.7690921,golf_course,,,,,,,,,,
way,1464367588,Arndean,56.1804499,-3.6021328,golf_course,,Muckhart Golf Club,https://www.muckhartgolf.com/,+44 1259 781423,,Drumburn Road,Muckhart,,FK14 7JH,
relation,4047638,Arrowe Park Golf Course,53.361981,-3.0960285,golf_course,,,https://www.arroweparkgolfclub.co.uk/,+44 151 677 1527;+44 151 678 5285,contact@arroweparkgolfclub.co.uk,,,,,
way,65134423,Arscott,52.6713268,-2.8426065,golf_course,,,https://www.arscottgolfclub.co.uk/,,,,Pontesbury,,SY5 0XP,
way,1485438997,Ash Valley Golf Club,51.8674431,0.0718436,golf,clubhouse,,,,,,,,,
way,126563859,Ash Valley Golf Club,51.8728426,0.071164,golf_course,,,https://www.ashvalley.co.uk/,+44 1279 843253,enquiries@ashvalley.co.uk,Little Hadham Road,Much Hadham,,SG10 6HD,
way,189245720,Ashbourne Golf Club,53.0040048,-1.7425535,golf_course,,,https://www.ashbournegolfclub.co.uk/,+44 1335 342078;+44 1335 347960,,Wyaston Road,Ashbourne,,DE6 1NB,
way,240230569,Ashburnham Golf Club,51.6810536,-4.2776274,golf_course,,,https://ashburnhamgolfclub.co.uk/,+44 1554 832269,admin@ashburnhamgolfclub.co.uk,Cliff Terrace,Burry Port,,SA16 0HN,
relation,14162985,Ashbury Golf Course,50.7407466,-4.0744326,golf_course,,,,,,,,,,
way,101202001,Ashby Decoy Golf Club,53.5617447,-0.689438,golf_course,,,,,,,,,,
way,102712809,Ashdown Park,51.0710952,0.0365432,golf_course,,,https://www.ashdownpark.com/sussex-golf-course,+44 1342 824988,,Colemans Hatch Road,Forest Row,,RH18 5JR,
way,285599388,Ashfield Golf Course,54.1100938,-6.579572,golf_course,,,,,,,,,,
way,23514649,Ashford Golf Club,51.167283,0.8612081,golf_course,,,,,,,,,,
way,250363948,Ashford Manor Golf Club,51.4267694,-0.4623698,golf_course,,,https://www.amgc.co.uk/,+44 1784 424644,,Fordbridge Road,Ashford,,TW15 3RT,
way,196892658,Ashley Wood Golf Club,50.8517029,-2.1125535,golf_course,,,,,,,,,,
way,1245335146,Ashludie Course,56.4859625,-2.8012555,golf_course,,Monifieth Golf Links,,,,,Monifieth,,,
node,321787508,Ashridge Golf Club,51.8088206,-0.5748127,golf_course,,,,,,,,,,
way,285071056,Ashton & Lea Golf Club,53.7716718,-2.7745935,golf_course,,,https://www.ashtonleagolfclub.co.uk/,+44 1772 735282,,Tudor Avenue,Preston,,PR4 0XA,
way,23352627,Ashton Court Golf Course,51.4500829,-2.6478541,golf_course,,,,,,,,,,
way,181597488,Ashton Golf Centre,54.0084599,-2.8279734,golf_course,,,https://www.facebook.com/AshtonGolfCentre,+44 1524 752221,,Ashton With Stodday,Lancaster,,LA2 0AJ,
relation,19515552,Ashton on Mersey Golf Club,53.4359403,-2.3405841,golf_course,,,,,,,,,,
way,32209659,Ashton-in-Makerfield Golf Club,53.4831648,-2.6541919,golf_course,,,https://www.ashton-in-makerfieldgolfclub.co.uk/,+441942 727267,,Liverpool Road,Wigan,,WN4 0YT,
way,33548286,Ashton-in-Makerfield Golf Club,53.4826565,-2.6601001,,clubhouse,,https://www.ashton-in-makerfieldgolfclub.co.uk/contact_us,+441942 727267,,Liverpool Road,Wigan,,WN4 0YT,
relation,12702267,Ashton-u-lyne Golf Club,53.5065114,-2.0714499,,clubhouse,,,,,,,,,
way,219942069,Ashton-under-Lyne Golf Club,53.5076977,-2.0645847,golf_course,,,https://www.ashtongolfclub.co.uk/,+44 161 330 1537,,Gorsey Lane,Ashton-under-Lyne,,OL6 9HT,
way,533920226,Ashwoods Golf Centre,54.326897,-7.6785496,golf_course,,,,,,Sligo Road,Enniskillen,,,
way,5202628,Aspley Guise & Woburn Sands Golf Club,52.0164912,-0.6396976,golf_course,,,https://www.aspleyguisegolfclub.co.uk/,+44 1908 583596,info@aspleyguisegolfclub.co.uk,West Hill,Aspley Guise,,MK17 8DX,
way,182331996,Asta Golf Club,60.1592266,-1.2585864,golf_course,,,https://www.astagolfcourse.com/,+44 793 6832971,mail@astagolfcourse.com,,,,,
way,380857111,Asta Golf Club House,60.1602184,-1.2595009,,clubhouse,,,,,,Shetland,,ZE1 0UQ,
relation,4103459,Astbury Golf Course,53.1516305,-2.2088364,golf_course,,,,,,,,,,
relation,14692497,Astbury Golf Course,52.498503,-2.4080906,golf_course,,The Astbury,,,,,,,,
way,4367900,Aston Wood Golf Club,52.6080664,-1.8535774,golf_course,,,,,,,,,,
way,61885427,Atherstone Golf Club,52.564369,-1.5534587,golf_course,,,,,,,,,,
way,718276607,Atherstone Golf Club,52.5679193,-1.5474305,,clubhouse,,,,,,,,CV9 2RL,
way,300629599,Atlantic Reach Golf Course,50.4038397,-4.9548964,golf_course,,,https://www.atlanticreach.co.uk/,+44 1726 860775,info@atlanticreach.co.uk,,Whitecross,,TR8 4LX,
way,932382512,Auchenblae Golf Course,56.9036448,-2.4401106,golf_course,,Auchenblae Parks Committee,https://www.auchenblaegolfcourse.co.uk,,,,,,,
way,453854335,Auchenharvie Golf Course,55.6355054,-4.7687485,golf_course,,,https://kaleisure.com/location/auchenharvie-golf-course/,,,,,,,
relation,8851679,Auchmill Golf Course,57.1713368,-2.1709316,golf_course,,,https://auchmillgolfclub.co.uk/,+44 1224 715214,amg-club@outlook.com,Bonnyview Road,Aberdeen,,AB16 7FQ,
way,269353312,Auchterarder Golf Club,56.2879046,-3.727848,golf_course,,,https://www.auchterardergolf.co.uk/home,,,Orchil Road,Auchterarder,,PH3 1LS,
way,907784937,Auchterarder Golf Club,56.2897768,-3.7239894,,clubhouse,,https://www.auchterardergolf.co.uk/,+44 1764 662804,secretary@auchterardergolf.co.uk,Orchil Road,Auchterarder,,PH3 1LS,
way,354643599,Auchterderran Golf Club,56.1519834,-3.2730558,,clubhouse,,,+44 1592 721572,auchterderrangc@gmail.com,Woodend Road,Auchterderran,,KY5 0NH,
way,354643600,Auchterderran Golf Course,56.150684,-3.2779795,golf_course,,Fife Golf Trust,https://fifegolftrust.co.uk/auchterderran-golf-course/,,,Woodend Road,Auchterderran,,KY5 0NH,
way,5051855,Austin Lodge Golf Club (closed 2014),51.337293,0.2123917,golf_course,,,,,,,,,,
way,89367533,Avington Park Golf Course,51.0881342,-1.2308874,golf_course,,,,,,,,,,
relation,3368390,Avisford Park Golf Club,50.8470307,-0.6149301,golf_course,,,https://www.avisfordparkgolfclub.com/,+44 1243 554611,,,,,,
way,136243568,Avro Golf Club,53.3302918,-2.1615521,golf_course,,,,,,,,,,
way,104861329,Axe Cliff Golf Course,50.7064157,-3.0495681,golf_course,,,,,,,,,,
way,72448901,Aylesbury Vale Golf Club,51.9166102,-0.7400595,golf_course,,,,,,,,,,
way,4891768,Baberton Golf Course,55.9069808,-3.2957764,golf_course,,,https://babertongc.com/,+44 131 453 3555,,Baberton Avenue,Edinburgh,,EH14 5DU,
way,317454776,Backworth Golf Club,55.0397071,-1.5307131,golf_course,,,https://backworthgolf.com/,,,,,,,
way,347915521,Backworth Hall,55.0419855,-1.5311261,,clubhouse,,,,,,,,,
relation,19119926,Bacup Golf Course,53.702887,-2.209818,golf_course,,,https://bacupgolfclub.co.uk/,,,,,,,
way,1133871592,Badgemore Park Golf Club,51.544489,-0.927273,golf_course,,,,,,,,,,
way,1109743742,Badgers Sett,52.3908945,-2.4493015,golf_course,,Cleobury Mortimer Golf Club,,,,,,,,
node,7090793260,Baildon Golf Club,53.8556629,-1.7684536,golf_course,,,,,,,,,,
way,226735456,Baildon Golf Club,53.8565087,-1.7693389,,clubhouse,,,,,,,,,
way,259998000,Bakewell Golf Club,53.216049,-1.661877,golf_course,,,https://www.bakewellgolfclub.co.uk/,+44 1629 812307,,Station Road,Bakewell,,DE45 1GB,
way,382966148,Bala Lake Hotel,52.8960052,-3.6003312,golf_course,,,,,,,,,,
relation,3350963,Balbirnie Park Golf Club,56.2094742,-3.1490117,golf_course,,,https://www.balbirniegolf.com/,+44 1592 612095,administrator@balbirniegolf.com,,Glenrothes,,KY7 6NR,
way,1432609851,Balcomie Links,56.2828454,-2.6011938,golf_course,,Crail Golf Society,https://crailgolfingsociety.co.uk/golf/balcomie-links/,+44 1333 450686,info@crailgolfingsociety.co.uk,,Crail,,KY10 3XN,
way,370535728,Balfron Golf Club,56.0781247,-4.3289485,golf_course,,,http://www.balfrongolfsociety.org.uk/,+44 7814 827620,,,,,,
way,727234708,Balfron Golf Society,56.0752395,-4.3345641,,clubhouse,,,,,,,,,
way,158718591,Balgove Course,56.3482836,-2.8215009,golf_course,,St Andrews Links Trust,http://www.standrews.org.uk/Play/Courses/Balgove-Course,+44 1334 466 666; +44 1334 466 718,reservations@standrews.org.uk,,St Andrews,,KY16 9SF,
way,131837119,Ballards Gore,51.6045031,0.7475953,golf_course,,,,,,,,,,
way,324001778,Ballindalloch Castle Golf Course,57.4027864,-3.3659099,golf_course,,Ballindalloch Estate,https://www.ballindallochcastlegolf.com/,+44 1807 500331,,Lagmore,Ballindalloch,,AB37 9AA,
way,381725361,Ballochmyle Golf Club,55.5048242,-4.3522605,golf_course,,,https://ballochmylegolfclub.com/,,,,,,,
way,418751600,Ballumbie Castle Golf Course,56.4978435,-2.9044847,golf_course,,,https://www.ballumbiegolf.co.uk/,,,,,,,
node,662215242,Ballycastle Golf Club,55.2030731,-6.2355623,golf_course,,,,,,,,,,
way,139316211,Ballyclare Golf Course,54.7737532,-6.0341665,golf_course,,,,,,,,,,
way,441622154,Ballyearl Golf Course,54.700918,-5.953856,golf_course,,Antrim and Newtownabbey Borough Council,,,,,,,,
way,1299252024,Ballymena Golf Club,54.8836219,-6.2290775,,clubhouse,,,,,,,,,
way,195646009,Ballymena Golf Course,54.8848924,-6.2239368,golf_course,,,,,,,,,,
way,833697455,Ballyreagh Golf Course,55.1962006,-6.6829845,golf_course,,,,,,,,,,
way,1365625847,Balmoral Estate 9-hole golf course,57.0350902,-3.218303,golf_course,,,https://balmoralcastle.com/visiting/balmoral-estate/golf,,,,,,,
way,38839155,Balmoral Golf Club,54.5635707,-5.9709225,golf_course,,,,,,,,,,
way,24500764,Balmore Golf Club,55.9418118,-4.2534447,golf_course,,,https://www.balmoregolfclub.co.uk/,,,,,,,
way,828717306,Balnagask Golf Clubhouse,57.1380152,-2.0675957,,clubhouse,,,,,,Aberdeen,,AB11 9QT,
way,119307651,Balnagask Golf Course,57.1389129,-2.0609827,golf_course,,,https://www.sportaberdeen.co.uk/balnagask,+44 1224 876407,information@sportaberdeen.co.uk,St. Fitticks Road,Aberdeen,,AB11 8TN,
way,197937446,Bamburgh Castle Golf Club,55.6119863,-1.7369533,golf_course,,,https://www.bamburghcastlegolfclub.co.uk/,+44 1668 214378,sec@bamburghcastlegolfclub.co.uk,The Wynding,Bamburgh,,NE69 7DE,
relation,13052228,Banbridge Golf Club,54.3617521,-6.2886622,golf_course,,,,,,,,,,
way,89034285,Banchory Golf Club,57.0517234,-2.5148231,golf_course,,,https://www.banchorygolfclub.co.uk/,,,Kinneskie Road,,,AB31 5TA,
relation,4621702,Bangor Golf Club,54.6560465,-5.64978,golf_course,,,,,,,,,,
relation,19445952,Banstead Downs Golf Club,51.3347096,-0.2069719,golf_course,,,https://www.bansteaddowns.com/,+44 20 8642 2284,golf@bansteaddowns.com,Burdon Lane,Belmont,,SM2 7DD,
way,186699743,Bantock Park Pitch & Putt,52.5800258,-2.1561597,golf_course,,,,+44 1902 551155,,,,,,
node,10543613248,Bardsley Park Golf Centre,53.5101916,-2.114132,golf_course,,,,,,Knott Lanes,Oldham,,OL8 3JD,
way,322544024,Bargoed Golf Course,51.6922073,-3.2429201,golf_course,,,,,,,,,,
way,570006253,Bargoed Golf Course,51.6901892,-3.2431021,,clubhouse,,https://www.bargoedgolfclub.co.uk/,+44 1443 830143,,,Bargoed,,CF81 9GF,
way,100507980,Barkway Park Golf Club,51.9898677,0.0253793,golf_course,,,http://www.barkwayparkgolfclub.co.uk/,+44 1763 848215;+44 1763 849070,,Nuthampstead Road,Royston,,SG8 8EN,
way,391872440,Barlaston Golf Club,52.9332304,-2.1773608,golf_course,,,,,,,,,,
way,288721269,Barlborough Links Golf Club,53.278688,-1.2806884,golf_course,,,,+44 1246 813 111,,Oxcroft Way,Chesterfield,,S43 4WN,
way,117907277,Barnard Castle Golf Course,54.5572957,-1.9283921,golf_course,,,https://www.barnardcastlegolfclub.org/,+44 1833 638355,,Harmire Road,Barnard Castle,,DL12 8QN,
way,5154232,Barnehurst Golf Course,51.4601385,0.1727634,golf_course,,,https://www.mytimeactive.co.uk/golf/centres/barnehurst/default.aspx,+44 1322 523746,barnehurst@mytimeactive.co.uk,Mayplace Road East,Barnehurst,,,
way,334236483,Barnham Broom,52.6345345,1.0944395,golf_course,,,https://www.barnham-broom.co.uk/golf,+44 1603 757505,,,,,,
way,4344045,Barnsley Golf Club,53.5966302,-1.4923903,golf_course,,,https://www.barnsleygolfclub.co.uk/,+44 1226 380358,admin@barnsleygolfclub.co.uk,Wakefield Road,Barnsley,,S75 6JZ,
way,176488555,Baron Hill Golf Club,53.2568929,-4.1141325,golf_course,,,https://www.baronhill.co.uk/,,,,,,,
way,176488556,Baron Hill Golf Club,53.2570807,-4.1106551,,clubhouse,,,,,,,,,
way,587669129,Barrow Golf Club,54.1454675,-3.2236073,golf_course,,,https://www.barrowgolfclub.co.uk/contact.htm,+44 1229 825444,enquiries@barrowgolfclub.co.uk,Rakesmoor Lane,"Hawcoat, Barrow in Furness",,LA14 4QB,
way,27231590,Barshaw Park Golf Course,55.8523551,-4.3937413,golf_course,,,https://www.oneren.org/sport/golf-and-bowling-greens/,,,,,,,
way,167096416,Barton on Sea Golf Club,50.7356528,-1.6412723,golf_course,,Barton on Sea Golf Club,https://www.bosgc.co.uk/,+44 1425 615308,,Milford Road,,,BH25 5PP,
way,909368323,Basildon Golf Course,51.560473,0.4701617,golf_course,,,https://basildongolfcourse.com/,+44 1268 533532,,Clay Hill Lane,Basildon,,SS16 5JP,
way,27748580,Basingstoke Golf Centre,51.2630674,-1.1253779,,clubhouse,,https://www.basingstokeleisure.com/basingstoke-golf-centre,+44 1256 350 054,,Worting Road,Basingstoke,,RG22 6PG,
way,43189724,Basingstoke Golf Club,51.2162582,-1.1509316,golf_course,,,,,,,,,,
relation,17057302,Basset Down Golf Course,51.5248596,-1.8417505,golf_course,,,,,,,,,,
way,1241463145,Bassett Down Golf Club,51.5262352,-1.8423748,,clubhouse,,,,,,Swindon,,SN4 9QP,
way,4372571,Batchwood Hall Golf Club,51.7650065,-0.3503593,golf_course,,,,,,,,,,
way,34315882,Batchwood Hall Golf Club,51.7665299,-0.3536341,,clubhouse,,https://batchwoodhallgc.com/,+44 1727 844250,batchwood@1life.co.uk,Batchwood Drive,,,AL3 5XA,
way,294200938,Batchworth Park Golf Club,51.6270801,-0.4633588,golf_course,,,https://www.batchworthparkgolf.co.uk/,+44 1923 714922;+44 1923 711400,,London Road,Rickmansworth,,WD3 1JS,
relation,5270928,Bath Golf Club,51.3849091,-2.3291806,golf_course,,,https://www.bathgolfclub.org.uk/,+44 1225 463834;+44 1225 466953,,,,,,
way,303142595,Bathgate Golf Club,55.8972112,-3.6406171,,clubhouse,,,,,,,,,
relation,16057680,Bathgate Golf Course,55.9117932,-3.6420641,golf_course,,,https://www.westlothianleisure.com/activities/sports/golf/,,,,,,,
way,98712989,Bathgate Golf Course,55.8943309,-3.6326246,golf_course,,,https://www.bathgategolfclub.com/,+44 1506 630505,bathgate.golfclub@lineone.net,Edinburgh Road,Bathgate,,EH48 1BA,
way,279692408,Bawburgh Golf Course,52.642382,1.1751831,golf_course,,,https://bawburgh.com/,,info@bawburgh.com,,Norwich,,NR9 3LU,
way,315160549,Bawtry Golf & Country Club,53.4578216,-0.992817,golf_course,,,https://www.bawtrygolfclub.co.uk/,+44 1302 711 409,,Cross Lane,Doncaster,,DN10 6RF,
way,92665676,Baxenden Golf Course,53.7392831,-2.3355352,golf_course,,,https://baxendengolf.co.uk/,,,,,,,
way,67221677,Bay Hotel Golf Course,51.1713495,-4.2071392,golf_course,,,,,,,,,,
way,38507937,Bay View Park Executive Golf Course,50.8027654,0.3368791,golf_course,,,https://www.bay-view.co.uk/bay-view-golf/,+44 1323 769384,,,,,,
way,518028729,Beach Golf Course,53.2785804,-4.6121156,golf_course,,,,,,,,,LL65 2YT,
way,39183183,Beacon Park Golf Course,52.6857727,-1.84111,golf_course,,,,,,,,,,
way,242596862,Beaconsfield Golf Club,51.6100691,-0.6182759,golf_course,,,https://www.beaconsfieldgolfclub.co.uk/,+44 1494 676616;+44 1494 676545,secretary@beaconsfieldgolfclub.co.uk,Seer Green,Beaconsfield,,HP9 2UR,
way,48672461,Beadlow Manor,52.0262872,-0.3814267,golf_course,,,,,,,,,,
way,445048840,Beamish Park Golf Club,54.9012187,-1.6755156,golf_course,,,https://www.beamish-park-hotel.co.uk/golf/,,,,,,,
relation,10230535,Beamish Park Golf Course,54.8833125,-1.6708492,golf_course,,,https://www.beamishgolf.co.uk/,+44 191 3701984;+44 191 3701382,,Beamish,Stanley,,DH9 0RH,
way,23549925,Bearsden Golf Club,55.9216169,-4.358211,golf_course,,,https://bearsdengolfclub.co.uk/,+44 141 586 5300,,Thorn Road,Glasgow,,G61 4BP,
way,88488836,Bearsted Golf Club,51.2795066,0.5735505,golf_course,,,https://www.bearstedgolfclub.co.uk/,+44 1622 738 198,office@bearstedgolfclub.co.uk,Ware Street,Maidstone,,ME14 4PQ,
way,42647048,Bearwood Lakes Golf Club,51.4088773,-0.8844971,golf_course,,,https://www.bearwoodlakes.co.uk/,+44 118 979 7900,golf@bearwoodlakes.co.uk,Bearwood Road,Sindlesham,,RG41 4SJ,
way,646560330,Beau Desert Clubhouse,52.720885,-1.9606826,,clubhouse,,,,,,,,,
way,1217780552,Beau Desert Golf Club,52.7187336,-1.9719475,golf_course,,,,,,Rugeley Road,Cannock,,WS12 0PJ,
way,118398308,Beauchief Golf Club,53.3324652,-1.5014748,golf_course,,,http://www.sheffieldgolf.co.uk/beauchief/,+44 114 2367274,info@sivgolf.com,Abbey Lane,Sheffield,,S8 0DB,
way,28692659,Beauport Park Golf Course,50.8990874,0.5351444,golf_course,,,http://www.beauportparkgolf.co.uk/,+44 1424 854245,info@beauportparkgolf.co.uk,Battle Road,St. Leonards-on-Sea,,TN37 7BP,
relation,13481658,Beaverbrook Golf Club,51.2789832,-0.308464,golf_course,,,,,,,,,,
way,168001231,Beckside Golf Club,54.3359862,-2.8383403,golf_course,,,http://golfdealfinder.com/golf-courses/england/beckside-golf-club,+44 1539 821415,,,,,,
way,152111232,Bedale Golf Course,54.2884886,-1.6047176,golf_course,,,https://bedalegolfclub.com/,,,,,,,
way,853828894,Bede's Golf Course,50.8631727,0.2009352,golf_course,,,,,,,,,,
way,129865341,Bedford and County Golf Club,52.1706006,-0.479639,golf_course,,,https://www.bandcgc.co.uk/,,,Green Lane,,,,
way,143032062,Bedfordshire Golf Club,52.1301508,-0.5556235,,clubhouse,,,,,,,,,
way,27288032,Bedfordshire Golf Club,52.1334296,-0.5528371,golf_course,,,https://www.bedfordshiregolf.com/,,,Spring Lane,Stagsden,,MK43 8SR,
way,89062684,Bedlingtonshire Golf Club,55.1204824,-1.6084576,golf_course,,,https://www.bedlingtongolfclub.com/,+44 1670 822457,,Hartford Road,Bedlington,,NE22 6AA,
way,888140328,Beechbank 6-hole course,57.2246742,-2.4564302,golf_course,,Kenmay Golf Course,https://www.kemnaygolfclub.co.uk/copy-of-championship-course,,,,,,,
way,110155190,Beedles Lake Golf Course,52.7160609,-1.0644474,golf_course,,,,,,,,,,
relation,3481497,Beeston Fields Golf Course,52.9302086,-1.2309476,golf_course,,,,,,,,,,
way,1019098255,Beginners Golf Course,55.8902068,-3.1132548,golf_course,,,,,,,,,,
way,38347384,Beith Golf Club,55.761124,-4.6035237,golf_course,,,https://www.beithgolfclub.co.uk/,,,,,,,
way,420793306,Belford Golf Club,55.5996412,-1.8207473,golf_course,,,,+44 1668 214378,,,Belford,,NE70 7DP,
relation,19012807,Bellahouston Park Pitch & Putt,55.8444157,-4.3211427,golf_course,,,,,,,,,,
way,117940581,Belleisle & Seafield Golf Courses,55.4409043,-4.637399,golf_course,,South Ayrshire Council,https://www.golfsouthayrshire.com/play/the-courses/belleisle-park/,+44 1292 441 258,,Doonfoot Road,Ayr,,KA7 4DU,
way,187428265,Bellingham Golf Club,55.1512764,-2.2527677,golf_course,,,https://www.bellinghamgolfclub.com/,+44 1434 220530,clubhouse@bellinghamgolfclub.com,Boggle Hole,Hexham,Northumberland,NE48 2DT,
relation,19002287,Bellshill Golf Club,55.8043699,-4.0207518,golf_course,,,https://www.bellshillgolfclub.com/,,,,,,,
way,321536729,Belmont Golf Club,52.8290554,-1.712591,golf_course,,,http://www.belmontgolf.co.uk/,+44 1283 814381,,,,,,
way,117094813,Belton Park Golf Club,52.9318632,-0.6133346,golf_course,,,https://www.beltonpark.co.uk/,+44 1476 567399,,Londonthorpe Road,Grantham,,NG31 9SH,
relation,14238729,Belton Woods Hotel,52.9411645,-0.6374088,golf_course,,,http://www.devere-hotels.co.uk/hotel-lodges/locations/belton-woods/golf/introduction.html,+44 871 222 4691,belton.woods@devere-hotels.com,Belton,Grantham,,NG32 2LN,
way,40069675,Belvoir Golf Course,54.5598315,-5.9196448,golf_course,,,,,,,,,,
way,95102400,Ben Rhydding Golf Club,53.9177421,-1.7939612,golf_course,,,https://www.benrhyddinggolfclub.com/,+44 1943 608759,,High Wood,Ilkley,,LS29 8SB,
relation,14153920,Bentham Golf Club,54.1275957,-2.4998425,golf_course,,,https://www.benthamgolfclub.co.uk/contact-us/,+44 15242 62455,golf@benthamgolfclub.co.uk,Robin Lane,Lancaster,,LA2 7AG,
way,1022640698,Bentley Golf Club,51.6544485,0.2686411,,clubhouse,,,,,,,,,
way,7850293,Bentley Golf Course,51.6521551,0.271707,golf_course,,,https://www.bentleygolfclub.com/,+44 1277 373179,,Ongar Road,Brentwood,,CM15 9SS,
way,102290029,Benton Hall Golf and Country Club,51.7799318,0.6516693,golf_course,,,,,,,,,,
way,557358660,Bentra Golf Course,54.7619396,-5.7221509,golf_course,,,,,,Slaughterford Road,,,BT38 9TG,
way,33997447,Berkhamsted Golf Club,51.774509,-0.5432092,golf_course,,Berkhamsted Golf Club,https://www.berkhamstedgolfclub.co.uk/,,,The Common,Berkhamsted Golf Course,,HP4 2QB,
way,1134728651,Berrington Hall Golf Club,53.4811199,-2.7642079,golf_course,,,https://berringtonhallgolfclub.co.uk/,+441744885808,info@berringtonhallgolfclub.co.uk,St Helens Road,St Helens,,WA11 7PY,
way,19801516,Betchworth Park Golf Club,51.2360649,-0.3039436,golf_course,,,,,,,,,,
way,302323396,Betws y Coed Golf Course,53.0969408,-3.7965305,golf_course,,,,,,,,,,
way,1355974766,Beverley and East Riding Golf Club,53.832949,-0.4488681,,clubhouse,,,,,,,,,
way,234476620,Bewdley Pines Golf Club,52.3906626,-2.2936951,golf_course,,,https://www.bewdleypines.co.uk,,,,,,,
way,5214805,Bexleyheath Golf Club,51.4503001,0.1322436,golf_course,,,http://bexleyheath-golf.com/,+44 20 8303 6951,,Mount Drive,Bexleyheath,,DA6 8JS,
way,167797477,Bicester Golf Hotel & Spa,51.8899163,-1.1988247,golf_course,,,https://www.bicesterhotelgolfandspa.com/,+44 1869 241204,,"Green Lane, Chesterton",Bicester,,OX26 1TH,
way,126532268,Bidford Grange Golf Course,52.1660016,-1.8338829,golf_course,,,,,,,,,,
relation,3996638,Bidston Golf Club,53.4127583,-3.0835761,golf_course,,,https://www.bidstongolfclub.com/,+44 151 638 3412,,Bidston Link Road,Wallasey,,CH44 2HR,
relation,3390810,Bigbury Golf Club,50.2903366,-3.8709448,golf_course,,,https://www.bigburygolfclub.co.uk/,+44 1548 810557,enquiries@bigburygolfclub.co.uk,,Bigbury-on-Sea,,TQ7 4BB,
way,436388078,Biggar Golf Club,55.6190438,-3.5123627,golf_course,,,https://www.biggargolfclub.co.uk/,,,,,,,
way,10523602,Bigshots (Northwick Park),51.571677,-0.3198058,golf_course,,Bigshots (Northwick Park) Limited,https://www.bigshotsgolfuk.com/,+44 20 8864 2020,,Watford Road,Harrow,,HA1 3TZ,
way,170557767,Billingbear Park Golf Course,51.4455344,-0.8138261,golf_course,,,https://www.billingbearpark.com/,+44 1344 869 259,,The Straight Mile,Wokingham,,RG40 5SJ,
way,41398417,Billingham Golf Club,54.6069791,-1.3097927,golf_course,,,https://www.billinghamgolfclub.com/,+44 1642 557060;+44 1642 533816,,Sandy Lane,Billingham,,TS22 5NA,
way,110601569,Bingley St Ives Golf Club,53.8506699,-1.8689362,golf_course,,,https://bingleystivesgc.com/,,,,,,,
way,829270506,Binny Golf Club,55.9414101,-3.5214957,,clubhouse,,https://www.binnygolf.co.uk/,+44 1506 859636,clubmanager@binnygolf.co.uk,,Ecclesmachan,,EH52 6NL,
way,103957024,Birch Grove Golf Club,51.8575377,0.872314,golf_course,,,http://golf.tappages.com/,+44 1206 734276,,Layer Road,Colchester,,CO2 0HS,
way,102712930,Birch House Golf Course,51.0508334,0.0049287,golf_course,,,,,,,,,,
way,225854108,Birchall Golf and Leisure,53.2820581,-1.4474737,golf_course,,,,,,Sheffield Road,,,,
way,288236199,Birchwood Golf Club,53.4309948,-2.5311895,,clubhouse,,,,,,,,,
way,20345996,Birchwood Golf Club,53.4236444,-2.5396327,golf_course,,,https://www.birchwoodgolfclub.co.uk/,+44 1925 818819;+44 1925 825216,,Kelvin Close,Warrington,,WA3 7PB,
way,10934741,Birchwood Park Golf Course,51.414339,0.1603134,golf_course,,,,,,,,,,
way,164702085,Bird Hills Golf Centre,51.4631081,-0.7496166,golf_course,,,https://www.birdhills.co.uk/,,,Drift Road,Maidenhead,,SL6 3ST,
way,23032772,Birley Wood Golf Club,53.3384857,-1.3986682,golf_course,,,,,,,,,,
way,4806019,Birstall Golf Club,52.6710382,-1.1388498,golf_course,,,https://www.birstallgolfclub.co.uk/,,,,,,,
way,399230467,Birtley Golf Club,54.8886715,-1.5713788,golf_course,,,http://www.birtleyportobellogolfclub.co.uk/,+44 191 410 2207,birtleygolfclub@aol.com,Birtley Lane,Chester-le-Street,,DH3 2LR,
relation,3906746,Bisham Abbey Golf Club,51.5591652,-0.7776317,golf_course,,,,,,,,,,
relation,9848246,Bishop Auckland Golf Club,54.6672351,-1.6569167,golf_course,,,https://bishopaucklandgolfclub.co.uk/,+44 1388 661618,,Durham Road,Bishop Auckland,,DL14 8DL,
way,12654740,Bishop's Stortford Golf Club,51.8684067,0.1884653,golf_course,,,,,,,,,,
way,31285372,Bishopbriggs Golf Club,55.9113111,-4.2412299,golf_course,,,http://www.thebishopbriggsgolfclub.com/,+44 141 772 8938,,Brackenbrae Road,"Bishopbriggs, Glasgow",,G64 2DX,
way,198286790,Bishopbriggs Golf Range,55.926987,-4.1944192,golf_course,driving_range,,https://bishopbriggsgolfrange.co.uk/,,,,,,,
way,430538661,Bishopshire Golf Club,56.2086075,-3.3263162,,clubhouse,,https://www.bishopshiregolf.club/,+44 1592 773224,stephenelaineuk@yahoo.co.uk,,Kinross,,KY13 9HX,
way,430538662,Bishopshire Golf Club,56.2090321,-3.3232475,golf_course,,,https://www.bishopshiregolf.club/,,,,Kinross,,KY13 9HX,
relation,4049716,Bishopswood Golf Course,51.3502579,-1.1539886,golf_course,,,https://www.bishopswoodgc.co.uk/,+44 1189 408600,info@bishopswoodgc.co.uk,Bishopswood Lane,Tadley,,RG26 4AT,
way,352078338,Blaby Golf Centre,52.5627833,-1.1640336,golf_course,,,https://www.blabygolfcentre.co.uk/,+44 116 2784804,,,,,,
way,294418330,Blackburn Golf Club,53.7596489,-2.5020179,golf_course,,,https://www.blackburngolfclub.com/,,,,,,,
way,85445879,Blackfield Golf Course,50.8217194,-1.3767077,golf_course,,,,,,,,,,
way,137171381,Blackley Golf Club,53.531356,-2.1847866,golf_course,,,,,,,,,,
way,50215254,Blackmoor Golf Club,51.1044489,-0.8878986,golf_course,,,,,,,,,,
way,201626488,Blacknest Golf & Country Club,51.1627331,-0.8607506,golf_course,,,http://www.blacknestgolf.co.uk/,+44 1420 22888,,Frith End Road,Alton,,GU34 4QL,
way,25777754,Blackpool North Shore Golf Course,53.84321,-3.0456064,golf_course,,,https://www.bnsgc.com/,+44 1253 352054,,Devonshire Road,Blackpool,,FY2 0RD,
way,368697779,Blackthorn Wood Golf Complex,52.4963695,-0.7452451,golf_course,,,,,,,,,,
way,78625938,Blackwater Valley Golf Centre,51.3485566,-0.836137,golf_course,,,,,,,,,,
way,258686761,Blackwell Golf Club,52.3453617,-2.0068761,golf_course,,,,,,Agmore Road,Blackwell,,B60 1PY,
way,130546655,Blackwell Grange Golf Course,54.5026725,-1.5624492,golf_course,,,https://www.blackwellgrangegolf.com/,+44 1325 461002;+44 1325 353073,,Snipe Lane,Darlington,,DL2 2SA,
way,1411403912,Blackwood Golf Centre,54.6306332,-5.7261643,golf_course,,,,,,,,,,
way,1234604271,Blackwood Golf Club,51.6768615,-3.1991951,golf_course,,Blackwood Golf Club,https://www.blackwoodgc.co.uk/,+44 1495 222 121,blackwoodgolfclub@outlook.com,Lon Pennant,Blackwood,,NP12 1BR,
way,294564047,Blair Atholl Golf Club,56.7616011,-3.8377804,golf_course,,,https://www.blairathollgolf.co.uk/,+44 1796 481552,bagolfclub@outlook.com,Invertilt Road,Blair Atholl,,PH18 5TE,
way,197974819,Blairmore and Strone Golf Club,55.9896415,-4.901832,golf_course,,,,+441369840676,,High Road,Dunoon,,,
way,23307354,Blakes Golf Course,51.7200471,0.1873414,golf_course,,info@blakesgolfclub.com,https://www.blakesgolfclub.com/,+44 1992 525151,,Epping Road,North Weald,,CM16 6RZ,
relation,4508165,Blankney Golf Club,53.1291133,-0.4179095,golf_course,,,https://www.blankneygolfclub.co.uk/,,,,,,,
way,329001289,Bleadon Hill Golf Course,51.3164822,-2.9430861,golf_course,,,https://www.bleadonhillgolfcourse.co.uk/,+44 1934 811777,,,,,,
way,16301318,Bletchingley Golf Course,51.2452843,-0.0930675,golf_course,,,,,,,,,,
way,48454956,Bloxwich Golf Course,52.6333001,-1.9983651,golf_course,,,,,,,,,,
way,30794399,Blundells Hill Golf Club,53.4050718,-2.7769204,golf_course,,,https://www.blundellshill.co.uk/,+44 151 426 9040,,Blundells Lane,Prescot,,L35 6NA,
way,36927250,Blyth Golf Club,55.1144113,-1.5414009,golf_course,,,https://www.blythgolf.co.uk/,,,Plessey Road,Blyth,Northumberland,NE24 4DB,
way,257750478,Blythe Bridge Golf Club,52.9645059,-2.0829255,golf_course,,,,,,,,,,
way,99018856,Boars Head Golf Centre,51.0681321,0.189432,golf_course,,,,,,,,,,
way,174356042,Boat of Garten Golf & Tennis Club,57.2501585,-3.7509721,,clubhouse,,https://www.boatgolf.com/,+44 1479 831282,office@boatgolf.com,Nethybridge Road,Boat of Garten,,PH24 3BQ,
way,147535152,Boat of Garten Golf and Tennis Club,57.2443312,-3.7555618,golf_course,,,https://www.boatgolf.com/,+44 1479 831282,office@boatgolf.com,Nethybridge Road,Boat of Garten,,PH24 3BQ,
way,33718248,Bognor Regis Golf Club,50.8035662,-0.653422,golf_course,,,https://www.bognorgolfclub.co.uk/,+44 1243 821929,sec@bognorgolfclub.co.uk,Downview Road,Bognor Regis,,PO22 8JD,
way,1179624903,Bogside House golf course,55.5151661,-4.5532474,golf_course,,,,,,,,,,
way,3869934,Boldmere Golf Course,52.55675,-1.8557212,golf_course,,Birmingham City Council,,,,Monmouth Drive,Sutton Coldfield,,B73 6JL,
way,32994948,Boldon Golf Club,54.937989,-1.446477,golf_course,,,https://boldongolfclub.co.uk/,+44 191 536 5360,,Dipe Lane,East Boldon,,NE36 0PQ,
way,62121995,Bolton Golf Club,53.5833904,-2.5071085,golf_course,,,,,,,,,,
way,62124723,Bolton Old Links Golf Course,53.5973481,-2.4822865,golf_course,,,,,,,,,,
way,323547312,"Bonar Bridge, Ardgay Golf Club",57.8917847,-4.3271591,golf_course,,,https://www.bbagc.co.uk/,+44 1863 766 199,,,,,,
way,370331695,Bondhay Golf Club and Academy,53.2999685,-1.2298432,golf_course,,,https://www.bondhaygolfclub.com/,+44 1909 723608,,,,,,
way,124679401,Bonnybridge Golf Club,56.0099663,-3.8754069,golf_course,,,http://www.bonnybridgegc.co.uk/,+44 1324 812323,,Larbert Road,Bonnybridge,,FK4 1NY,
way,32209413,Bonnyton Golf Club,55.7440377,-4.3077081,golf_course,,,https://www.bonnytongolfclub.com/,,,,,,,
way,1006959065,Boomers and Swingers,53.4930151,-2.4739543,,clubhouse,,,,,,,,,
way,300817295,Boothferry Golf Club,53.7825296,-0.8590039,golf_course,,,http://boothferrygolfclub.co.uk/,+44 1430 430364,,,,,,
way,38615412,Bootle Golf Club,53.4813182,-2.9769277,golf_course,,,https://www.sefton.gov.uk/sport-leisure/activities/bootle-golf-club.aspx,+44 151 928 1371,,Dunnings Bridge Road,Bootle,,L30 2PP,
way,67829511,Boringdon Park Golf Club,50.4012163,-4.0679511,golf_course,,,,,,,,,,
way,508677414,Borringdon Park,50.3989875,-4.0745413,,clubhouse,,,,,,Plymouth,,PL7 4QG,
relation,12860284,Borth & Ynyslas Golf Club,52.5098256,-4.0533548,golf_course,,,,,,,,,,
relation,3998452,Boston Golf Club,53.0075061,-0.0157976,golf_course,,,https://www.bostongc.co.uk/,+44 1205 362306;+44 1205 350589,,Horncastle Road,Boston,,PE22 7EL,
way,117941995,Boston West Golf Club,52.9796985,-0.1179849,golf_course,,,,,,,,,,
way,45328735,Bothwell Castle Golf Club,55.8099868,-4.0811529,golf_course,,,https://www.bcgolf.co.uk/,+44 1698 801971,gm@bcgolf.co.uk,Uddingston Road,Bothwell,,G71 8TD,
way,203117883,Bothwell Castle Golf Club,55.8108588,-4.0802283,,clubhouse,,,,,Uddingston Road,Glasgow,,G71 8TD,
relation,4034054,Boughton Golf Club,51.2901591,0.9406052,golf_course,,Boughton Golf Club,http://www.pentlandgolf.co.uk/boughton/boughton-golf-club,+44 1227 752277,,Brickfield Lane,Boughton,,ME13 9AJ,
way,60927422,Boughton Park (Worcester Golf and Country Club),52.1783274,-2.247998,golf_course,,,,,,,,,,
way,49214411,Bovey Castle Golf Course,50.6468995,-3.798534,golf_course,,,https://www.boveycastle.com/Golf.html,+44 844 474 0078,,,North Bovey,,TQ13 8RE,
relation,3110076,Bovey Tracey Golf Club,50.6021559,-3.6870625,golf_course,,,http://boveytraceygolfclub.co.uk/,+44 1626 836464,boveytraceygc@yahoo.co.uk,,Bovey Tracey,,TQ13 9NG,
way,1467896457,Bow Brickhill Heath,51.9977273,-0.6656566,golf_course,,,,,,,,,,
way,157211329,Bowlee Park Golf Range,53.5549052,-2.2326249,golf_course,driving_range,,http://www.bowlee-park-range.co.uk/,+44 161 654 9666,info@bowlee-golf-range.co.uk,Heywood Old Road,Middleton,,M24 4TH,
way,113496236,Bowness Pitch & Putt,54.3601466,-2.9255915,golf_course,,Better,https://www.better.org.uk/leisure-centre/south-lakeland/glebe,+44 15394 45926,,,,,,
way,141813000,Bowood Park Golf Club,50.611368,-4.694164,,clubhouse,,,,,,,,,
relation,14399602,Bowood Park Golf Course,50.6078676,-4.6993197,golf_course,,,,,,,,,,
relation,3996639,Bowring Park Golf Course,53.4042488,-2.8615487,golf_course,,,https://www.mackgolf.co.uk/bowring-park-golf-course/17,+44 151 480 8685,bpbookings@macktrading.net,Roby Road,Huyton,,L36 4HD,
way,34286692,Boyce Hill Golf Course,51.5533865,0.5696621,golf_course,,,,,,,Benfleet,,,
way,100456446,Boysnope Park Golf Club,53.4619755,-2.4026717,golf_course,,,http://www.boysnope-golfclub.co.uk/,+44 161 707 6125,,Liverpool Road,Manchester,,M30 7RF,
way,143975905,Bracken Ghyll Golf Club,53.9518293,-1.897992,golf_course,,Bracken Ghyll Golf Club,http://www.brackenghyll.co.uk,,,,,,,
way,337838442,Bracken Hill Golf Course,53.2040134,-0.4518421,golf_course,,,,,,,,,,
way,145110232,Bradfield College Golf Club,51.4440175,-1.1367529,golf_course,,,,,,,,,,
way,300357489,Bradford Golf Course,53.8676651,-1.7401874,golf_course,,,https://bradfordgolfclub.co.uk/,+44 1943 875 570,,Hawksworth Lane,Leeds,,LS20 8NP,
way,140537827,Bradford Moor Golf Club,53.8025419,-1.7280019,golf_course,,,https://www.bradfordmoorgolfclub.co.uk/,+44 1274 771716;+44 1274 771693,,Pollard Lane,Bradford,,BD2 4RW,
way,107355782,Bradford on Avon Golf Course,51.3422096,-2.2373709,golf_course,,,,,,,,,,
way,994917093,Bradley Park Golf Course Clubhouse,53.6825878,-1.7628723,,clubhouse,,,,,Bradley Road,Huddersfield,,,
way,92740598,Braehead Golf Club,56.1259423,-3.8258897,golf_course,,,https://www.braeheadgolfclub.co.uk/,+44 1259725766,,,Tullibody,Clackmannanshire,FK10 2NT,
way,321001275,Braehead Golf Club,56.1252718,-3.8304047,,clubhouse,,,,,,Alloa,Clackmannanshire,FK10 2NT,
way,344132879,Braemar Golf Club,56.9948,-3.396839,golf_course,,,https://www.braemargolfclub.co.uk/,+44 1339 741618,,Cluniebank Road,Braemar,,AB35 5XX,
way,344132882,Braemar Golf Club,56.9965565,-3.4017016,,clubhouse,,,,,Cluniebank Road,Braemar,,AB35 5XX,
way,26208798,Braid Hills Golf Course,55.9149247,-3.1916888,golf_course,,,https://www.edinburghleisure.co.uk/venues/braid-hills-golf-course,+44 131 447 6666,euanmcintyre@edinburghleisure.co.uk,Braid Hills Approach,Edinburgh,,EH10 6JY,
node,3999606794,Braids United,55.9156483,-3.2050376,,clubhouse,,http://www.braids-united.co.uk/,+44 754 113 6133,,Braid Hills Approach,Edinburgh,,EH10 6JY,
way,37574074,Brailgowrie Golf Club,56.5683329,-3.3342187,golf_course,,,https://www.theblairgowriegolfclub.co.uk/,,,,,,,
relation,19262241,Brailsford Golf Course,52.9651041,-1.6228071,golf_course,,,,,,Pools Head Lane,Ashbourne,,DE6 3BU,
way,91975456,Braintree Golf Club,51.8927396,0.6080798,golf_course,,,,,,,,,,
way,28336517,Bramall Park Golf Club,53.3676043,-2.1735352,golf_course,,,https://www.bramallparkgolfclub.co.uk/,,,,,,,
way,100712387,Brambletye School Pitch & Putt,51.1087024,0.0189638,golf_course,,,https://www.brambletye.co.uk/,,,,,,,
relation,3895659,Bramcote Waters Golf Course,52.4930211,-1.3924478,golf_course,,,https://www.bramcotewatersgolfclub.co.uk/,+44 1455 220807,,Bazzard Road,Nuneaton,,CV11 6QJ,
way,28988163,Bramford Golf Centre / Suffolk Golf & Water Park,52.0909332,1.0960977,golf_course,,,https://www.bramfordgc.co.uk/,+44 1473 830694,,Loraine Way,Ipswich,,IP8 4JS,
way,30093732,Bramhall Golf Club,53.358743,-2.1494932,golf_course,,,,,,,,,,
way,26197387,Bramley Golf Club,51.1963938,-0.5684895,golf_course,,,,,,,,,,
way,340101100,Brampton Golf Club,54.9187134,-2.718597,golf_course,,,https://www.bramptongolfclub.com/,+44 169 772255,,Tarn Road,Brampton,,CA8 1HN,
way,739904187,Brampton Golf Course,52.0344097,-2.8642207,golf_course,,,,,,,,,,
way,146784625,Brampton Health Golf Centre,52.2767281,-0.932898,golf_course,,,,,,,,,,
relation,3729855,Brampton Park Golf Club,52.316484,-0.2160391,golf_course,,,https://www.bramptonparkgc.co.uk/,+44 1480 434705;+44 1480 434700,,Buckden Road,Huntingdon,,PE28 4NF,
way,30721853,Brampton Park Golf Club,52.3185716,-0.2129145,golf_course,,,https://www.bramptonparkgc.co.uk/,+44 1480 434705;+44 1480 434700,,Buckden Road,Huntingdon,,PE28 4NF,
way,30721855,Brampton Park Golf Club,52.312614,-0.2199288,golf_course,,,https://www.bramptonparkgc.co.uk/,+44 1480 434705;+44 1480 434700,,Buckden Road,Huntingdon,,PE28 4NF,
way,390468920,Brampton Park Golf Clubhouse,52.3128902,-0.2235921,,clubhouse,,https://www.bramptonparkgc.co.uk/,+44 1480 434705;+44 1480 434700,,Buckden Road,Huntingdon,,PE28 4NF,
way,82884835,Bramshaw Golf Course,50.9232931,-1.6295033,golf_course,,,,,,,,,,
way,77695314,Bramshaw Golf Course,50.931559,-1.6112803,golf_course,,,https://www.bramshaw.co.uk/,+44 23 8081 3433,golf@bramshaw.co.uk,,Brook,,SO43 7HE,
node,8866512527,Brancepeth Castle Golf Club,54.7349971,-1.6492943,golf_course,,,https://www.brancepeth-castle-golf.co.uk/,,,,Durham,,DH7 8EA,
way,22780220,Brancumhall Golf Development Centre,55.7753137,-4.1427632,golf_course,,,https://www.slleisureandculture.co.uk/info/246/brancumhall_golf_development_centre,+44 1355 224668,,St Leonards Road,East Kilbride,,G74 3YA,
way,151941901,Brandon Golf Course,53.8585597,-1.4914963,golf_course,,,https://brandonandthevillagegolfcourses.co.uk/,+44 113 273 7471;+44 7759 012364,,,,,,
way,56190799,Brandon Wood Golf Club,52.3750962,-1.421769,golf_course,,,,,,,,,,
relation,9193180,Bransford Golf Club,52.167172,-2.3050262,golf_course,,,,,,,,,,
way,153090057,Branshaw Golf Course,53.8529868,-1.9455696,golf_course,,,https://branshawgolfclub.co.uk/,,,,,,,
way,246727990,Branston Golf & Country Club,52.7848451,-1.6494148,golf_course,,,https://branstonclub.co.uk/,+44 1283 512211,,Burton Road,Burton-on-Trent,,DE14 3DP,
way,324495977,Brayton Park Golf Club,54.7701292,-3.2967376,golf_course,,,https://braytonpark.co.uk/,+44 16973 23539,,,,,,
way,104068426,Breadsall Priory Golf Course,52.9694676,-1.4350907,golf_course,,,https://www.marriott.com/hotels/hotel-information/golf-courses/emags-breadsall-priory-marriott-hotel-and-country-club/,+44 1332 832235,,Moor Road,Ilkeston,,DE7 6DL,
way,134790712,Brean Golf Club,51.2842258,-3.003789,golf_course,,,http://www.breangolfclub.co.uk/,+44 1278 752 111,golf@brean.com,Coast Road,Burnham-on-Sea,Somerset,TA8 2QY,
relation,7633360,Brechin Golf Club,56.7485509,-2.6557601,golf_course,,,https://www.brechingolfclub.co.uk/,+44 1356 622383,brechingolfclub@tiscali.co.uk,,,,,
way,204390933,Brecon Golf Course,51.9481022,-3.4066685,golf_course,,,,,,,,,,
way,724783034,Breedon Priory Golf Centre,52.8026538,-1.4096674,golf_course,,,https://breedonpriorygolf.co.uk/,+44 1332 862406,,Melbourne Lane,Derby,,DE73 8AZ,
way,195553878,Breedon Priory Golf Centre (Main Course),52.8110758,-1.4044152,golf_course,,,https://www.breedonpriory.co.uk/,+44 1332 863081,,Green Lane,Derby,,DE73 8LG,
way,62162257,Breightmet Golf Club,53.5920677,-2.3751277,golf_course,,,,,,,,,,
way,221366582,Brent Valley Golf Course & Fitness Centre,51.5160172,-0.3400243,,clubhouse,Everyone Golf,,,,,,,,
way,221122455,Brent Valley Public Golf Course,51.517354,-0.3470841,golf_course,,,,,,,London,,,
relation,3908574,Brentwood Golf Centre at Hartswood,51.6072252,0.3253312,golf_course,,,https://www.brentwood.gov.uk/index.php?cid=431,+44 1277 312500,,Ingrave Road,Brentwood,,CM14 5AE,
way,199520088,Brentwood Golf Range (UK Golf Academy),51.5972229,0.2953265,golf_course,driving_range,,https://www.ukgolfacademy.com/brentwood,+44 1277 205 809,,Warley Gap,Brentwood,,CM13 3DP,
way,1046177986,Brett Vale Golf Course,52.0026845,0.9820173,,clubhouse,,,,,,,,,
relation,9336591,Brett Vale Golf Course,52.0041268,0.9753194,golf_course,,,,+44 1473310718,,Noakes Road,Ipswich,,IP7 5LR,
way,306455930,Brickendon Grange Golf Club,51.7517711,-0.0911097,golf_course,,,,,,,Hertford,Hertfordshire,SG13 8PD,
way,40181175,Brickhampton Court Golf Complex,51.8958636,-2.189342,golf_course,,Brickhampton Court,https://www.brickhampton.co.uk,+44 1452 858600,proshop@brickhampton.co.uk,Cheltenham Road,Churchdown,,GL2 9QF,
way,128385964,Bridge of Allan Golf Club,56.161056,-3.9408839,golf_course,,,https://www.bofagc.com/,+44 1786 832332,secretary@bofagc.com,Sunnylaw,Bridge of Allan,,FK9 4LY,
way,122227867,Bridgecastle Golf Club,55.9075003,-3.6951551,golf_course,,,,,,Bridgecastle Road,,,,
way,144032515,Bridgend & District Golf Club,55.9643533,-3.5403763,golf_course,,,https://www.bridgendgolfclub.com/,+44 1506 834140,,,Bridgend,,EH49 6NW,
way,247071620,Bridgend Golf,51.4880023,-3.5486942,golf_course,,,,,,,,,,
relation,16742487,Bridgnorth Golf Club,52.5503566,-2.4120513,golf_course,,,,,,Stanley Lane,Bridgnorth,,WV16 4SF,
way,111655493,Bridlington Golf Club,54.0709643,-0.2123647,golf_course,,,https://www.bridlingtongolfclub.co.uk/,+44 1262 606367,,Belvedere Road,Bridlington,,YO15 3NA,
way,305201565,Bridlington Links Golf & Leisure Estate,54.1068035,-0.151545,golf_course,,,http://www.pureleisuregroup.com/parks/bridlington-links,+44 1262 401584,,Flamborough Road,Bridlington,,YO15 1DW,
way,147111762,Bridport and West Dorset Golf Club,50.7081057,-2.749547,golf_course,,,https://www.bridportgolfclub.co.uk/,+44 1308 421095,golf@bridportgolfclub.co.uk,Burton Road,,,DT6 4PS,
way,350057875,Brierley Forest Golf Club,53.1351645,-1.2967745,golf_course,,,https://www.brierleyforestgolfclub.com/,+44 1623 550761,,Main Street,Sutton-in-Ashfield,,NG17 2LG,
relation,3912151,Briggens Park Golf Club,51.7815135,0.0490867,golf_course,,,http://www.briggensparkgolfclub.com/,+44 1279 793867,,Stanstead Road,Ware,,SG12 8LD,
way,88304638,Brigham Park Golf Course,54.2214196,-0.7682431,golf_course,,,,,,,,,,
way,264453824,Brighouse Bay Golf Club,54.7799313,-4.1415451,golf_course,,,http://www.brighousebay-golfclub.co.uk/,,,,,,,
way,437282292,Bright Golf Course,54.2734368,-5.6933086,golf_course,,,,,,,,,,
way,292660849,Brighton & Hove Golf Club,50.8647738,-0.1982447,golf_course,,,https://www.brightongolf.co.uk/,+44 1273 556482,,Devils Dyke Road,Brighton,,BN1 8YJ,
way,4402555,Brimsdown Sports & Social Club Golf Course,51.6570038,-0.0371452,golf_course,,,,,,,,,,
way,1064401460,Brinkworth Golf Club,51.565163,-1.995946,,clubhouse,,https://www.brinkworthgolfclub.com/,,,,Brinkworth,,SN15 5DG,
way,274362881,Bristol & Clifton Golf Club,51.4475346,-2.6797526,golf_course,,,https://www.bristolandcliftongolfclub.co.uk/,+44 1275 393 474,info@bristolgolf.co.uk,Beggar Bush Lane,Bristol,,BS8 3TH,
way,590834475,Bristol Golf Centre,51.5048175,-2.5320178,golf_course,,,https://bristolgolfcentre.com/,,,,,,,
way,311849536,Bristol Golf Club,51.5352319,-2.600168,golf_course,,,https://www.bristolgolfclub.co.uk/,+44 1454 456620;+44 1454 620000,bristol-manager@crown-golf.co.uk,Blackhorse Hill,"Almondsbury, Bristol",,BS10 7TP,
way,552701936,Broadlees Golf Course,55.7120623,-4.1039734,golf_course,,,https://www.broadleesgolf.co.uk/,,,,,,,
way,147457233,Broadstone Golf Club,50.7728943,-1.9941391,golf_course,,,,,,,,,,
way,332933013,Broadstone Golf Club,50.768665,-1.9942259,sports_centre,clubhouse,,,,,Wentworth Drive,Broadstone,,BH18 8DQ,
way,128904204,Broadway Golf Club,52.042561,-1.8315097,golf_course,,,,,,,,,,
relation,4254167,Brocket Hall,51.8026725,-0.2404115,golf_course,,,https://www.brocket-hall.co.uk/golf/,+44 1707 368700,info@brocket-hall.co.uk,,Welwyn Hatfield,,AL8 7XG,
way,786580540,Brockington Hall Golf Club,52.1561253,-2.6642892,golf_course,,,http://www.brockingtonhall.co.uk,+44 1568 797 877,,,Bodenham,,HR1 3HX,
way,97459009,Brocton Hall Golf Club,52.7761699,-2.0551429,golf_course,,,,,,,,,,
relation,3339561,Brodick Golf Course,55.5838116,-5.1587175,golf_course,,,https://www.brodickgolf.com/,+44 1770 302349,enquiries@brodickgolf.com,,Brodick,,KA27 8DL,
way,80050129,Brokenhurst Manor Golf Club,50.8079988,-1.5892879,golf_course,,,,,,,,,,
way,80050140,Brokenhurst Manor Golf Club,50.8067978,-1.5876067,,clubhouse,,https://www.brokenhurst-manor.org.uk/,+44 1590 623332,secretary@brokenhurst-manor.org.uk,Sway Road,Brockenhurst,,SO42 7SG,
way,13857535,Bromborough Golf Club,53.3145919,-3.0008364,golf_course,,,,,,,,,,
way,9940299,Bromley Golf Centre,51.3841266,0.0493763,golf_course,,,https://www.mytimeactive.co.uk/golf/centres/bromley/,+44 20 8462 7014,,Magpie Hall Lane,Keston,,BR2 8JF,
way,137082112,Bromsgrove Golf Centre,52.3377218,-2.0397672,golf_course,,,https://bromsgrovegolfcentre.com/,+44 1527 570505,,Stratford Road,Bromsgrove,,B60 1LD,
way,215665050,Brookdale Golf Club,53.4980594,-2.1390796,golf_course,,,https://www.brookdalegolf.co.uk/,,,,,,,
way,215665070,Brookdale Golf Club,53.4974794,-2.140816,,clubhouse,,,,,Medlock Road,Manchester,,M35 9WQ,
way,4118123,Brookmans Park Golf Course,51.7261,-0.1935465,golf_course,,,,,,,,,,
way,155581650,Broome Manor Golf Complex,51.5376066,-1.7607362,golf_course,,,,,,The Fairway,Swindon,,SN3 1RG,
way,92904491,Broome Park Golf Club,51.1941197,1.1731318,golf_course,,,https://www.broomepark.co.uk/,+44 1227 831126;+44 1227 830728,,Canterbury Road,,,CT4 6QX,
way,1125511037,Broomieknowe Golf Club,55.8814984,-3.1047902,,clubhouse,,,,,,,,,
way,30441941,Broomieknowe Golf Course,55.8840496,-3.0992795,golf_course,,,https://www.broomieknowe.com/,+44 1316639317,,Golf Course Road,Bonnyrigg,,EH19 2HZ,
way,264432772,Brora Golf Club,58.0233987,-3.842989,golf_course,,,https://www.broragolfclub.co.uk/,,,,,,,
way,16385469,Brough Golf Club,53.7365726,-0.5775126,golf_course,,,https://www.brough-golfclub.co.uk/,+44 1482 667291,,Cave Road,Brough,,HU15 1HB,
way,534495058,Brough Golf Course Club House,53.7336628,-0.5813166,,clubhouse,,,,,Cave Road,Brough,,HU15 1HB,
way,316265445,Broughton Heath Golf Course,52.8885535,-1.6775584,golf_course,,,https://www.broughtonheathgolfclub.co.uk/,,,Bent Lane,Derby,,DE65 5BA,
way,969618876,Brown Trout Inn golf course,55.0381973,-6.5987426,golf_course,,,https://browntroutinn.com/,,,,,,,
way,110864568,Brown's Golf Course,50.6611453,-1.1426654,golf_course,,,,,,,,,,
way,603024178,Browston Hall Golf Course,52.5544162,1.6845131,golf_course,,,,,,,,,,
way,137898883,Broxbourne Par 3 Golf Club,51.7390283,-0.0302215,golf_course,,,https://www.broxbournegolf.co.uk/,+44 1992 448944,,Church Lane,Wormley,,EN10 6LB,
way,382875607,Brunston Castle Golf Club,55.2719368,-4.7394416,golf_course,,,,,,,,,,
way,6136782,Bruntsfield Links,55.9700204,-3.2911382,golf_course,,Bruntsfield Links Golfing Society,https://www.bruntsfieldlinks.co.uk/,+44 1313 361479,golf@bruntsfieldlinks.co.uk,Barnton Avenue,Edinburgh,,EH4 6JH,
way,164336054,Bruntsfield Links Golfing Society,55.968216,-3.2842938,,clubhouse,,https://www.bruntsfieldlinks.co.uk/,+44 1313 361479,golf@bruntsfieldlinks.co.uk,Barnton Avenue,Edinburgh,,EH4 6JH,
way,217619432,Bruntsfield Links Short Hole Golf Course,55.9396978,-3.2012352,golf_course,,,https://www.bruntsfieldshortholegolfclub.co.uk/,,,Melville Drive,Edinburgh,,,
way,209330134,Bruntwood Park Pitch & Putt,53.3819815,-2.2123187,golf_course,,,,,,,,,,
way,223606906,Bryn Bach Park Golf Club,51.7797031,-3.2755867,golf_course,,,https://www.parcbrynbach.co.uk,,,,,,,
way,37937773,Bryn Meadows,51.6425814,-3.2059955,golf_course,,,,,,,,,,
way,240799883,Bryn Teg,53.138073,-4.1832413,golf_course,,,,,,,,,,
way,165058187,Brynhill Golf Club,51.421176,-3.2959637,golf_course,,,,,,,,,,
way,498052430,Buchanan Castle Golf Club,56.0635381,-4.4803593,golf_course,,,https://www.buchanancastlegolfclub.co.uk/,,,,,,,
way,92409480,Buckingham Golf Club,51.9982288,-1.0212139,golf_course,,,https://www.buckinghamgolfclub.co.uk/,,,,,,,
way,10155121,Buckinghamshire Golf Course,51.5726934,-0.4916732,golf_course,,,,,,,,,,
way,264905381,Buckpool Golf Club,57.6685679,-2.9907264,golf_course,,,https://buckpoolgolf.com/,,,,,,,
way,160344275,Bude & North Cornwall Golf Course,50.8326479,-4.5421128,golf_course,,,,,,,,,,
way,961660784,Bude Pitch & Putt,50.8330739,-4.5498659,golf_course,,Bude-Stratton Town Council,,,,,,,,
way,40911425,Budock Vean Golf Club,50.1046481,-5.1324637,golf_course,,,https://www.budockvean.co.uk/golf/,,,,,,,
way,902641199,Bulbury Woods Clubhouse,50.7429142,-2.1047111,,clubhouse,,,,,Bulbury Lane,,,BH16 6HR,
way,173768035,Bulbury Woods Golf Club,50.7442733,-2.1050514,golf_course,,Hoburne Golf,https://www.bulbury-woods.co.uk/,+44 1929 459574,,Bulbury Lane,Poole,,BH16 6HR,
way,31454678,Bulwell Forest Golf Club,53.0058442,-1.1843104,golf_course,,,https://www.bulwellforestgolfclub.co.uk/,,,Hucknall Road,Nottingham,,NG6 9LQ,
way,355333947,Bungay & Waveney Valley Golf Club,52.4617303,1.4229943,golf_course,,,http://www.club-noticeboard.co.uk/bungay/,+44 1986 892337,,Old Railway Road,Suffolk,,NR35 1DS,
way,157403877,Bunsay Downs Golf Club,51.7353377,0.6034462,golf_course,,,,,,,,,,
way,200290435,Bure Park Pitch & Putt,52.6320853,1.7247777,golf_course,,,,,,,,,,
way,137670159,Burford Golf Club,51.7996969,-1.6423258,golf_course,,,https://www.burfordgolfclub.co.uk/,,,,,,OX18 4JG,
way,109632451,Burgess Hill Golf Centre,50.9694514,-0.145463,golf_course,,,,,,,,,,
way,934651147,Burgess Hill Golf Course,50.9693113,-0.1414204,,clubhouse,,,,,Cuckfield Road,Burgess Hill,,RH15 8RE,
way,260377572,Burgham Park Golf Club,55.2654002,-1.7337671,golf_course,,,https://www.burghampark.co.uk/,+44 1670 787 898,,,,,,
relation,4664597,Burghill Valley Golf Club,52.096785,-2.7816547,golf_course,,,https://www.burghill-valley-golf-club.co.uk/,+44 1432 760456,,,,,,
way,101219918,Burghley Park Golf Course,52.6331084,-0.4660397,golf_course,,Burghley Park Golf Club Ltd,,+44 1780 753789,,London Road,Stamford,,PE9 3JP,
way,249653314,Burhill Golf Club,51.3519457,-0.4199304,golf_course,,,https://www.burhillgolf-club.co.uk/,+44 1932 227345,,Burwood Road,Walton-on-Thames,,KT12 4BL,
way,161602739,Burley Golf Club,50.8225049,-1.6900739,golf_course,,,,,,,,,,
way,441622159,Burnfield House Golf Club,54.6975536,-5.935212,golf_course,,,,,,,,,,
way,681327981,Burnham & Berrow Golf Club,51.263146,-3.0100968,golf_course,,,https://burnhamandberrowgolfclub.co.uk/,+44 1278 785760,office@burnhamandberrowgolfclub.co.uk,St Christophers Way,Burnham-on-Sea,Somerset,TA8 2PE,
way,339412146,Burnham Beeches Golf Club,51.5492284,-0.6460634,golf_course,,,,,,Green Lane,Slough,Buckinghamshire,SL1 8EG,
way,58481518,Burnham-on-Crouch Golf Club,51.6383137,0.7856598,golf_course,,,https://www.burnhamgolfclub.co.uk/,+44 1621 782282,,Ferry Road,Burnham-On-Crouch,,CM0 8PQ,
way,169055136,Burnley Golf Club,53.7676819,-2.2462216,golf_course,,,https://www.burnleygolfclub.com/,+44 1282 455266,,Glen View,Burnley,,BB11 3RW,
way,384844319,Burntisland Golf House Club,56.0681844,-3.2224217,,clubhouse,,https://www.burntislandgolfhouseclub.co.uk/,,,,Burntisland,,KY3 9LQ,
way,249360879,Burslem Golf Course,53.062588,-2.1861786,golf_course,,,,,,,,,,
way,205209104,Burstwick Country Club,53.7437714,-0.1382038,golf_course,,,,,,,,,,
way,79610296,Burton-on-Trent Golf Club,52.7994215,-1.5799761,golf_course,,,http://www.burtonontrentgolfclub.co.uk/,,,Ashby Road East,Burton-on-Trent,,DE15 0PS,
way,172509592,Bury Golf Club,53.5649121,-2.2822667,golf_course,,,https://www.burygolfclub.com/,+44 161 766 4897,,Blackford Bridge,Bury,,BL9 9TJ,
way,93921597,Bury St Edmunds Golf Club,52.2587106,0.6856699,golf_course,,,https://www.burystedmundsgolfclub.co.uk/,+44 1284 755979;+44 1284 755978,,Tut Hill,Bury St Edmunds,,IP28 6LG,
way,3810263,Bush Hill Park Golf Club,51.6462836,-0.0880528,golf_course,,,,,,,,,,
way,508156888,Bushfoot Golf Club,55.2168937,-6.5327442,golf_course,,,,,,,,,,
way,369357455,Bute Golf Club,55.7584884,-5.058245,golf_course,,,https://www.butegolfclub.com/,,,,,,,
way,51218296,Buxton and High Peak Golf Club,53.2679332,-1.8927459,golf_course,,,,,,Town End,Buxton,,SK17 7EN,
way,8914343,C & L Golf & Country Club,51.5459695,-0.4023914,golf_course,,,http://www.candlcountryclub.co.uk/,+44 20 8845 5662,,West End Road,Northolt,,UB5 6RD,
way,399083483,Caddington Golf Club,51.8795729,-0.473474,golf_course,,,,,,Chaul End Village,Luton,,LU1 4AX,
relation,8307935,Cadmore Golf Club,52.2952203,-2.6235055,golf_course,,,,,,,,,,
way,44281720,Caerleon Municipal Golf Course,51.6079828,-2.9652426,golf_course,,,,,,,,,,
way,240045509,Caernarfon Golf Club,53.1310836,-4.2964426,golf_course,,,,,,,,,,
way,195609911,Caerphilly Golf Club,51.5671154,-3.2234289,golf_course,,,,,,,,,,
way,159928155,Caerwys Golf Club,53.2436364,-3.3136425,golf_course,,,,,,,,,,
way,401200356,Caerwys Golf Club,53.2461578,-3.3127492,golf_course,,,,,,,,,,
way,779088387,Cairndhu Golf Course,54.8924858,-5.84791,golf_course,,,,,,,,,,
way,28904775,Calcot Park Golf Club,51.4468468,-1.0372771,golf_course,,,https://www.calcotpark.com,+441189427124,,"Bath Road, Calcot",Reading,,RG31 7RN,
relation,14361612,Caldecott Hall,52.5571405,1.6480193,golf_course,,,https://caldecotthall.co.uk/,,,,,,NR31 9EY,
way,59936210,Calderbraes Golf Club,55.8388331,-4.1037944,golf_course,,,http://calderbraes-golf-club.co.uk/,+44 1698 813425,,Roundknowe Road,Uddingston,,G71 7TS,
way,31319509,Calderfields Golf and Country Club,52.5871092,-1.9510854,golf_course,,,https://www.calderfieldsgolfclub.co.uk/,+44 1922 632243,,Aldridge Road,Walsall,,WS4 2JS,
relation,19067279,Caldwell Golf Club,55.7587832,-4.5165051,golf_course,,,https://caldwellgolfclub.com/,,,,,,,
way,727580917,Caldwell Golf Club,55.7630538,-4.507397,,clubhouse,,,,,,,,,
way,155018731,Caldy Golf Club,53.3515685,-3.1593912,golf_course,,,,,,,,,,
way,192095629,Callander Golf Club,56.2435675,-4.198837,golf_course,,,https://www.callandergolfclub.co.uk/,+44 1877 330090;+44 1877 330975,callandergolf@btconnect.com,Aveland Road,Callander,,FK17 8EN,
way,704212997,Callendar Park Golf Course,55.9942498,-3.7744549,golf_course,,,,,,,,,,
relation,7633278,Cally Palace Hotel & Golf Course,54.8749938,-4.1817143,golf_course,,,https://www.mcmillanhotels.co.uk/hotels/cally-palace-hotel/golf-at-cally-palace,+44 1557 814341,info@callypalace.co.uk,,Gatehouse of Fleet,,DG7 2DL,
way,66427267,Calverley Golf & Country Club,53.8119909,-1.6971605,golf_course,,,http://www.calverleygolf.co.uk/,+44 113 2569244,hello@calverleygolfclub.co.uk,Woodhall Lane,Pudsey,,LS28 5QY,
way,24150586,Camberley Heath Golf Club,51.3316909,-0.7155095,golf_course,,,,,,,,,,
way,12301785,Cambridge Country Club,52.1874347,-0.053034,golf_course,,,https://www.cambridgecountryclub.com/,+44 1223 247365,,Toft Road,Cambridge,,CB23 2TT,
way,243147367,Cambridge Meridian Golf Club,52.1859709,-0.0059529,,clubhouse,,,,,Comberton Road,Cambridge,,CB23 2RY,
way,8113881,Cambridge Meridian Golf Course,52.1807633,-0.0056296,golf_course,,,https://cmgc.co.uk/,+44 1223 264 700,meridian@golfsocieties.com,Comberton Road,Cambridge,,CB23 2RY,
way,256482274,Cambuslang Golf Club,55.8213228,-4.1607814,golf_course,,,http://www.cambuslanggolf.co.uk/,,,Westburn Drive,Glasgow,,G72 7NA,
way,142018031,Came Down Golf Club,50.6767558,-2.444431,golf_course,,,https://www.camedowngolfclub.co.uk/,+44 1305 813494,manager@camedowngolfclub.co.uk,Higher Came,Dorchester,,DT2 8NR,
way,507287306,Came Down Golf Club,50.675328,-2.4434937,,clubhouse,,https://www.camedowngolfclub.co.uk/,+44 1305 813494,manager@camedowngolfclub.co.uk,Herringston Road,Dorchester,,DT2 8NR,
way,432136011,Campbelltown Putting Green,55.4220026,-5.6002042,golf_course,green,,https://www.skdt.org/putting-green/,,,,,,,
way,31286145,Campsie Golf Club,55.9817378,-4.1971051,golf_course,,,https://www.campsiegolfclub.com/,+44 1360 310244,campsiematch@outlook.com,Crow Road,Glasgow,,G66 7HX,
way,4006091,Cams Hall Estate Golf Course,50.8460691,-1.1679921,golf_course,,,,,,,,,,
way,895952357,Canford Golf Club,50.7859729,-1.9479114,golf_course,,,https://www.canford.com/open-to-the-public/canford-golf-club,,,,,,,
way,1101773675,Canford School Golf Club,50.787194,-1.9423392,,clubhouse,,,,,,,,,
way,444750510,Canmore Golf Club,56.0836295,-3.4570064,,clubhouse,,,,,,,,,
way,117916474,Canmore Golf Club,56.0831716,-3.457256,golf_course,,,https://www.canmoregolfclub.co.uk/,+44 1383 724969;+44 1383 728416,canmoreproshop@yahoo.co.uk,Venturefair Avenue,Dunfermline,,KY12 0PE,
way,271010081,Cannington Golf Centre,51.1548301,-3.0552942,golf_course,,,http://www.canningtongolfcentre.co.uk/,,,,,,,
way,324339429,Cannock Park Golf Course,52.6974089,-2.0402482,golf_course,,,http://www.wlct.org/cannock/golf/,,,,,,,
way,854603575,Canons Brook Golf Course,51.773627,0.0680143,golf_course,,,https://www.canonsbrook.com/,+44 1279 418357,,Elizabeth Way,Harlow,,CM19 5BE,
way,88280611,Canons Court Golf,51.6433497,-2.3747961,golf_course,,,,,,,,,,
way,89678294,Canterbury Golf Club,51.2860408,1.1179573,golf_course,,,https://www.canterburygolfclub.co.uk/,,,Littlebourne Road,Canterbury,Kent,CT1 1TW,
relation,18992075,Cape Cornwall Club,50.1271213,-5.6986687,golf_course,,,https://capecornwallclub.com/,,,,St Just,,TR19 7NL,
way,844543663,Cape Cornwall Clubhouse,50.1262509,-5.6995755,,clubhouse,,,,,,,,,
way,391383187,Capel Bangor Golf Course,52.408873,-3.9915069,golf_course,,,,,,,,,,
way,101165916,Caprington Golf Club,55.5859429,-4.5120729,golf_course,,,https://www.capringtongolfclub.com/,,,,,,,
way,392655142,Cardiff Golf Centre,51.5407092,-3.1168299,golf_course,,,,,,,,,,
way,27876087,Cardiff Golf Club,51.5279309,-3.1591773,golf_course,,,https://www.cardiffgolfclub.co.uk,+44 2920 753320,,Sherbourne Avenue,Cardiff,,CF23 6SJ,
way,94717780,Cardross Golf Club,55.9614292,-4.6484648,,clubhouse,,,,,,,,,
way,94717781,Cardross Golf Club,55.9664623,-4.6451788,golf_course,,,http://www.cardross.com,+44 1389 841754,,Main Road,Cardross,,G82 5LB,
way,42224833,Carholme Golf Club,53.2368711,-0.5677458,golf_course,,,,,,,,,,
way,334834717,Carlisle Golf Club,54.8942917,-2.8604901,golf_course,,,https://www.carlislegolfclub.org/,+44 1228 513029;+44 1228 513241,,,,,,
way,176223091,Carluke Golf Club,55.7327632,-3.8645474,golf_course,,,https://www.carlukegolfclub.com/,+44 1555771070;+44 1555770574,,Mauldslie Road,Carluke,Lanarkshire,ML8 5HG,
way,722021375,Carmarthen Golf Club,51.9016604,-4.3461177,golf_course,,,https://www.carmarthengolfclub.co.uk/,,,Blaenycoed Road,,,SA33 6EH,
way,38625616,Carnalea Golf Club,54.6640717,-5.6989218,golf_course,,,,,,,,,,
relation,12323582,Carnegie Links,57.857529,-4.1306581,golf_course,,"The Carnegie Club, Skibo Castle",https://www.carnegieclub.co.uk/golf-championship-links.html,,,,,,,
way,671265984,Carnfunnock Golf Course,54.8853346,-5.8420967,golf_course,,,,,,,,,,
way,1309100304,Carnoustie Caledonia Golf Club,56.4981889,-2.7175832,,clubhouse,,https://carnoustiecaledonia.co.uk/,+44 1241 852115,,Links Parade,Carnoustie,,DD7 7JF,
way,1309100333,Carnoustie Golf Club,56.4983059,-2.716657,,clubhouse,,https://www.carnoustiegolfclub.co.uk/,+44 1241 852480,admin@carnoustiegolfclub.co.uk,Links Parade,Carnoustie,,DD7 7JF,
way,1309100303,Carnoustie Golf Links,56.4963588,-2.7164067,,clubhouse,,https://www.carnoustiegolflinks.com/,,,Links Parade,Carnoustie,,DD7 7JE,
way,892269921,Carnoustie Ladies' Golf Club,56.4977653,-2.7189765,,clubhouse,,https://www.carnoustieladiesgolfclub.co.uk/,+44 1241 851787,,Links Parade,Carnoustie,,DD7 7JF,
way,95459495,Carnwath Golf Club,55.7009696,-3.6375915,golf_course,,,https://www.carnwathgc.co.uk/,,,,,,,
way,694262472,Carnwath Golf Club,55.700739,-3.6314774,,clubhouse,,,,,,,,,
relation,15904819,Carradale Golf Course,55.588788,-5.4643124,golf_course,,,https://www.carradalegolf.com/,,,,,,,
way,413941143,Carrbridge Golf Club,57.2877644,-3.8135906,golf_course,,,https://carrbridgegolf.co.uk/,,,,,,,
way,800136857,Carrbridge Golf Club,57.2852845,-3.8170328,,clubhouse,,,,,,,,,
way,5776767,Carrick Knowe Golf Club,55.9384138,-3.2628297,golf_course,,,https://www.carrickvalegolfclub.co.uk/,+44 131 3371932,sec@carrickvalegolfclub.co.uk,Glendevon Park,Edinburgh,,,
way,38178440,Carrickfergus Golf Course,54.7238848,-5.8047235,golf_course,,,https://carrickfergusgolfclub.co.uk/,,,,,,,
way,205757440,Carus Green Golf Club,54.3493578,-2.750055,golf_course,,,https://www.carusgreen.co.uk/,+44 1539 721097,,Burnside Road,Kendal,,LA9 6EB,
way,673301752,Carwick Park Golf Club,53.2176095,-0.5202144,golf_course,,,,,,,,,,
way,332545378,Castell Coch Golf Club,51.5347549,-3.2525528,golf_course,,,,,,Castle Road,Cardiff,,,
way,993109550,Castell Heights Golf Course,51.5489378,-3.2428404,golf_course,,,,,,,,,,
way,374534154,Casterton Golf Club House,54.2061037,-2.5818017,,clubhouse,,,,,,Carnforth,,,
way,182904940,Casterton Golf Course,54.2047976,-2.5786419,golf_course,,,https://www.castertongolf.co.uk/,+44 15242 71592,info@castertongolf.co.uk,Sedbergh Road,Casterton,,LA6 2LA,
way,771726267,Casterton Par-3 Course,54.2040487,-2.5851377,golf_course,,,https://www.castertongolf.co.uk/,,,,,,,
way,119049825,Castle Douglas Golf Club,54.9429892,-3.9389214,golf_course,,cdgolfclub@aol.com,https://www.cdgolfclub.co.uk/,+44 1556 502801,,Abercromby Road,Castle Douglas,,DG7 1BB,
way,1007485062,Castle Eden Golf Club,54.7396423,-1.3512673,golf_course,,,https://www.castleedengolfclub.co.uk/,,,,,,,
way,263842076,Castle Hawk Golf Club,53.5891494,-2.1905082,golf_course,,,http://www.castlehawk.co.uk/,,,,,,,
way,295942228,Castle Park Golf Course,55.8888723,-2.7227825,golf_course,,,https://www.castleparkgolfclub.co.uk/,+441620810733,castleparkgolf@hotmail.com,,,,,
way,100876758,Castle Point Golf Course,51.5345688,0.5801589,golf_course,,,https://www.glendalegolf.co.uk/Castle-point-golf-course,+44 1268 511149,,Somnes Avenue,Canvey Island,,SS8 9FG,
way,624112464,Castle Royle Golf & Country Club,51.4992648,-0.8169084,golf_course,,,https://www.castleroyle.com/,,castleroyle.info@theclubcompany.com,Bath Road,Reading,,RG10 9XA,
way,246543234,Castle Stuart Golf Links,57.5274296,-4.1078949,golf_course,,,https://www.castlestuartgolf.com/,+44 1463 796111,bookings@castlestuartgolf.com,,Inverness,,IV2 7JL,
way,421780761,Castlefields Golf Club,53.6921902,-1.7885354,golf_course,,,,,,Rastrick Common,Brighouse,,HD6 3HL,
way,990294344,Castlefields Golf Club,53.6914702,-1.7891418,,clubhouse,,,,,Rastrick Common,Brighouse,,HD6 3HL,
way,195633335,Castlereagh Hills Golf Course,54.5679275,-5.8339931,golf_course,,,,,,,,,,
way,284407631,Castlerock Golf Club,55.1638116,-6.7734422,golf_course,,,,,,,,,,
way,474593216,Cathcart Castle Golf Clubhouse,55.7866932,-4.2951246,,clubhouse,,,,,Mearns Road,"Clarkston, Glasgow",,G76 7YL,
way,498613998,Cathcart Castle Golf Course,55.7885404,-4.2995814,golf_course,,,https://www.cathcartcastle.net/,,,,,,,
relation,17006551,Cathedral Course,54.7902862,-1.5128015,golf_course,,Ramside Hall Hotel & Golf Club,https://www.ramsidehallhotel.co.uk/golf/cathedral-course/,+44 191 386 9514,,,,,,
way,178958742,Cathkin Braes Golf Club,55.7946212,-4.2103167,golf_course,,,https://cathkinbraesgolfclub.co.uk/,,,,,,,
way,860446687,Cathkin Golf Club,55.7981657,-4.2084345,,clubhouse,,,,,,,,,
way,128605263,Catterick Golf Club,54.3691679,-1.7330078,golf_course,,,https://www.catterickgolfclub.co.uk/,,,,,,,
way,319123003,Cave Castle Golf Club,53.7713403,-0.6124072,golf_course,,,http://www.cavecastlegolfclub.co.uk/,+44 1430 426259,admin@cavecastlegolf.co.uk,,Brough,,HU15 2EU,
way,148006188,Cavendish Golf Club,53.2599537,-1.9348702,golf_course,,,,,,,,,,
way,27757129,Cawder Golf Club,55.9272882,-4.2290481,golf_course,,,https://www.cawdergolfclub.com/,+44 141 761 1281,secretary@cawdergolfclub.com,Cadder Road,Bishopbriggs,,G64 3QD,
way,252047492,Cawdor Castle Golf Club,57.5214763,-3.9212276,golf_course,,,https://www.cawdorcastle.com/golf/index.cfm,+44 1667 404401,info@cawdorcastle.com,,Cawdor,,IV12 5RD,
way,1049080546,Celtic Haven,51.6505031,-4.7647332,golf_course,,Tenby Golf Club,,,,,,,,
way,44284817,Celtic Manor Golf Club,51.6140853,-2.9277701,golf_course,,,,,,,,,,
way,1037837871,Celtic Manor Montgomerie Course,51.6128906,-2.9202959,golf_course,,Celtic Manor Resort,,,,Catsash Road,Newport,,NP18 1LD,
node,10723121762,Celtic Manor: Roman Road,51.6067263,-2.9329525,golf_course,,,,,,,,,,
way,39750524,Center Parcs Elveden Forest,52.3942344,0.6576028,golf_course,,,https://www.centerparcs.co.uk/villages/elveden,+44 3448 267 723,,,,,,
way,741950735,Centurion Golf Club,51.7355442,-0.3999764,golf_course,,,,,,,,,,
way,4236402,Chadwell Springs Golf Club,51.8036008,-0.0413514,golf_course,,,,,,,,,,
way,10712095,Championship Course,51.341938,-0.0297388,golf_course,,,,,,,,,,
way,1096330520,Championship Course,52.8632646,-2.648129,golf_course,,Hawkstone Park,,,,,,,,
way,102270514,Championship Course,57.8884934,-4.0142193,golf_course,,Royal Dornoch Golf Club,https://www.royaldornoch.com/,+44 1862 810219,,Golf Road,Dornoch,,IV25 3LW,
way,111183746,Channels Golf Club,51.7821302,0.4843131,golf_course,,,http://www.golf-club-essex.co.uk/,+44 1245 440005,info@channelsce.co.uk,Pratts Farm Lane,Little Waltham,,CM3 3PT,
relation,3998396,Chapel-en-le-Frith Golf Club,53.3165355,-1.9388883,golf_course,,,https://www.chapelgolf.co.uk/,+44 1298 812118,,Manchester Road,High Peak,,SK23 9UH,
way,621843735,Charleton Golf Club,56.2226571,-2.8672653,golf_course,,,https://charleton.co.uk/,,,,,,,
way,185275579,Charlton Lakeside Leisure Centre,51.2193908,-1.5071826,golf_course,,,https://www.valleyleisure.co.uk/what-we-offer/sports/outdoor-sports,+44 1264 338759,,West Portway,Andover,,SP10 3LF,
way,172967461,Charnock Richard Golf Club,53.6316229,-2.6787269,golf_course,,,,,,,,,,
way,83372029,Charnwood Forest Golf Course,52.7318179,-1.2286946,golf_course,,,https://www.charnwoodforestgolfclub.com/,,,,,,,
way,479126012,Charnwood Forest Golfcourse Clubhouse,52.7285212,-1.2263548,,clubhouse,,,,,,,,,
way,131723601,Charnwood Golf,52.7859933,-1.2375916,golf_course,,,,,,,,,,
way,95454603,Chart Hills Golf Club,51.1358601,0.6526229,golf_course,,,,,,,,,,
way,95934164,Chartham Park,51.1486149,-0.0254069,golf_course,,,https://www.charthampark.com/,,,,,,,
way,88146822,Chartridge Park Golf Club,51.7194638,-0.6415103,golf_course,,,https://www.chartridgepark.co.uk/,+44 1494 791 772,,Chartridge Lane,Chartridge,,HP5 2TF,
way,52983258,Cheadle Golf Club,53.3858359,-2.2048552,golf_course,,,,,,,,,,
way,32798441,Chelmsford Golf Course,51.714425,0.4553482,golf_course,,,https://www.chelmsfordgc.co.uk/,+44 1245 256483,office@chelmsfordgc.co.uk,Widford Road,Chelmsford,,CM2 9AP,
way,5059666,Chelsfield Lakes Golf Club,51.3488135,0.1238428,golf_course,,,,,,,,,,
way,235712067,Cherry Burton Golf Course,53.8680646,-0.4835416,golf_course,,,,,,,,,,
way,5107818,Cherry Lodge Golf Club,51.3102519,0.0580314,golf_course,,,,,,,,,,
way,478452231,Cherwell Edge Golf Club,52.0841295,-1.2783051,golf_course,,,https://www.cherwelledgegolfclub.co.uk/,,,Middleton Road,Banbury,,OX17 2EN,
way,90450688,Chesfield Downs Golf Club,51.9478354,-0.2009112,golf_course,,The Club Company,https://www.chesfielddownsgolf.co.uk/,+44 1462 482929,,Jack's Hill,"Gravely, Hitchin",,SG4 7EQ,
relation,18755524,Cheshire Golf Course,53.074014,-2.805326,golf_course,,Carden Park,,,,,,,,
way,4451902,Cheshunt Park Golf Course,51.7190876,-0.044089,golf_course,,,https://www.broxbourne.gov.uk/leisure-cheshunt-park-golf-centre/landing/cheshunt-park-golf-centre,+44 1992 624009,golf.leisure@broxbourne.gov.uk,Park Lane,Cheshunt,,EN7 6QD,
way,5218924,Chester Golf Club,53.1870791,-2.9109608,golf_course,,,,,,,,,,
way,215643648,Chester-le-Street Golf Club,54.8551138,-1.5570983,golf_course,,,https://www.clsgolfclub.co.uk/,+44 191 3883218;+44 191 3882333,,Lumley Park,Chester-le-Street,,DH3 4NS,
relation,3752674,Chesterfield Golf Club,53.2175055,-1.4503516,golf_course,,,https://www.chesterfieldgolfclub.co.uk/,+44 1246 279256,secretary@chesterfieldgolfclub.co.uk,Matlock Road,Chesterfield,,S42 7LA,
way,320348117,Chesterford Research Park Golf Course,52.059354,0.2343221,golf_course,,,https://www.chesterfordresearchpark.com/tenant-services/health-fitness/,+44 1799 532 252,,,,,,
way,265920640,Chesterton Valley Golf Club,52.5712,-2.3291346,golf_course,,,https://chestertonvalleygolfclub.com/,+44 1746 783682,cvgc@hotmail.co.uk,,"Chesterton, Bridgnorth",,WV15 5NX,
way,92743271,Chestfield Golf Club,51.3450613,1.0703327,golf_course,,,https://www.chestfield-golfclub.co.uk/,+44 1227 793563;+44 1227 794411,,Chestfield Road,Whitstable,Kent,CT5 3LU,
way,139160907,Chevin Vale Golf Course,53.0024774,-1.492627,golf_course,,,,,,,,,,
way,201382635,Chewton Glen Hotel Executive Course,50.7443309,-1.6820295,golf_course,,,https://www.chewtonglen.com/hotel/activities/on-site/golf.aspx,+44 1425 275 341,,,New Forest,,BH25 6QS,
way,255187243,Chiddingfold Golf Course,51.0994479,-0.6312818,golf_course,,,https://www.chiddingfoldgolf.co.uk/,,,,,,,
way,4269507,Chigwell Golf Club,51.6133015,0.0746835,golf_course,,,https://www.chigwellgolfclub.co.uk/,+44 20 8500 2059;+44 20 8500 2384,info@chigwellgolfclub.co.uk,High Road,Chigwell,,IG7 5BH,
way,450064275,Chigwell Golf Club,51.613388,0.0697324,,clubhouse,,https://www.chigwellgolfclub.co.uk,,,High Road,Chigwell,,IG7 5BH,
way,30800778,Childwall Golf Club,53.3950463,-2.839684,golf_course,,,https://www.childwallgolfclub.co.uk/,+44 151 487 0654,,Naylors Road,"Gateacre, Liverpool",,L27 2YB,
way,103085410,Chiltern Forest Golf Course,51.7878367,-0.7085744,golf_course,,,https://chilternforest.co.uk/,,,,,,,
way,671164041,Chiltern Hills Golf Course,51.6641639,-0.5270911,golf_course,,,,,,,,,,
way,389987652,Chiltern Hospital Golf Course,51.6888401,-0.6918583,golf_course,,,,,,,,,,
relation,2844182,Chilwell Manor Golf Course,52.9155808,-1.2223922,golf_course,,,,,,Meadow Lane,Nottingham,,NG9 5AE,
way,30605848,Chilworth Golf Centre,50.9684275,-1.4345947,golf_course,,,,,,,,,,
way,41204162,China Fleet Country Club,50.422302,-4.2174779,golf_course,,,,,,,,,,
way,680111778,Chingford Golf Course,51.6348928,0.0125012,,clubhouse,,,,,,,,,
way,23198505,Chingford Golf Course,51.6380381,0.0074827,golf_course,,,https://www.chingfordgolfclub.org.uk/,+44 20 8529 5708,,Station Road,London,,E4 6AN,
way,601367851,Chippenham Golf Centre,51.4809319,-2.1818672,golf_course,,,https://chippenhamgolfcentre.co.uk/,,,,,,,
way,168001144,Chippenham Golf Club,51.4821609,-2.138708,golf_course,,,,,,,,,,
way,222383118,Chipping Norton Golf Club,51.9384153,-1.5131317,golf_course,,,,,,,,,,
way,40523241,Chipping Sodbury Golf Club,51.5496908,-2.3907232,golf_course,,,https://www.chippingsodburygolfclub.co.uk/,+44 1454 314087,,Trinity Lane,Chipping Sodbury,,BS37 6PU,
way,4874424,Chipstead Golf Club,51.3089721,-0.165229,golf_course,,,https://www.chipsteadgolf.co.uk/,+44 1737 555781,,How Lane,Coulsdon,,CR5 3LN,
way,7975880,Chislehurst Golf Course,51.413725,0.0629256,golf_course,,,https://www.chislehurstgolfclub.co.uk/,+44 20 8467 2782,,Camden Park Road,Chislehurst,,BR7 5HJ,
relation,7388131,Chobham Golf Club,51.3307585,-0.6193719,golf_course,,,,,,,,,,
way,28097345,Chorley Golf Club,53.6319578,-2.6017071,golf_course,,,https://www.chorleygolfclub.co.uk/,+44 1257 480263,admin@chorleygolfclub.co.uk,Hall o'th' Hill,Chorley,,PR6 9HX,
relation,12910287,Chorleywood Golf Club,51.6552715,-0.5101843,golf_course,,,,,,,,,,
way,4705841,Chorlton-cum-Hardy Golf Club,53.4266683,-2.2762328,golf_course,,,,,,,,,,
way,1061179714,Christchurch Golf Club,50.7509411,-1.8149827,,clubhouse,,https://christchurchgolf.club/,+44 1202 436436,,Riverside Avenue,Christchurch,,BH7 7ES,
relation,14281378,Christchurch Golf Club - Bridge Course,50.7523139,-1.8113388,golf_course,,Christchurch Golf Club,https://christchurchgolf.club/,+44 1202 436436,info@christchurchgolf.club,Riverside Avenue,Christchurch,,BH7 7ES,
way,1061168934,Christchurch Golf Club - Stour Course,50.7528686,-1.8102719,golf_course,,Christchurch Golf Club,https://christchurchgolf.club/,+44 1202 436436,info@christchurchgolf.club,Riverside Avenue,Christchurch,,BH7 7ES,
way,158269041,Chulmleigh Par3 Golf Course,50.9125,-3.8724223,golf_course,,,https://www.chulmleighgolf.co.uk/,,,,,,,
way,118927034,Church Stretton Golf Club,52.5491248,-2.8161951,golf_course,,,,,,,,,,
way,116617239,Churchill & Blakedown Golf Club,52.4076069,-2.1866646,golf_course,,,,,,,,,,
relation,3618561,Churston Golf Club,50.4005625,-3.5430781,golf_course,,,https://www.churstongolf.com/,+44 1803 842751,manager@churstongolf.com,,Brixham,,TQ5 0LA,
way,693427621,Cilgwyn Golf Club,52.1653806,-4.0432013,golf_course,,,https://www.cilgwyngolfclub.co.uk/,,,,,,,
way,470169455,Cirencester Golf Club,51.743062,-1.9821709,golf_course,,,,,,,,,,
way,1155277783,Cirencester Golf Club,51.7432066,-1.9744101,,clubhouse,,,,,Cheltenham Road,Cirencester,,GL7 7BH,
relation,3618581,City Golf Leeds,53.806469,-1.5938145,golf_course,,,https://www.citygolfleeds.co.uk/,+44 7919 462544,citygolfleeds@googlemail.com,,,,,
way,33037753,City of Newcastle Golf Club,55.0209602,-1.6316903,golf_course,,,https://www.cityofnewcastlegolfclub.com/,,,,,,,
way,1304926203,City of Wakefield Golf Course,53.6648369,-1.5262992,golf_course,,,,,,,,,,
way,26834535,Clacton-on-Sea Golf Club,51.7789698,1.1277667,golf_course,,,,,,,,,,
way,25783121,Clandon Golf,51.2447724,-0.5165496,golf_course,,,https://www.clandongolf.co.uk/,+44 1483 451867,,Epsom Road,Merrow,,GU4 7AA,
way,9653591,Clandon Regis Golf Club,51.2555304,-0.4943804,golf_course,,,,,,,Guildford,,GU4 7TT,
way,43006556,Clandyboye Golf CLub,54.6271006,-5.6876981,golf_course,,,,,,,,,,
way,161679119,Claremont Park Golf Course,51.362377,-0.367972,golf_course,,Clare Hill (Esher) Association,http://www.chea.co.uk/,,admin@chea.co.uk,,,,,
way,24624238,Clays Golf Club,53.0555892,-2.9378234,golf_course,,,,,,,,,,
way,72762268,Clayton Golf Club,53.7788412,-1.8088172,golf_course,,,https://www.claytongolfclub.co.uk/,,,,,,,
way,118917144,Cleckheaton & District Golf Club,53.7369611,-1.7360209,golf_course,,,,,,,,,,
way,82863005,Cleethorpes Beach Golf Course,53.5234646,0.0084074,golf_course,,Haven Holidays,https://www.haven.com/parks/lincolnshire/cleethorpes-beach,+44 1472 813 395,,,Cleethorpes,,DN35 0PW,
way,30861673,Cleethorpes Golf Club,53.5410488,-0.0147492,golf_course,,,,,,,,,,
way,1437655719,Cleeve Hill Golf Club,51.9360492,-2.0169945,golf_course,,,https://www.cleevehillgolfclub.co.uk/,,,,,,,
way,1378708015,Cleeve Hill Golf Club,51.9432593,-2.0178825,,clubhouse,,https://www.cleevehillgolfclub.co.uk/contact/contact-us/,,,Wickfield Lane,Cheltenham,,GL52 3PW,
way,177818649,Cleobury Mortimer Golf Club,52.3866359,-2.4548195,,clubhouse,,,,,Wyre Common,Cleobury Mortimer,,DY14 8HQ,
way,131999631,Clevedon Golf Centre,51.4231621,-2.8668927,,clubhouse,,https://www.clevedongolfcentre.co.uk/,,,,,,,
relation,6926728,Clevedon Golf Centre,51.4251209,-2.8746285,golf_course,,,https://www.clevedongolfcentre.co.uk/,+44 1275 340342,,Lower Strode Road,Clevedon,,BS21 6UU,
way,185137105,Clevedon Golf Club,51.45512,-2.8401831,golf_course,,,https://www.clevedongolfclub.co.uk/,+44 1275 874704,secretary@clevedongolfclub.co.uk,Castle Road,Clevedon,,BS21 7AA,
way,107881791,Cleveland Golf Club,54.6206257,-1.0972776,golf_course,,,https://www.clevelandgolfclub.co.uk/,,,,,,,
way,613003026,Cliff Hotel Golf Course,52.1182902,-4.6882744,golf_course,,Cliff Hotel,,,,,,,,
way,39475685,Cliftonville Golf Club,54.6265722,-5.9522369,golf_course,,,,,,,,,,
way,1424633478,Cliftonville Golf Club,54.622691,-5.9524628,,clubhouse,,,,,,,,,
way,1426081984,Clitheroe Golf Club,53.8475714,-2.3975075,,clubhouse,,,,,,,,,
way,53027347,Clitheroe Golf Course,53.8450868,-2.4034921,golf_course,,,https://www.clitheroegolfclub.com/,,,,,,,
way,23096138,Clober Golf Club,55.9488059,-4.3328841,golf_course,,,https://www.clobergolfclub.co.uk/,+44 141 956 1685,secretary@clobergolfclub.co.uk,Craigton Road,Glasgow,,G62 7HP,
way,448366496,Clober Golf Club House,55.9461576,-4.327754,,clubhouse,,,,,Craigton Road,Glasgow,,G62 7HP,
way,261547242,Clogher Valley Golf Club,54.3666837,-7.3402942,golf_course,,,,,,,,,,
relation,4014993,Close House Hotel & Golf Club,54.9865101,-1.8054532,golf_course,,,https://www.closehouse.com/golf,+44 1661 85 22 55,,Heddon on the Wall,Newcastle upon Tyne,,NE15 0HT,
relation,5218731,Cloverhill Golf Club,54.1036841,-6.487566,golf_course,,,https://www.cloverhillgolfclub.co.uk/,,,,,,,
way,1194539852,Clowance Golf Course,50.169799,-5.3146483,golf_course,,,,,,,,,,
way,97151636,Club Goilf Steòrnabhaigh,58.2154403,-6.3889043,,clubhouse,,,,,,Isle of Lewis,,HS2 0XP,
way,107280501,Club Golf,53.566411,-0.1164539,golf_course,,,,,,,,,,
way,54813039,Club House,55.8047774,-4.4018813,,clubhouse,,,,,,,,,
way,89413466,Club House,57.6077121,-3.5938663,,clubhouse,,,,,,,,,
way,96019360,Club House,55.9147372,-4.1503371,,clubhouse,,,,,,,,,
way,100787889,Club House,57.6704002,-2.4809928,,clubhouse,,,,,,,,,
way,207219311,club house,55.2645338,-1.7604443,,clubhouse,,,,,,,,,
way,211749562,Club House,53.7890651,-2.4736399,,clubhouse,,,,,,,,,
way,229756010,Club house,55.879074,-3.9912981,,clubhouse,,,,,,,,,
way,233164527,Club House,52.9683575,-2.2099714,,clubhouse,,,,,,,,,
way,244576667,Club House,56.8892697,-4.9220008,,clubhouse,,,,,,,,,
way,263501478,club house,51.3872624,-2.724937,,clubhouse,,,,,,,,,
way,308348722,Club House,51.1269192,-1.7847769,,clubhouse,,,,,,,,,
way,358522091,Club house,56.0213691,-2.8381807,,clubhouse,,,,,,,,,
way,998887743,Club House,51.1076151,-0.5069358,,clubhouse,,,,,,,,,
way,1036242183,Club House,53.8414088,-3.0447346,,clubhouse,,,,,,,,,
way,1205134707,Club House,51.5377362,-0.4617684,,clubhouse,,,,,,,,,
way,467837538,Club House,56.977958,-2.1923782,,clubhouse,,,,,,Cowie,,AB39 2RH,
way,761272464,Club House,54.653169,-5.5493836,,clubhouse,,,,,Warren Road,Donaghadee,,BT21 0PQ,
way,1155980743,Club House,56.0097626,-3.8796387,,clubhouse,,,,,Larbert Road,,,FK4 1NY,
way,352294545,Club House,51.9770843,1.3812545,,clubhouse,,,,,,,,IP11 9RY,
way,29419504,Club House,52.9462888,-1.1979798,,clubhouse,,,,,Lime Tree Avenue,Nottingham,,NG8 1BT,
way,576431084,Club House,50.5587161,-3.6487392,,clubhouse,,,,,,Newton Abbot,,TQ12 6QQ,
way,386894678,Club House,60.3793218,-0.9250323,,clubhouse,,,,,,Shetland,,ZE2 9AW,
way,60820906,Clubhouse,55.9244862,-3.1823139,,clubhouse,,https://www.craigmillarpark.co.uk/,+44 131 667 2850,,,,,,
way,65230688,Clubhouse,54.3495117,-6.4182645,,clubhouse,,,,,,,,,
way,215045083,Clubhouse,55.9304413,-3.0585434,,clubhouse,,,,,,,,,
way,217150624,Clubhouse,55.8935084,-3.2171862,,clubhouse,,,,,,,,,
way,217749804,Clubhouse,55.9187909,-3.1479685,,clubhouse,,,,,,,,,
way,220057868,Clubhouse,50.6381199,-3.6391404,,clubhouse,,,,,,,,,
way,233419237,Clubhouse,49.9254774,-6.3094292,,clubhouse,,,,,,,,,
way,233666114,clubhouse,57.5823556,-4.1088359,,clubhouse,,,,,,,,,
way,254472173,Clubhouse,50.8459708,-1.1683826,,clubhouse,,,,,,,,,
way,322645176,Clubhouse,53.5750345,-2.8462274,,clubhouse,,,,,,,,,
way,785853927,Clubhouse,51.4536413,-2.8437355,,clubhouse,,,,,,,,,
way,799737484,Clubhouse,53.1488348,-3.085587,,clubhouse,,,,,,,,,
way,813067551,Clubhouse,55.8729616,-3.9219416,,clubhouse,,,,,,,,,
way,956412536,Clubhouse,55.3153115,-4.832785,,clubhouse,,,,,,,,,
way,991439076,Clubhouse,55.8220861,-4.3194361,,clubhouse,,,,,,,,,
way,1039385425,Clubhouse,51.5018941,0.3918536,,clubhouse,,,,,Brentwood Road,Orsett,,RM16 3DR,
way,511987403,Clubhouse,52.6706927,-2.8377729,,clubhouse,,,,,,Pontesbury,,SY5 0XP,
way,914965102,Clubhouse and bar,51.7392307,-1.0885274,,clubhouse,,,,,"Thame Road, Waterstock",Oxford,,OX33 1HT,
way,172261913,Cluny Golf,56.1557363,-3.2165112,golf_course,,,http://www.clunyclays.co.uk/golf/,+44 1592 720374,,,Kirkcaldy,,KY2 6QU,
way,293588090,Clwb Golff Aberdyfi,52.551693,-4.0684027,golf_course,,,,,,,,,,
way,61042991,Clwb Golff Abersoch,52.8157123,-4.5024372,golf_course,,,,,,,,,,
way,61043043,Clwb Golff Abersoch,52.8165582,-4.5112377,golf_course,,,,,,,,,,
way,118073978,Clwb Golff Aberteifi / Cardigan Golf Club,52.1131979,-4.6765395,golf_course,,,,,,,,,,
way,304419915,Clwb Golff Nefyn,52.9408095,-4.5732182,golf_course,,,,,,,,,,
way,88743155,Clwb Golff Porth Llechog / Bull Bay Golf Club,53.4131987,-4.3682343,golf_course,,,https://bullbaygc.co.uk/,,,Ffordd Porth Llechog,,,LL68 9RY,
relation,17338975,Clwb Golff Porthmadog,52.912121,-4.1620365,golf_course,,,,,,,,,,
way,203386734,Clydebank & District Golf Course,55.922665,-4.3915002,golf_course,,,https://www.clydebankdgc.co.uk/,,,,,,,
way,24677421,Clyne Golf Club,51.5967189,-4.0232419,golf_course,,,https://www.clynegolfclub.com,+44 1792 401989,manager@clynegolfclub.com,,Mayals,,SA3 5DP,
way,166184501,Coate Water Pitch & Putt Course,51.5396221,-1.7498525,golf_course,,,https://www.swindon.gov.uk/info/20077/parks_and_open_spaces/487/coate_water_park/5,,,,,,,
way,28303055,Cobtree Manor Park Golf Club,51.3032674,0.5069751,golf_course,,,,,,,,,,
way,116946135,Cochrane Castle Golf Club,55.8203664,-4.5195844,golf_course,,,https://cochranecastle.com/,,,Scott Avenue,Johnstone,,PA5 0HF,
way,285330230,Cocken Lodge Golf Course,54.818853,-1.5293034,golf_course,,,https://cockenlodgegolf.my.canva.site/cocken-website,,,,Houghton-le-Spring,,DH4 6QP,
way,294972651,Cockermouth Golf Club,54.6644505,-3.3033927,golf_course,,,https://www.cockermouthgolf.co.uk/,+44 17687 76223,,,Embleton,,CA13 9SG,
way,25346324,Cocks Moors Woods golf course (Birmingham City Council),52.4169044,-1.8827506,golf_course,,,,,,,,,,
way,1004726009,Coed Y Mwstwr Clubhouse,51.5121887,-3.5312432,,clubhouse,,,,,Bryn Road,Bridgend,,CF35 6AF,
way,203422467,Coed y Mwstwr Golf Club,51.5120234,-3.5264418,golf_course,,,,,,,,,,
way,32805941,Colchester Golf Club,51.9107055,0.8787967,golf_course,,,,,,Braiswick,Colchester,,CO4 5AU,
way,95414302,Cold Ashby Golf Club,52.3771555,-1.0645898,golf_course,,,http://www.coldashbygolfclub.com/,+44 1604 740548,,Stanford Road,Northampton,,NN6 6EP,
way,38968717,Colin Valley Golf Course,54.5595763,-6.0079525,golf_course,,,,,,,,,,
way,30995954,College Pines Golf Club,53.2844276,-1.1028651,golf_course,,,http://www.collegepinesgolfclub.co.uk/,+44 1909 501431,collegepines@hotmail.co.uk,Worksop College Drive,Worksop,,S80 3AL,
relation,3350101,Collingtree Park Golf Club,52.1987528,-0.9040075,golf_course,,,https://www.collingtreeparkgolf.com/,+44 1604 700 000,enquiries@collingtreeparkgolf.com,Windingbrook Lane,Northampton,,NN4 0XN,
way,1493455711,Colmworth and North Beds Golf Club,52.199977,-0.3979868,golf_course,,,,,,New Road,,,MK44 2AP,
way,159508244,Colne Golf Club,53.8700441,-2.1399187,golf_course,,,https://colnegolfclub.com/,,,,,,,
way,732476376,Colonsay Golf Club,56.0611026,-6.2441065,golf_course,,,https://www.colonsay.org.uk/Things-to-Do/Golf,+44 1951200290,,,Isle of Colonsay,,PA61 7YP,
way,264454638,Colvend Golf Club,54.878238,-3.7383974,golf_course,,,https://www.colvendgolfclub.co.uk/,,,,,,,
relation,3334578,Colville Park Golf Course,55.8017242,-3.9805732,golf_course,,,https://colvilleparkgc.co.uk/,+44 1698 265779,lesinnes.sec.cpgc@blueyonder.co.uk,Merry Street,Motherwell,,ML1 4UG,
way,88491454,Colworth Golf Club,52.2261137,-0.570715,golf_course,,,https://www.sharnbrookgolfclub.co.uk/,+44 1234 222524;+44 1234781781,,,Sharnbrook,,MK44 1LQ,
way,264436455,Comann Goilf na Hearadh,57.8306588,-7.0369328,golf_course,,,https://www.harrisgolf.com/,+44 1859 550226,,,Sgarasta,,,
way,837058724,Comann Goilf na Hearadh,57.8318256,-7.0367451,,clubhouse,,https://www.harrisgolf.com/,+44 1859 550226,,Scarista,Isle of Harris,,HS3 3HX,
way,157214365,Comberton Golf Club,52.0843627,-2.0672111,golf_course,,,http://www.combertongolf.co.uk/,,,,,,,
way,249188889,Comrie Golf Club House,56.3782266,-3.9860039,,clubhouse,,,,,,Comrie,,PH6 2LR,
way,37304603,Comrie Golf Course,56.3802148,-3.9851649,golf_course,,,https://www.comriegolf.co.uk/,+44 1764 670055,enquiries@comriegolf.co.uk,Laggan Brae,Comrie,,PH6 2LR,
way,359403660,Comunn Goilf Bharraidh,57.0088368,-7.5056573,golf_course,,,,+44 1871 810441,,,,,,
way,27237266,Concord Park Golf Club,53.4274778,-1.4321684,golf_course,,,,,,Shiregreen Lane,Sheffield,,S5 6AE,
way,446710190,Congleton Golf Club,53.1510705,-2.1795491,golf_course,,,https://www.congletongolfclub.co.uk/,,,,,,,
way,405325089,Consett & District Golf Club,54.8676607,-1.8354508,golf_course,,,https://www.consettanddistrictgolfclub.com/,,,,Consett,,DH8 5NN,
way,102442330,Conwy Golf Club,53.2931168,-3.8497597,golf_course,,,,,,,,,,
way,28914978,Cooden Beach Golf Club,50.8341208,0.4160742,golf_course,,,http://www.coodenbeachgc.com/,+44 1424 842040,enquiries@coodenbeachgc.com,Cooden Sea Road,Bexhill-on-Sea,,TN39 4TR,
way,455335521,Cooden Beach Golf Club Clubhouse,50.8353604,0.427348,,clubhouse,,http://www.coodenbeachgc.com/clubhouse/,+44 1424 843936,enquiries@coodenbeachgc.com,Cooden Sea Road,Bexhill-on-Sea,,TN39 4TR,
way,382040122,Cookridge Hall Golf Club,53.8621715,-1.6111352,,clubhouse,,,,,Cookridge Lane,Leeds,,LS16 7NL,
way,101440124,Cookridge Hall Golf Course,53.8628722,-1.6050731,golf_course,,,,,,,,,,
way,4782157,Coombe Hill Golf Club,51.4224141,-0.2616748,golf_course,,,,,,,Kingston upon Thames,,KT2 7DF,
way,22392855,Coombe Wood Golf Course,51.4191095,-0.2737329,golf_course,,,https://www.coombewoodgolf.com/,+44 20 8942 0388,,George Road,,,KT2 7NS,
way,163418950,Copsewood Grange Golf Course,52.400431,-1.4593023,golf_course,,,,,,,,,,
way,125461470,Copt Heath Golf Club,52.3960722,-1.7491899,golf_course,,,https://www.coptheathgolf.co.uk/,+44 1564 731620,secretary@coptheathgolf.co.uk,Warwick Road,Knowle,,B93 9LN,
relation,3736353,Copthorne Golf Club,51.1331138,-0.1112941,golf_course,,,https://www.copthornegolfclub.co.uk/,+44 1342 712033; +441342712508,,,,,,
relation,4605956,Corhampton Golf Club,50.9750256,-1.1623053,golf_course,,,,,,,,,,
way,1455505070,Coronation Course,51.309631,-0.2733415,golf_course,,Royal Automobile Club,https://www.royalautomobileclub.co.uk/woodcote-park/golf/the-courses/,,,Wilmerhatch Lane,Epsom,,KT18 7EW,
way,419048116,Corrie Golf Club,55.6636092,-5.1610617,golf_course,,,https://www.golfonarran.com/,,,,,,,
way,228046266,Cosby Golf Club,52.5398201,-1.1926445,golf_course,,,https://www.cosbygolfclub.co.uk/,,,Chapel Lane,Cosby,,LE9 1RG,
way,32561231,Costessey Park Golf Course,52.6572929,1.192245,golf_course,,,https://www.costesseypark.com/,+44 1603 746333,enquiry@costesseypark.com,,Norwich,,NR8 5AL,
way,25942357,Cotswold Edge Golf Club,51.6555011,-2.3290732,golf_course,,,,,,,,,,
way,112578904,Cotswold Hills Golf Club,51.8501433,-2.0720452,golf_course,,,https://www.cotswoldhills-golfclub.com/,+44 1242 515264,,Ullenwood Manor Lane,Cheltenham,,GL53 9QT,
way,421825520,Cottesmore Hotel Golf & Country Club,51.087647,-0.2216605,golf_course,,info@cottesmoregolf.co.uk,https://www.cottesmoregolf.co.uk/,+44 1293 528 256,,Buchan Hill,"Pease Pottage, Crawley",,RH11 9AT,
way,89095411,Cottingham Parks Golf and Leisure Club,53.794674,-0.4370681,golf_course,,,https://www.cottinghamparks.co.uk/,,,,,,,
relation,19309655,Cottrell Park Golf Resort,51.4632797,-3.3320169,golf_course,,,https://cottrellresort.com/,+44 1446 781781,sales@cottrellresort.com,,St Nicholas,,CF5 6SJ,
way,13869268,Coulsdon Manor & Golf Club,51.3156531,-0.1220411,golf_course,,,,,,,,,,
way,544346459,Country Golf,53.7886227,-0.2851001,golf_course,,,https://www.countrygolfhull.co.uk,+44 1482 784986,,,,,,
way,83520867,Coventry Golf Club,52.3672416,-1.5064511,golf_course,,,,,,,,,,
way,850469907,Covesea Links,57.7208799,-3.3595062,golf_course,,,https://covesealinks.com/,,,,,,,
way,488078316,Cowal Golf Club,55.9658328,-4.9224019,golf_course,,Cowal Golf Club,https://www.cowalgolfclub.online/,,,,,,,
way,424596394,Cowanhead Estate Golf Course,54.3699298,-2.7812529,golf_course,,,http://www.cowanhead.co.uk/golf/,,,,,,,
way,1464367586,Cowden,56.1840931,-3.6136337,golf_course,,Muckhart Golf Club,https://www.muckhartgolf.com/,+44 1259 781423,,Drumburn Road,Muckhart,,FK14 7JH,
way,415306547,Cowdenbeath Golf Club,56.1138752,-3.3364642,,clubhouse,,https://www.cowdenbeath-golfclub.com/,+44 1383 511918,,Seco Place,Cowdenbeath,,KY4 8PF,
way,115966547,Cowdenbeath Golf Course,56.1156334,-3.3298179,golf_course,,Fife Golf Trust,https://cowdenbeath-golfclub.com/,+44 1383 513079,,Seco Place,Cowdenbeath,,KY4 8PD,
way,89179113,Cowdray Park Golf Club,50.9954783,-0.7120112,golf_course,,,,,,,,,,
relation,7662578,Cowes Golf Club,50.7619671,-1.3120004,golf_course,,,,,,Crossfield Avenue,Cowes,,PO31 8HN,
way,27230123,Cowglen Golf Club,55.8184832,-4.3174518,golf_course,,,https://www.cowglengolfclub.co.uk/,+44 8433120040,,Barrhead Road,Glasgow,,G43 1AU,
way,30017614,Coxmoor Golf Club,53.1122874,-1.2147054,golf_course,,,https://www.coxmoorgolfclub.co.uk/,+44 1623 557359,secretary@coxmoorgolfclub.co.uk,Coxmoor Road,Sutton-in-Ashfield,,NG17 5LF,
way,349932215,Cradoc Golf Club,51.9692034,-3.4319612,golf_course,,,https://www.cradoc.co.uk/,,,,Brecon,,LD3 9LP,
way,798427072,Craggan Golf Course,57.3118093,-3.6262666,golf_course,,,https://www.cairngormsactivities.co.uk/golf,,,,,,,
way,254937933,Craibstone Golf Course,57.182457,-2.2320424,golf_course,,golf@marshall-leisure.co.uk,https://www.marshall-leisure.co.uk/,+44 1224 716777,,,Bucksburn,,AB21 9SX,
way,269033515,Craibstone Golf Course Club House,57.1837921,-2.2242776,,clubhouse,,,,,,Aberdeen,,AB21 9SX,
way,162602247,Craigavon Golf Course,54.4754129,-6.3631486,golf_course,,,,,,,,,,
way,6175914,Craigentinny Golf Course,55.9639504,-3.1419249,golf_course,,,https://www.edinburghleisure.co.uk/venues/craigentinny-golf-course,+44 131 554 7501,euanmcintyre@edinburghleisure.co.uk,Fillyside Road,Edinburgh,,EH7 6RG,
way,116586104,Craigewan Course,57.5244005,-1.8045994,golf_course,,Peterhead Golf Club,https://www.peterheadgolfclub.co.uk/course/craigewan-course/,,,Riverside Drive,Peterhead,,AB42 1LT,
way,1432609850,Craighead Links,56.2764124,-2.596805,golf_course,,Crail Golfing Society,https://crailgolfingsociety.co.uk/golf/craighead-links/,+44 1333 450686,info@crailgolfingsociety.co.uk,,Crail,,KY10 3XN,
way,55695336,Craigie Hill Golf Club,56.3855171,-3.456366,,clubhouse,,,,,Cherrybank,Perth,,PH2 0NE,
way,55888009,Craigie Hill Golf Course,56.38352,-3.4536719,golf_course,,,https://www.craigiehill.co.uk/,+44 1738 622644,admin@craigiehill.co.uk,Cherrybank,Perth,,PH2 0NE,
way,249130496,Craigielaw Golf Club,56.0086202,-2.8769206,golf_course,,info@craigielawgolfclub.com,https://www.craigielawgolfclub.com/,+44 1875 870800;+44 1875 870802,,,Aberlady,,EH32 0PY,
relation,19018950,Craigielaw Golf Course,56.0049313,-2.8770663,golf_course,,,https://www.craigielawgolfclub.com/,,,,,,,
way,896137368,Craigknowes Golf Course,54.8882566,-3.8075855,golf_course,,,,,,,,,,
relation,945815,Craigmillar Park Golf Club,55.9218357,-3.1777149,golf_course,,,https://www.craigmillarpark.co.uk,,,,,,,
way,951220468,Craignure Golf Club,56.4831406,-5.7300685,golf_course,,,https://craignuregolfclub.co.uk/,,,,,,,
way,411433333,Craigtoun Course,56.3194159,-2.8443965,golf_course,,St Andrews Links Trust,https://www.standrews.com/golf/courses/the-craigtoun-course,+44 1334 466 666,enquiries@standrews.com,,St Andrews,,KY16 8NX,
way,27226456,Cranbrook (formerly Hemsted Forest) Golf Club (Permanently closed),51.090967,0.5794176,golf_course,,,,,,,,,,
relation,4517138,Crane Valley - Valley Course,50.8782281,-1.901013,golf_course,,Holburne,,,,The Clubhouse,"Verwood, Dorset",,BH31 7LH,
way,323909326,Crane Valley - Valley Course,50.8761933,-1.8998701,golf_course,,Hoburne Golf,https://www.crane-valley.co.uk/,+44 1202 814088,,,"Verwood, Dorset",,BH31 7LH,
way,323909764,Crane Valley - Woodland Course,50.8834013,-1.9048122,golf_course,,Hoburne Golf,https://www.crane-valley.co.uk/,+44 1202 814088,,,"Verwood, Dorset",,BH31 7LH,
way,1060253545,Crane Valley Golf Club,50.8806153,-1.9049282,,clubhouse,Hoburne Golf,https://www.crane-valley.co.uk/,+44 1202 814088,,,"Verwood, Dorset",,BH31 7LH,
way,101963760,Cranfield Golf Course,51.5769437,0.1487923,golf_course,,,,,,,,,,
way,550874479,Cranfield Pitch & Putt,54.0370587,-6.0542496,golf_course,,,,,,,,,,
way,23454278,Cranham Golf Course,51.5557637,0.282267,golf_course,,,https://www.cranhamgolfcourse.co.uk/,,,,,,,
way,66472922,Cranleigh Golf Club,51.1546911,-0.4695734,golf_course,,,http://www.ccgcranleigh.com/,+44 1483 268855,,,,,,
way,313437198,Cranleigh School Golf Course,51.1518176,-0.4906913,golf_course,,,https://www.cranleigh.org/sport/golf/,+44 777 188 4356,,,,,,
way,36914503,Craven Municipial Aireville Park Pitch & Putt,53.9605565,-2.0330497,golf_course,,,https://www.cravendc.gov.uk/pitchandputt,+44 1756 792805,,,,,,
way,231685362,Crewe Golf Club,53.0905628,-2.3816239,golf_course,,,https://www.crewegolfclub.co.uk/,+44 1270 584099,,Fields Road,"Haslington, Crewe",,CW1 5TB,
relation,12203233,Crews Hill Golf Course,51.6807448,-0.1098606,golf_course,,,,,,,,,,
way,88206317,Criccieth Golf Club,52.9325438,-4.2258768,golf_course,,,http://www.cricciethgolfclub-northwales.co.uk,,,,,,,
way,6075373,Criccieth Multi Golf,52.9195717,-4.2212058,golf_course,,https://www.cricciethmultigolf.com/,,,,,Gwynedd,,LL52 0HU,
way,97948258,Crichton Golf Club,55.0567059,-3.5932995,golf_course,,,https://www.crichtongolfclub.com/,,,,,,,
way,510494724,Cricket St Thomas Golf Course,50.8831904,-2.8987236,golf_course,,,,,,,,,,
way,373582719,Cricklade House Hotel & Spa,51.6364635,-1.8748349,golf_course,,,,,,,,,,
way,126112061,Crieff Golf Club,56.3832739,-3.8238597,golf_course,,,https://crieffgolf.co.uk/,,,,,,,
way,1498441866,Crieff Hydro Golf Course,56.3898949,-3.8409357,golf_course,,,,,,,,,,
way,347961466,Croft Golf Centre,53.4328298,-2.5377187,golf_course,,,https://www.croftgolfcentre.co.uk/,+44 1925 763741,,Cross Lane,Warrington,,WA3 7AW,
way,5104288,Croham Hurst Golf Course,51.3515641,-0.0740446,golf_course,,,,,,Croham Road,South Croydon,,CR2 7HJ,
way,175469271,Crompton & Royton Golf Course,53.572156,-2.1154652,golf_course,,,https://www.cromptonandroytongolfclub.co.uk/,,,,,,,
way,205993614,Crondon Park Golf & Country Club,51.6754162,0.4405046,golf_course,,,http://www.crondon.com/,,,,,,,
way,671229520,Crook Golf Club,54.7165645,-1.7227506,golf_course,,,http://crookgolfclub.co.uk,,,Low Jobs Hill,Crook,,DL15 9AA,
way,304389625,Crookhill Park Golf Course,53.4701489,-1.2119802,golf_course,,,http://www.crookhillgolfcourse.co.uk/,+44 1709 862974,,Carr Lane,Doncaster,,,
way,105892123,Crosland Heath Golf Course,53.6245548,-1.8360823,golf_course,,Crosland Heath Golf Club,https://croslandheath.co.uk/,+44 1484 653216,golf@croslandheath.co.uk,Felks Stile Road,Huddersfield,,HD4 7AF,
way,231877341,Crossgar Golf Club,54.4019153,-5.7589067,golf_course,,,,,,,,,,
way,200578549,Crow Nest Park Golf Club,53.7208729,-1.7963532,golf_course,,,https://www.crownestgolf.co.uk/,+44 1484 401152,,Coach Road,Brighouse,,HD6 2LN,
way,291397163,Crow Wood Golf Club,55.9019886,-4.118787,golf_course,,,https://www.crowwoodgolfclub.co.uk/,,,,,,,
way,22814498,Crowborough Beacon Golf Club,51.0429819,0.1431036,golf_course,,,,,,,,,,
way,116920251,Cruden Bay Golf Club,57.406562,-1.8585756,golf_course,,,https://www.crudenbaygolfclub.co.uk/,,,,,,,
way,116920240,Cruden Bay Golf Club,57.4133272,-1.8635941,,clubhouse,,,,,Aulton Road,Peterhead,,AB42 0NN,
way,98206250,Cuckfield Golf Course,51.0213545,-0.1498638,golf_course,,,,,,,,,,
way,17750111,Cuddington Golf Course,51.3367549,-0.2209971,golf_course,,,https://www.cuddingtongc.co.uk/,+44 20 8393 0952,,Banstead Road,Banstead,,SM7 1RD,
way,177808587,Cullen Golf Club,57.6963281,-2.8414623,golf_course,,,http://www.cullengolfclub.co.uk/,+44 1542 840685,info@cullengolfclub.co.uk,The Links,The Royal Burgh of Cullen,,AB56 4WB,
way,116715891,Cumberwell Park,51.3712449,-2.2597371,golf_course,,,https://www.cumberwellpark.com/,,,,,,,
way,131881973,Cupar Golf Club,56.3093702,-3.0035438,golf_course,,,https://www.cupargolfclub.co.uk/,,admin@cupargolf.co.uk,Ceres Road,Cupar,,KY15 5JT,
way,132067954,Cupar Golf Club,56.3105667,-3.0074991,,clubhouse,,https://www.cupargolfclub.co.uk/,,admin@cupargolf.co.uk,Ceres Road,Cupar,,KY15 5JT,
way,910872852,Cushendall Golf Club,55.0831303,-6.0561196,,clubhouse,,,,,,,,,
way,634688759,Cwmrhydneuadd Golf Club,52.1478411,-4.424433,golf_course,,,,,,,,,SA44 6HD,
way,414869806,Cwrs Golff Penwern Saron Golf Course,52.0153588,-4.3771837,golf_course,,,,+44 1 559 370 705,,Penwern,Saron,,SA44 5EL,
way,309041946,Dainton Park Golf Club,50.4945194,-3.6219762,golf_course,,,,,,,,,,
way,618109405,Dalbeattie Golf Club,54.9410261,-3.8298372,golf_course,,,https://www.dalbeattiegolfclub.co.uk/,,,,,,,
relation,3393933,Dale Hill Golf Club,51.0487174,0.4328756,golf_course,,,https://www.dalehill.co.uk/golf,+44 1580 200112,reception@dalehill.co.uk,,Ticehurst,,TN5 7DQ,
way,353735834,Dalmally Golf Club,56.4069279,-5.0118636,golf_course,,,https://www.dalmallygolfclub.co.uk/,,,A85,Dalmally,,PA33 1AE,
way,353735836,Dalmally Golf Club Clubhouse,56.4046976,-5.0083134,,clubhouse,,,,,,,,,
way,43476940,Dalmilling Golf Course,55.465426,-4.5912806,golf_course,,,https://www.golfsouthayrshire.com/play/the-courses/dalmiling/,,,,,,,
way,119321818,Dalmuir Municipal Golf Course,55.9183395,-4.4268196,golf_course,,,https://www.west-dunbarton.gov.uk/leisure-parks-events/dalmuir-golf-course/,,,,,,,
way,476228568,Dalston Hall Holiday Park golf course,54.8544586,-2.9672278,golf_course,,,https://www.dalstonhallholidaypark.co.uk/,,,,,,,
way,147377628,Dalziel Golf Course,55.796942,-3.9373621,golf_course,,,https://dalzielpark.co.uk/golf,,,,,,,
relation,2866482,Darenth Valley Golf Course,51.3268771,0.183612,golf_course,,,,,,,,,,
way,87167420,Darlington Golf Course,54.5529128,-1.5274807,golf_course,,,https://www.darlington-gc.co.uk/,+44 1325 355324,,Haughton Grange,Darlington,,DL1 3JD,
relation,4007784,Darnford Moors Golf Course,52.6764051,-1.7939813,golf_course,,,https://www.darnfordmoors.com/,+44 1543256661,,,,,,
way,5133605,Dartford Golf Club,51.4350688,0.2004498,golf_course,,,,,,,,,,
way,202388839,Dartmouth Golf And Country Club,50.3633116,-3.662213,golf_course,,,,,,,,,,
way,123257498,Dartmouth Golf Club,52.5319851,-1.9771127,golf_course,,,,,,,,,,
way,797443365,Darwen Golf Club,53.7027341,-2.4961286,golf_course,,,https://www.darwengolfclub.co.uk/,,,,,,,
way,908924448,Darwen Golf Club,53.705909,-2.4901706,,clubhouse,,,,,Duddon Avenue,Darwen,,BB3 0LB,
relation,3903653,Datchet Golf Club,51.4884725,-0.5885805,golf_course,,,https://www.datchetgolfclub.co.uk/,+44 1753 543 887,,Buccleuch Road,Slough,,SL3 9BP,
node,2858347220,Dauntsey's School,51.288538,-1.9922898,golf_course,,,https://www.dauntseys.org/,+44 1380 814500,,,,,,
relation,17680829,Davenport Golf Club,53.3511961,-2.0952079,golf_course,,,https://www.davenportgolf.co.uk/,,,,,,,
way,113159804,Daventry & District Golf Club,52.2638367,-1.1403887,golf_course,,,http://www.daventrygolfclub.co.uk/,+44 1327 702829,ddgc@hotmail.co.uk,Norton Way,Daventry,,NN11 2LS,
way,23060908,David Lloyd Hampton,51.437079,-0.3656648,golf_course,,,https://www.davidlloyd.co.uk/club-finder/hampton/golf,+44 20 8783 2401,,Staines Road,Hampton,,TW2 5JD,
way,16968602,David Lloyd Rouken Glen Golf Club,55.7956062,-4.3242943,golf_course,,,https://www.davidlloyd.co.uk/clubs/glasgow-rouken-glen/at-glasgow-rouken-glen/golf,+44 141 6387044,,Stewarton Road,Glasgow,,G46 7UZ,
way,113067144,Davyhulme Park Golf Club,53.4552532,-2.3788108,golf_course,,,,,,,,,,
node,679798248,Dawlish Approach Golf,50.5887312,-3.4608008,golf_course,,,,,,,,,,
way,27004866,Dawlish Warren Golf Club,50.6032095,-3.4360685,golf_course,,,,,,,,,,
way,640676467,Dawlish Warren Golf Club,50.6000268,-3.4432985,,clubhouse,,,,,,,,,
way,207745660,Dawn til Dusk,51.7460657,-4.963695,golf_course,,,,,,,,,,
relation,3996559,Dean Wood Golf Club,53.5480364,-2.7165758,golf_course,,,https://www.deanwoodgolfclub.co.uk/,+44 1695 627480;+44 1695 622219,info@deanwoodgolfclub.co.uk,Lafford Lane,Skelmersdale,,WN8 0QZ,
way,62199205,Deane Golf Club,53.5719656,-2.4753941,golf_course,,,,,,,,,,
way,1315806794,Deanwood Park Gold Course,51.4135279,-1.3589076,golf_course,,,,,,,,,,
way,1109743741,Deer Park,52.3869459,-2.4510289,golf_course,,Cleobury Mortimer Golf Club,,,,,,,,
relation,4632947,Deer Park,55.9128376,-3.5376738,golf_course,,,https://www.deer-park.co.uk/,+44 1506 446699,info@deer-park.co.uk,Golf Course Road,Livingston,,EH54 8AB,
way,55352002,Deer Park Golf and Country Club,55.912853,-3.5334112,,clubhouse,,https://www.deer-park.co.uk/,+44 1506 446699,reception@deer-park.co.uk,Golf Course Road,Livingston,,EH54 8AB,
way,8023725,Deeside Golf Club,57.109345,-2.1858597,golf_course,,admin@deesidegolfclub.com,http://www.deesidegolfclub.com/,+44 1224 869 457,,Golf Road,Bieldside,,AB15 9DL,
way,311922976,Deeside Golf Clubhouse,57.1118293,-2.1901943,,clubhouse,,,,,Golf Road,Aberdeen,,AB15 9DL,
way,62070391,Defence Academy Golf Course,51.600653,-1.638571,golf_course,,,http://www.dagc.org.uk/,+441793785725,,,Swindon,,SN6 8LA,
relation,61906,Delamere Forest Golf Club,53.2289759,-2.6507381,golf_course,,,https://www.delameregolf.co.uk/,+44 1606 883800,,Station Road,Delamere,,CW8 2JE,
way,105411730,Delapre Golf Centre,52.2206646,-0.8873606,golf_course,,,http://delapregolfcentre.co.uk/,+44 1604 764 036,info@delapregolfcentre.co.uk,Nene Valley Way,Northampton,,NN4 7DU,
way,386388431,Denbigh Golf Club,53.196169,-3.4378779,,clubhouse,,,,,,,,,
way,386388418,Denbigh Golf Course,53.1965249,-3.4390075,golf_course,,,,,,Coppy Road,Denbigh,,LL16 5AA,
way,10154908,Denham Golf Club,51.5839546,-0.5186907,golf_course,,,https://www.denhamgolfclub.co.uk/,+44 1895 832022,,Tilehouse Lane,Uxbridge,,UB9 5DE,
relation,1888646,Denmead Golf Course,50.8912734,-1.0695192,golf_course,,,,,,,,,,
way,386260854,Denne Park Golf Course,51.0457076,-0.3384783,golf_course,,,,,,,,,,
way,79859670,Denstone College Golf Club,52.9581869,-1.8701109,golf_course,,Denstone College,https://www.denstonecollege.org/golf,+44 1889 590484,,,Uttoxeter,,ST14 5HN,
way,1053541210,Denton Golf Club,53.4595898,-2.1419166,,clubhouse,,,,,,,,,
way,1126569086,Denton Golf Course,53.4613143,-2.1430489,golf_course,,,,,,,,,,
way,369856264,Denver Golf Club,52.5890195,0.3641646,golf_course,,,,,,,,,,
way,108791787,Derby Golf Centre,52.9132473,-1.3911025,golf_course,,,https://derbygolfacademy.wordpress.com/,,,Borrowash Road,,,,
way,66061920,Derby Golf Club,52.8829306,-1.4756683,golf_course,,,,,,Shakespeare Street,Derby,,DE24 9HD,
way,33392501,Dereham Golf Club,52.690903,0.9335813,golf_course,,,,,,Quebec Road,,,NR19 2DS,
way,287310513,Derllys Court Golf Club,51.852504,-4.3883724,golf_course,,,,,,,,,,
way,99034902,Dewlands Manor Golf Course,51.0402229,0.2099029,golf_course,,,http://www.dewlandsmanorgolfcourse.co.uk/,+44 1892 852266,,,Rotherfield,,TN6 3JN,
way,32545472,Dewsbury Golf Course,53.6644512,-1.6689979,golf_course,,,,,,,,,,
way,44598461,Dibden Golf Centre,50.8696104,-1.4308192,golf_course,,,,,,,,,,
relation,3996624,Didsbury Golf Course,53.405554,-2.2437381,golf_course,,,https://www.didsburygolfclub.com/,+44 161 998 9278,,,,,,
way,88542811,Dinas Powys Golf Club,51.4395918,-3.2320548,golf_course,,,,,,,,,,
way,230994598,Dinnaton Golf Course,50.3988125,-3.9410154,golf_course,,,,,,,,,,
relation,15847985,Dinsdale Golf Club,54.5012405,-1.476343,golf_course,,,http://dinsdalesgolf.com,+44 1325 332222,,Neasham Road,Darlington,,DL2 1DW,
way,136086108,Disley Golf Course,53.3660254,-2.0488298,golf_course,,,,,,,,,,
way,26137521,Diss Golf Club,52.3648662,1.1352286,golf_course,,,,,,The Common,Stuston,,IP21 4AA,
way,193074649,Diss Golf Club,52.3652282,1.1295504,,clubhouse,,,,,The Common,Stuston,,IP21 4AA,
way,117636564,Dodhead Golf Course,56.068346,-3.2139224,golf_course,,,https://www.burntislandgolfhouseclub.co.uk/,+44 1592 874093;+44 1592 872116,info@burntislandgolfhouseclub.co.uk,,Burntisland,,KY3 9LQ,
way,131383783,Dollar Golf Club,56.1692288,-3.678144,golf_course,,info@dollargolfclub.com,https://www.dollargolfclub.com/,+44 1259 742400,,,Dollar,,FK14 7EA,
relation,4601406,Donaghadee Golf Club,54.6509037,-5.5496551,golf_course,,,,,,,,,,
way,425634646,Doncaster Golf Club,53.4898743,-1.064813,golf_course,,,,,,,,,,
way,219017378,Donnington Grove Country Club,51.4259354,-1.3441051,golf_course,,,https://www.donnington-grove.com/,+44 1635 581000,enquiries@donnington-grove.com,Grove Road,Newbury,,RG14 2LA,
way,553260484,Donnington Valley Golf Club,51.4273099,-1.3287844,golf_course,,Donnington Valley Golf Club,https://www.donningtonvalley.co.uk,+44 1635 551199,general@donningtonvalley.co.uk,Old Oxford Road,Newbury,,RG14 3AG,
way,377010472,Doon Valley Golf Club,55.3609484,-4.4919966,golf_course,,,,,,,,,,
way,23058063,Dore and Totley Golf Club,53.3143806,-1.4938601,golf_course,,,,,,,,,,
way,19801467,Dorking Golf Club,51.2242713,-0.3169654,golf_course,,,,,,,,,,
way,30861431,DoubleTree by Hilton Forest Pines Spa & Golf Resort,53.5531651,-0.568513,golf_course,,Hilton Inc.,https://www.hilton.com/en/hotels/dsabfdi-doubletree-forest-pines-spa-and-golf-resort/,+44 1652 650770,,Ermine Street,Brigg,,DN20 0AQ,
way,219128197,Dougalston Golf Course,55.9430428,-4.2977556,golf_course,,,https://www.dougalstongolfclub.co.uk/contact/,+44 141 955 0801,,Strathblane Road,Glasgow,,G62 8HA,
way,23162825,Douglas Park Golf Club,55.9269087,-4.3094631,golf_course,,,https://www.douglasparkgolfclub.co.uk/,,,,,,,
relation,11682789,Douglas Valley Golf Course,53.601387,-2.583283,golf_course,,,https://douglasvalleygolfclub.co.uk/,,,,,,,
way,573287703,Douglas Water Golf Course,55.5916106,-3.7865308,golf_course,,,,,,,,,,
way,38809696,Down Royal Golf Club,54.4922742,-6.1279215,golf_course,,,,,,,,,,
relation,17957891,Downes Crediton Golf Club,50.7796924,-3.6359623,golf_course,,,,,,,,,,
relation,10616520,Downfield,56.4901202,-3.0316693,golf_course,,Downfield Golf Club,https://www.downfieldgolf.com/,+44 1382 825595,office@downfieldgolf.com,Turnberry Avenue,Dundee,,DD2 3QP,
way,762092200,Downfield Golf Club,56.4892438,-3.0271535,,clubhouse,,https://www.downfieldgolf.com/,+44 1382 825595,office@downfieldgolf.com,Turnberry Avenue,Dundee,,DD2 3QP,
relation,12769689,Downshire Golf Complex,51.3944417,-0.7881244,golf_course,,,https://www.bracknell-forest.gov.uk/downshiregolfcomplex,+44 1344 302 030,,Easthampstead Park,Wokingham,,RG40 3DH,
way,42421062,Dragon's Tooth Golf Club,56.6849766,-5.1892926,golf_course,,,http://www.dragonstooth.co.uk/,+44 1855 811 695,clubhouse@dragonstooth.co.uk,,Ballachulish,,PH49 4JX,
way,202203038,Drax Golf Club,53.7260879,-1.002362,golf_course,,,https://www.draxgolfclub.com/,+441757617228,,,,,,
way,68600512,Drayton Park Golf Club (Abingdon),51.633722,-1.3080288,golf_course,,,https://www.draytonparkgolfclubabingdon.co.uk/,+44 1235 528989; +44 1235 550607,draytonpark@btclick.com,Steventon Road,Drayton,,OX14 4LA,
way,1006704635,Drayton Park Par 3 Course,51.6346769,-1.3115515,golf_course,,,,,,,,,,
relation,4042461,Driffield Golf Course,53.9886564,-0.4541151,golf_course,,,https://www.driffieldgolfclub.co.uk/,+44 1377 253583,,Beverley Road,Driffield,,YO25 9AD,
relation,2864834,Drimsynie Estate Golf Course Lochgoilhead,56.1719209,-4.9077662,golf_course,,,https://www.argyllholidays.com/parks/drimsynie-estate-holiday-village,+44 1301 703247,info@argyllholidays.com,Corrow Farm,Lochgoilhead,,PA24 8AD,
way,1491644243,Droitwich Golf Club,52.2789265,-2.1387596,,clubhouse,,https://www.droitwichgolfclub.co.uk/,+44 1905 774344,,Ford Lane,Droitwich Spa,,WR9 0BH,
way,123412244,Droitwich Golf Course,52.2808919,-2.1479017,golf_course,,,,,,,,,,
way,580496963,Droitwich Golf Course,52.278305,-2.1402504,golf_course,,,,,,,,,,
way,14305975,Druids Heath Golf Club,52.6096769,-1.9033298,golf_course,,,https://www.druidsheathgc.co.uk/,+44 1922 455595;+44 1922 459523,,Stonnall Road,Walsall,,WS9 8JZ,
way,122948305,Drumoig Golf Centre,56.4185416,-2.9136473,golf_course,,Drumoig Golf Centre,http://www.drumoiggolfcentre.co.uk/,+44 1382 541529,drumoiggolfcentre@gmail.com,Forgan Drive,Drumoig,,KY16 0DW,
relation,3366723,Drumoig Golf Course,56.4128338,-2.9022873,golf_course,,Drumoig Golf Hotel,https://www.drumoiggolfhotel.com/,+44 1382 541898,starter@drumoiggolfhotel.com,,Drumoig,,KY16 0DS,
way,22959777,Drumpellier Golf Course,55.8596514,-4.0561377,golf_course,,,http://www.drumpelliergolf.co.uk/,+44 1236 424139,info@drumpelliergolf.co.uk,Drumpellier Avenue,Coatbridge,,ML5 1RX,
way,6175767,Duddingston Golf Course,55.9403742,-3.1350386,golf_course,,,https://www.duddingstongolfclub.co.uk/,+44 131 661 7688,secretary@duddingstongolf.co.uk,Duddingston Road West,Edinburgh,,EH15 3QD,
node,13653665426,Dudley Golf Club,52.4981024,-2.0508075,,clubhouse,,https://www.dudleygolfclub.com,+44 1384 233877,secretary@dudleygolfclub.com,Turners Hill,,,,
way,39045868,Dudley Golf Club,52.4971093,-2.0537877,golf_course,clubhouse,,https://www.dudleygolfclub.com,+44 1384 233877,secretary@dudleygolfclub.com,Turners Hill,,,,
way,870450072,Dudmoor Farm Golf Course,50.7614637,-1.7861903,golf_course,,Dudmoor Farm,,,,Dudmoor Farm Road,Christchurch,,BH23 6AQ,
way,290998241,Dudsbury Golf Club & Hotel,50.7818366,-1.89983,golf_course,,,https://www.dudsburygolfclub.co.uk/,+44 1202 593499,info@dudsburygolfclub.co.uk,Christchurch Road,Ferndown,,BH22 8ST,
way,242639465,Dudsbury Golf Club Hotel & Spa,50.7844808,-1.9010747,,clubhouse,,,,,Christchurch Road,Ferndown,,BH22 8ST,
way,100821299,Duff House Royal Golf Club,57.6572886,-2.5220848,golf_course,,,https://www.duffhouseroyal.com/,,,,,,,
way,425913010,Dufftown Golf Club,57.4404442,-3.1582973,golf_course,,,https://dufftowngolfclub.com/,,,,,,,
way,13891693,"Dukes Meadows Golf, Tennis & Ski",51.4733146,-0.2633762,golf_course,,,,,,,,,,
way,369589153,Dukinfield Golf Course,53.469593,-2.0530959,golf_course,,,https://www.dukinfieldgolfclub.co.uk/,+44 161 338 2340,,,,,,
way,94345329,Dullatur Golf Course,55.9594529,-4.0164973,golf_course,,,https://www.dullaturgolf.com/,+44 1236 723 230,,Glen Douglas Drive,Cumbernauld,,G68 0DW,
way,28237051,Dulwich and Sydenham Hill Golf Club,51.4389354,-0.0738527,golf_course,,,,,,,,,,
way,735220025,Dumbarnie Links,56.2081078,-2.8919786,golf_course,,,https://dumbarnielinks.com/,,,,,,KY8 6JQ,
way,203462425,Dumbarton Golf Club,55.9537195,-4.5705693,golf_course,,,https://dumbartongolfclub.co.uk/,,,,,,,
way,41259340,Dumfries and Galloway Golf Course,55.0653566,-3.6348417,golf_course,,,https://www.dandggolfclub.co.uk/,,,,,,,
relation,3463808,Dunaverty Golf Club,55.3107857,-5.6370325,golf_course,,,http://www.dunavertygolfclub.com/,+44 1586 830677,dunavertygc@aol.com,,Southend By Campbeltown,,PA28 6RW,
way,257476964,Dunaverty Golf Club House,55.3126794,-5.6448472,,clubhouse,,,,,,,,,
way,210638818,Dunbar Golf Club,55.9977119,-2.4995657,,clubhouse,,,,,,,,,
relation,2833655,Dunbar Golf Club,55.993159,-2.4848121,golf_course,,,https://www.dunbargolfclub.com/,,,East Links,Dunbar,,EH42 1LL,
way,104669046,Dunblane New Golf Club,56.1796334,-3.9540165,golf_course,,,https://www.dngc.co.uk/,+44 1786821527,,Perth Road,Dunblane,,FK15 0LJ,
way,31396100,Dundas Parks Golf Club,55.9733122,-3.4076203,golf_course,,,https://www.dundasparksgolf.co.uk/,+44 7787260190,enquiries@dundasparksgolf.co.uk,,South Queensferry,,EH30 9SS,
way,41275226,Dundonald Links,55.5850892,-4.6562145,golf_course,,,https://www.dundonaldlinks.com/,+44 1294 314000,reservations@dundonaldlinks.com,Ayr Road,Gailes,,KA11 5BF,
way,490652884,Dunecht House Golf Club,57.1585988,-2.4094974,golf_course,,,https://www.dunechthousegolfclub.co.uk/,,,,,,,
way,1380327925,Dunes Golf Centre,57.6765033,-1.9952178,golf_course,,,https://dunesgolfcentre.co.uk/,,,,,,,
way,444057224,Dunfermline Golf Club,56.0586782,-3.505758,,clubhouse,,,+44 1383 723534,secretary@dunfermlinegolfclub.com,Pitfirrane Park,Crossford,,KY12 8QW,
way,508153681,Dungannon Golf Club,54.5174961,-6.7856848,golf_course,,,,,,,,,,
way,39552364,Dunham Forest Golf and Country Club,53.3859075,-2.3769455,golf_course,,,,,,,,,,
way,810427441,Dunkeld and Birnam Golf Club,56.5704047,-3.5764498,,clubhouse,Dunkeld and Birnam Golf Club,https://www.dunkeldandbirnamgolfclub.co.uk,+44 1350 727524,,,,,,
way,948632201,Dunkeld and Birnam Golf Club,56.5705265,-3.569021,golf_course,,,https://www.dunkeldandbirnamgolfclub.co.uk/,,,Fungarth,Dunkeld,,PH8 0ES,
way,1413316756,Dunluce Links,55.2027537,-6.6252608,golf_course,,Royal Portrush Golf Club,https://www.royalportrushgolfclub.com/courses/the-dunluce/,+44 28 7082 2311,,Dunluce Road,Portrush,,BT56 8JQ,
relation,6118831,Dunmurry Golf Course,54.5481598,-5.9854581,golf_course,,,,,,,,,,
way,794509992,Dunnerholme Golf Club,54.1972379,-3.206663,,clubhouse,,,,,Duddon Road,Askam-in-Furness,,LA16 7AW,
way,322889736,Dunnerholme Golf Course,54.2015817,-3.2071654,golf_course,,,https://dunnerholme.co.uk/golf/,,,Duddon Road,Askam-in-Furness,,LA16 7AW,
way,406074696,Dunnikier Park Golf Club,56.1362936,-3.1614807,,clubhouse,,https://www.dunnikierparkgolfclub.com/,+441592 261599,,Dunnikier Way,Kirkcaldy,,KY1 3LP,
way,128633952,Dunnikier Park Golf Course,56.1398711,-3.163114,golf_course,,Fife Golf Trust,https://fifegolftrust.co.uk/dunnikier-golf-course/,+44 1592 205916,,Dunnikier Way,Kirkcaldy,,KY1 3LP,
way,240170897,Dunning Golf Club,56.3137762,-3.593139,golf_course,,,https://www.dunninggolfclub.co.uk/,+44 1764 684747,,,Dunning,,PH2 0RH,
way,248767495,Duns Golf Course,55.7754497,-2.3798445,golf_course,,,https://www.dunsgolfclub.com/,,,,,,,
relation,19160645,Dunscar Golf Club,53.6233824,-2.4502664,golf_course,,,https://www.dunscargolfclub.com/,+44 1204 303321,,Longworth Lane,Bolton,,BL7 9QY,
way,505842094,Dunstable Downs Golf Course,51.8721245,-0.5282056,golf_course,,,,,,,,,,
way,130627326,Dunstanburgh Castle Golf Course,55.5002226,-1.6112502,golf_course,,,https://www.dunstanburgh.com/,+44 1665 576562,,,Alnwick,,NE66 3XQ,
way,291482975,Dunston Hall Golf Course,52.5702852,1.2833233,golf_course,,,,,,,,,,
way,25938354,Dunton Hills,51.5700492,0.3706681,golf_course,,,,,,,,,,
way,420915764,Durham City Golf Course,54.7469047,-1.5985329,golf_course,,,https://www.durhamcitygolfclub.co.uk/,,,,,,,
way,114097704,Durness Golf Club,58.5734135,-4.7801561,golf_course,,,https://www.durnessgolfclub.org/,+44 1971 511364,lucy@durnessgolfclub.org,,Durness,,IV27 4PN,
way,28097465,Duxbury Park Golf Course,53.6304879,-2.6228922,golf_course,,Glendale Golf,https://www.glendalegolf.co.uk/Duxbury-Park-Golf-Course,+44 1257 265380,duxbury.golf@glendalegolf.co.uk,Duxbury Hall Road,Chorley,,PR7 4AT,
way,104724275,Dyke Golf Club,50.877676,-0.2018202,golf_course,,,https://dykegolfclub.co.uk/,,,Devil's Dyke Road,Brighton,,BN1 8YJ,
relation,10284999,Dymock Grange Golf Club,51.9849942,-2.4537091,golf_course,,,,,,,,,,
way,23158042,Dyrham Park Country Club,51.6730314,-0.2280053,golf_course,,,,,,,,,,
relation,4007796,Eagles Golf Centre,52.7309355,0.3126843,golf_course,,,https://www.eaglesgolfonline.co.uk/,+44 1553 827147,,School Road,King's Lynn,,PE34 4RS,
relation,18129626,Eaglescliffe Golf Course,54.5236988,-1.3434182,golf_course,,,https://www.eaglescliffe.golf/,,,,,,,
way,4250571,Ealing Golf Course,51.530265,-0.3172018,golf_course,,,,,,,,,,
way,118461049,Earl of Mar Golf Course,55.9212574,-4.4766752,golf_course,,,https://www.marhall.com/golf/,,,,,,,
way,31568219,Earlswood Golf Course,51.6300333,-3.8472833,golf_course,,,,,,,,,,
way,31568225,Earlswood Golf Course,51.6270456,-3.8408391,golf_course,,,,,,,,,,
way,41160493,Easingwold Golf Club,54.1076968,-1.1687464,golf_course,,,,,,Stillington Road,York,,YO61 3ET,
way,22911236,East Berkshire Golf Club,51.3746501,-0.8169052,golf_course,,,,,,,,,,
way,42384751,East Bierley Golf Club,53.7614322,-1.7059712,golf_course,,,https://www.eastbierleygolfclub.co.uk/,,,South View Road,Bradford,,BD4 6PP,
way,33526916,East Brighton Golf Club,50.8241087,-0.091149,golf_course,,,https://www.ebgc.co.uk/,+44 1273 603989,,Roedean Road,Brighton,,BN2 5RA,
way,904444929,East Brighton Golf Club,50.8162422,-0.0994335,,clubhouse,,,,,Roedean Road,Brighton,,BN2 5RA,
way,97603043,East Cliff Pitch & Putt,51.0849123,1.1976183,golf_course,,,http://www.shepway.gov.uk/content/view/200661/195/,,,,,,,
relation,20059744,East Course,55.9012087,-3.3601134,golf_course,,Dalmahoy Hotel & Country Club,https://www.dalmahoyhotelandcountryclub.co.uk/,+44 1313 331845,,,Kirknewton,,EH27 8EB,
way,26630109,East Devon Golf Club,50.6260407,-3.3456283,golf_course,,,https://www.eastdevongolfclub.co.uk/,+44 1395 443370 (Secretary); +44 1395 445195 (Pro Shop),secretary@edgc.co.uk,Links Road,Budleigh Salterton,,EX9 6DG,
way,125983657,East Herts Golf Club,51.900598,-0.0022672,golf_course,,,https://www.easthertsgolfclub.co.uk/,+44 1920 821978,,Hamels Park,Buntingford,,SG9 9NA,
relation,1438957,East Horton Golf Club,50.9603426,-1.276388,golf_course,,,https://www.easthorton.com/,,,Mortimers Lane,Eastleigh,,SO50 7EA,
way,86112626,East Kilbride Golf Club,55.783301,-4.1560742,golf_course,,,https://www.ekgolfclub.com/,,,,,,,
way,86112565,East Kilbride Golf Club Clubhouse,55.7831106,-4.1613932,,clubhouse,,,,,,,,,
way,90933829,East Morton Golf Club,53.8713721,-1.8596604,golf_course,,,https://eastmortongolf.co.uk/,+44 1274 561229,,Carr Lane,Keighley,,BD20 5RY,
way,505865213,East Renfrewshire Golf Club,55.7555851,-4.367665,golf_course,,,https://www.eastrengolfclub.co.uk/,,,,,,,
way,373029771,East Sussex National Golf Club,50.9417592,0.1001628,,clubhouse,,,,,,Uckfield,,TN22 5ES,
way,30097259,East Sussex National Golf Resort and Spa,50.941156,0.0960468,golf_course,,,,,,,,,,
way,33825079,Eastbourne Downs Golf Club,50.7698843,0.241839,golf_course,,,http://www.ebdownsgolf.co.uk/,+44 1323 720827,,East Dean Road,Eastbourne,,BN20 8ES,
way,429089676,Eastbourne Downs Golf Course,50.7656923,0.2471749,,clubhouse,,,,,,,,,
way,174827707,Easter Moffat Golf Club,55.8712496,-3.9175803,golf_course,,,https://www.emgc.org.uk/,,,,,,,
way,154068346,Eastham Golf Course,53.3224635,-2.96254,golf_course,,,,,,,,,,
way,1388512112,Eastham Lodge,53.3208077,-2.9552887,,clubhouse,,,,,Ferry Road,,,,
way,24824414,Eastney Pitch-and-Putt,50.7818615,-1.0624763,golf_course,,,,,,,,,,
way,90225345,Eastwell Manor,51.1899675,0.8869144,golf_course,,,,,,,,,,
way,182189564,Eastwood Golf Course,55.7449343,-4.3549289,golf_course,,,https://www.eastwoodgolfclub.co.uk/,,,,,,,
relation,1608357,Eaton Golf Club (Norwich),52.605159,1.2667362,golf_course,,,https://www.eatongc.co.uk/,+44 1603 451686;+44 1603 251399,peter@eatongc.co.uk,Newmarket Road,Norwich,,NR4 6SF,
way,20834713,Eaton Golf Club (Waverton),53.1694076,-2.7978672,golf_course,,,https://www.eatongolfclub.co.uk/,+44 1244 335885,office@eatongolfclub.co.uk,Guy Lane,Chester,,CH3 7PH,
relation,943800,Eaton Park Pitch & Kick,52.6191586,1.250527,golf_course,,,https://www.norwich.gov.uk/pitchandkick,,,,,,,
way,178806645,Eccle Riggs Leisure Club,54.2661986,-3.2141182,golf_course,,CGP Books,http://eccleriggsleisureclub.co.uk/,+44 1229 716398,,,,,,
way,387063133,Eccle Riggs Leisure Club,54.2696891,-3.2114105,golf_course,,CGP Books,http://eccleriggsleisureclub.co.uk/,+44 1229 716 398,,,,,,
way,30793344,Eccleston Park Golf Club,53.4281863,-2.7740322,golf_course,,,,,,,,,,
way,275301666,Eden Clubhouse,56.3496754,-2.8174833,,clubhouse,St Andrews Links Trust,,,,,St Andrews,,KY16 9SF,
way,158718157,Eden Course,56.3539516,-2.8288545,golf_course,,St Andrews Links Trust,http://www.standrews.org.uk/Play/Courses/Eden-Course,+44 1334 466 666;+44 1334 466 718,reservations@standrews.org.uk,,St Andrews,,KY16 9SF,
way,334488987,Eden Golf Club,54.9210285,-2.8458154,golf_course,,,https://www.edengolf.co.uk/,,,,,,,
way,598975449,Edenmore Golf Course,54.4527492,-6.2331923,golf_course,,,,,,,,,,
way,145105525,Edgbaston Golf Course,52.4557746,-1.9184511,golf_course,,,,,,,,,,
way,214098919,Edinburgh Thistle Golf Club,55.9156642,-3.2042794,,clubhouse,,,,,,,,,
node,3999606795,Edinburgh Western Golf Club,55.9155928,-3.2050285,,clubhouse,,http://www.ewgc.org.uk/,+44 752 748 5612,secretary@ewgc.org.uk,Braid Hills Approach,Edinburgh,,EH10 6JY,
way,101782603,Edwalton Municipal Golf Course,52.9101864,-1.1093667,golf_course,,,,,,,,,,
way,397026530,Edzell Golf Club,56.7998447,-2.6612186,golf_course,,,https://www.edzellgolfclub.com/,+44 1356 647283,,,,,,
relation,7605715,Effingham Golf Club,51.2610895,-0.4063983,golf_course,,,,,,Guildford Road,Effingham,,KT24 5PY,
way,524454773,Effingham House,51.2674548,-0.3986435,,clubhouse,Effingham Golf Club,https://www.effinghamgolfclub.com/,+44 1372 452203,,Guildford Road,Effingham,,KT24 5PZ,
way,269393350,Effingham Park Golf Course,51.1417644,-0.0893402,golf_course,,,http://www.effinghamparkgc.co.uk/,+44 1342 716528,enquiries@effinghamparkgc.co.uk,West Park Road,Copthorne,,RH10 3EU,
way,23570816,Elderslie Golf Club,55.8329475,-4.4722228,golf_course,,,https://eldersliegolfclub.com/,,,,,,,
way,40148315,Elfordleigh Hotel Golf & Country Club,50.4069825,-4.0491776,golf_course,,,https://www.elfordleigh.co.uk/,+44 1752 348 425,reception@elfordleigh.co.uk,,Plymouth,,PL7 5EB,
relation,3351128,Elgin Golf Club,57.6271167,-3.3162034,golf_course,,,https://www.elgingolfclub.com/,+44 1343 542338; +44 1343 542884,secretary@elgingolfclub.com,Birnie Road,Elgin,,IV30 8SX,
way,112530297,Elie Golf Course,56.1888048,-2.8395232,golf_course,,The Golf House Club,https://www.golfhouseclub.co.uk/,,,,Elie,,KY9 1AS,
way,307498106,Elie Golf House Club,56.1917662,-2.8296043,,clubhouse,,https://www.golfhouseclub.co.uk/,+44 1333 330301,,,Elie,,KY9 1AS,
way,192216731,Elland Golf Club,53.679341,-1.8572332,golf_course,,,http://www.ellandgolfclub.plus.com/home.htm,+44 1422 372505,secretary@ellandgolfclub.plus.com,Hammerstone Leach Lane,Elland,,HX5 0TA,
way,88142363,Ellesborough Golf Club,51.7549245,-0.7723663,golf_course,,,https://www.ellesboroughgolf.co.uk/,+44 1296 623 126;+44 1296 622 114,,Wendover Road,Aylesbury,,HP17 0TZ,
way,585779358,Ellesborough Golf Club Clubhouse,51.7567598,-0.774041,,clubhouse,,,,,Wendover Road,Butlers Cross,Buckinghamshire,HP17 0TZ,
way,72861663,Ellesmere Golf Club,53.5166049,-2.3759857,golf_course,,,https://www.ellesmeregolfclub.co.uk/,+44 161 790 2122,,Old Clough Lane,Worsley,,M28 7HZ,
way,150646275,Ellesmere Port Golf Club,53.2927883,-2.9402552,golf_course,,,,,,,,,,
way,282026683,Elm Lodge Golf Course,52.3816293,-2.7215722,golf_course,,,,,,Fishmore Road,Ludlow,,,
way,232421617,Elmwood Golf Course,56.3005794,-3.0442912,golf_course,,,https://www.elmwoodgolf.co.uk/,,,,,,,
way,264515418,Elsenham Golf and Leisure,51.9138383,0.2519638,golf_course,,,http://www.elsenhamgolfandleisure.co.uk/,+44 1279 812 865,,Hall Road,Elsenham,,CM22 6FL,
way,138499173,Elsham Golf Club,53.5859751,-0.4519388,golf_course,,,https://www.elshamgolfclub.co.uk/,+44 1652 680432;+44 1652 680291,,Barton Road,Brigg,,DN20 0LS,
way,10374680,Eltham Warren Golf Club,51.4551627,0.0715997,golf_course,,,,,,,,,,
way,470137130,Elton Furze Golf Club,52.5321364,-0.3560918,golf_course,,,https://www.efgc.co.uk/,,,,,,,
way,4603914,Ely City Golf Club,52.3900611,0.254991,golf_course,,info@elygolf.co.uk,https://www.elygolf.co.uk/,+44 1353 663317;+44 1353 662751,,Cambridge Road,Ely,,CB7 4HX,
way,218874180,Ely On Par Golf Club,52.411499,0.2473687,golf_course,,,https://elydrivingrange.co.uk,+44 1353 669192,,Downham Road,Ely,,CB6 2SH,
relation,16010887,Emerald Championship Course,52.9816268,-2.6846328,golf_course,,Macdonald Hotels & Resorts,,,,,,,,
way,81087635,Enderby Golf & Leisure Centre,52.5827734,-1.2042118,golf_course,,,https://enderbygolfcourse.co.uk/,+44 116 284 9388,,Mill Lane,Enderby,,LE19 4LH,
way,3810598,Enfield Golf Club,51.6501458,-0.1028065,golf_course,,,,,,,,,,
way,132566409,Enmore Park Golf Club,51.1147224,-3.0784976,golf_course,,,,,,,,,,
relation,3808523,Enniskillen Golf Club,54.3377711,-7.6159006,golf_course,,,,,,,,,,
way,287080955,Enniskillen Golf Club,54.3381102,-7.6153177,golf_course,,,,,,Castlecoole Road,,,BT74 6HZ,
relation,3883245,Enville Golf Club,52.4964847,-2.2331825,golf_course,,,http://www.envillegolfclub.com/,+44 1384 872585,,,Enville,,DY7 5BN,
way,226276922,Epping Golf Course,51.6846962,0.1227412,golf_course,,,https://www.eppinggolfcourse.org.uk/,+44 1992572282,info@eppinggolfcourse.org.uk,Fluxs Lane,Epping,,CM16 7NJ,
relation,17075970,Epsom Downs Golf Club,51.3179849,-0.2473482,golf_course,,,,,,,,,,
relation,10885215,Erewash Valley Golf Course,52.9360631,-1.2977068,golf_course,,,,,,,,,,
way,168431614,Erlestoke Golf Course,51.286004,-2.0591682,golf_course,,,http://www.erlestokegolfclub.co.uk,,,,,,SN10 5UB,
way,118460307,Erskine Golf Club,55.9167912,-4.5041918,,clubhouse,,,,,,,,,
way,118460310,Erskine Golf Club,55.9206914,-4.4963134,golf_course,,,https://www.erskinegolfclublimited.co.uk/,,,,,,,
way,375504253,Eskdale Golf Course,54.3663307,-3.3591442,golf_course,,,www.eskdalegolf.co.uk,+44 1229 717680,,,Ravenglass,,CA18 1RL,
way,25995308,Essendon Country Club,51.7609519,-0.1493747,golf_course,,,https://www.essendoncc.co.uk/contact,+44 1707 260360,info@essendoncc.com,Bedwell Park,Hatfield,,AL9 6HN,
way,55492229,Essington Golf Course,52.633798,-2.03811,golf_course,,,,,,,,,,
relation,4034078,Etchinghill Golf Club,51.1185526,1.0951541,golf_course,,Pentland Golf,http://www.pentlandgolf.co.uk/etchinghill/etchinghill-golf-club,+44 1303 863863,,Canterbury Road,Etchinghill,,CT18 8FA,
way,98505729,Etchinghill Golf Club Clubhouse,51.1179754,1.0924493,,clubhouse,Etchinghill Golf Club,,,,Canterbury Road,Etchinghill,,CT18 8FA,
way,119999696,Eton College Golf Course,51.4977333,-0.6106072,golf_course,,,https://www.etoncollege.com/ecgc-home.aspx,+44 1753 801577,,,Windsor,,SL4 6DJ,
way,125686925,Evesham Golf Course,52.1209714,-2.0047045,golf_course,,,https://www.eveshamgolfclub.co.uk/,+44 1386 861011,,Craycombe Links,Fladbury Cross,,WR10 2QS,
way,25408953,Exeter Golf and Country Golf Club,50.7002654,-3.4822224,golf_course,,,https://www.exetergcc.co.uk/,+44 1392 874139,,,,,,
way,689512201,Exminster Golf Centre,50.6703011,-3.4907925,golf_course,,,,,,,,,,
way,97594588,Eyemouth Golf Club,55.8682032,-2.0803424,golf_course,,captain@eyemouthgolfclub.co.uk,https://www.eyemouthgolfclub.co.uk/,+44 1890750004; +44 1890750551,,Gunsgreenhill,Eyemouth,,TD14 5SF,
node,13383148816,Fair Isle Lighthouse Keeper's Golf Course,59.5138948,-1.6503341,golf_course,,,https://fair-isle.blogspot.com/p/golf.html,,tommyartgallery@yahoo.com,,,,ZE2 9JU,
way,239576778,Fairbourne Golf Club,52.7030873,-4.0559278,golf_course,,,,,,,,,,
relation,15079814,Fairfield Golf Course,53.4665152,-2.1453829,golf_course,,,https://www.fairfieldgolfclub.co.uk/,+44 161 301 4528,,,,,,
way,6084942,Fairhaven Golf Club,53.7484215,-2.9802009,golf_course,,,https://www.fairhavengolfclub.co.uk/,,,,Lytham St Annes,,FY8 4JU,
way,250861341,Fairways Loch Ness Golf Club,57.453461,-4.2041554,golf_course,,,http://www.golflochness.com/,+44 1463 713335,,Castleheather,Inverness,,IV2 6AA,
way,95803388,Fairwood Park Golf Club,51.6046892,-4.0394956,golf_course,,,https://www.fairwoodpark.com/,,,Blackhills Lane,,,SA2 7JN,
relation,14691736,Fakenham Golf Club,52.823514,0.8590488,golf_course,,,https://www.fakenhamgolfclub.co.uk/,,,,Fakenham,,NR21 7NY,
way,265879314,Falconwood Course,51.3474654,-0.0276313,golf_course,,,,,,,,,,
way,211136076,Falkirk Golf Club,56.0109925,-3.82547,golf_course,,,https://www.falkirkgolfclub.co.uk/,,,,,,,
way,182234782,Falkirk Golf Club,56.0075863,-3.818005,,clubhouse,,,,,Stirling Road,Falkirk,,FK2 7YP,
way,129127270,Falkirk Tryst Golf Club,56.0304256,-3.8198478,golf_course,,,https://www.falkirktrystgolfclub.com/,+44 1324 562415,secretary@falkirktrystgolfclub.com,Burnhead Road,Falkirk,,FK5 4BD,
way,1144164749,Falkirk Tryst Golf Club,56.0277027,-3.8249468,,clubhouse,,,,,Burnhead Road,,,FK5 4BD,
way,98737327,Falkland Golf Club,56.2558044,-3.1961844,golf_course,,,https://www.falklandgolfclub.com/,,,,,,,
way,60740902,Falkland Golf Club,56.2550295,-3.202325,,clubhouse,,https://falklandgolfclub.com/,+44 1337 857404,falklandgolfclub@gmail.com,,Falkland,,KY15 7AA,
way,131329263,Falmouth Golf Club,50.1351188,-5.0824933,golf_course,,,,,,,,,,
way,131329269,Falmouth Pitch & Putt,50.1386976,-5.0906448,golf_course,,,,,,,,,,
way,145570334,Far Grange Park & Golf Club,53.9653323,-0.1986562,golf_course,,,http://www.fargrangepark.com/golf-fishing-spa/golf.aspx,+44 1262 468030,,Hornsea Road,Driffield,,YO25 8SY,
way,5059692,Farleigh Golf Club,51.3314049,-0.033287,golf_course,,Foxhills,https://www.farleighfox.co.uk/,+44 1883 62 77 11,,Farleigh Common,Warlingham,,CR6 9PE,
way,617005324,Farnham Golf Club,51.2133932,-0.7341394,golf_course,,,,,,,,,,
way,1085701974,Farnham Golf Club,51.2135897,-0.743234,golf_course,,,,,,,,,,
way,153351044,Farnham Park Golf Course,51.222532,-0.8011069,golf_course,,,,,,,Farnham,,GU9 0AU,
relation,7658269,Farringford Golf Course,50.6744536,-1.5206793,golf_course,,,https://farringford.co.uk/selfcatering/golf.htm,+44 1983 752500,contact@farringford.co.uk,Bedbury Lane,Freshwater Bay,,PO40 9PE,
way,236696192,Farrington Park Golf & Country Club,51.2886855,-2.5312032,golf_course,,,https://farringtonpark.co.uk/,+44 1761 451596,,Marsh Lane,Farrington Gurney,,BS39 6TS,
way,23500838,Farthingstone Hotel and Golf,52.1904426,-1.1229124,golf_course,,,http://www.farthingstone.co.uk/,+44 1327 361533,,Everdon Road,Towcester,,NN12 8HA,
relation,19313795,Faughan Valley Golf Centre,55.0212574,-7.2467481,golf_course,,,,,,,,,,
way,23598563,Faversham Golf Course,51.2793364,0.8531063,golf_course,,,,,,,,,,
way,28671616,Fawkham Valley Golf Club,51.3852987,0.2944366,golf_course,,,,,,,,,,
way,704055940,Feddinch Mains,56.3158902,-2.8303411,golf_course,,,https://amgolf.consultationonline.co.uk/,,,,St. Andrews,,KY16 8NR,
way,137428484,Feldon Valley Golf Club,52.0384144,-1.5524568,golf_course,,,http://www.feldonvalleygolf.co.uk/,+44 1608 685633,info@feldonvalley.co.uk,Sutton Lane,Lower Brailes,,OX15 5BB,
way,31824928,Felixstowe Ferry Golf Course,51.9829493,1.3835801,golf_course,,,,,,,,,,
way,24433149,Fereneze Golf Club,55.8061771,-4.411976,golf_course,,,https://www.ferenezegolfclub.org/,,,,,,,
way,813471054,Ferndown Forest Golf Club,50.8209933,-1.896527,golf_course,,,,,,,,,,
way,4753938,Ferndown Golf Club,50.7994292,-1.8775017,golf_course,,,https://www.ferndowngolfclub.co.uk/,+44 1202 653951,,Golf Links Road,Ferndown,,BH22 8BU,
relation,4460369,Ferrybridge Golf Course,53.7261198,-1.2951092,golf_course,,,,,,,,,,
way,123185853,Filey Golf Club,54.1947097,-0.2900386,golf_course,,Filey Golf Club,https://www.fileygolfclub.com/,,,,Filey,,YO14 9BQ,
way,368940932,Filey Pitch & Putt,54.2021319,-0.2879297,golf_course,,,https://www.fileypitchandputt.com/,+44 7935 281772,,West Avenue,Filey,,YO14 9BQ,
way,146352847,Filton Golf Course,51.5113848,-2.589466,golf_course,,,,,,,,,,
relation,15157087,Finchley Golf Course,51.6097942,-0.2011644,golf_course,,,https://www.finchleygolfclub.com/,+44 20 8346 5086,secretary@finchleygolfclub.co.uk,"Nether Court, Frith Lane",London,,NW7 1PU,
way,113254949,Fingle Glen Golf Club,50.7304639,-3.6532037,golf_course,,,https://www.fingleglengolfhotel.co.uk/,+44 1647 61817,,,Exeter,,EX6 6AF,
way,508157859,Fintona Golf Club,54.4924759,-7.3203103,golf_course,,,,,,,,,,
way,261136308,Fintona Golf Club,54.4947248,-7.3172396,golf_course,,,,,,Kiln Street,,,BT78 2BJ,
way,476954237,Fishley Park Pitch & Putt,52.6420205,-1.9891374,golf_course,,,,,,,,,,
way,110367028,Fishwick Golf Course,53.7621202,-2.6547383,golf_course,,,,,,Glenluce Drive,Preston,,PR1 5TD,
way,70779678,Five Lakes,51.7865084,0.8018549,golf_course,,,,,,,,,,
way,25203114,Flackwell Heath Golf Course,51.6002043,-0.6974482,golf_course,,,,,,,,,,
way,160150048,Flamborough Head Golf Club,54.1211371,-0.0885587,golf_course,,,https://www.flamboroughheadgolfclub.co.uk/,+44 1262 850333,,Lighthouse Road,Bridlington,,YO15 1AR,
way,244605092,Fleetwood Golf Clubhouse & Proshop,53.91753,-3.0429008,,clubhouse,,,,,Princes Way,Fleetwood,,FY7 8AF,
way,81368335,Fleetwood Golf Course,53.9183467,-3.0454525,golf_course,,,,,,Princes Way,Fleetwood,,FY7 8AF,
way,94357261,Flempton Golf Club,52.3005603,0.6511648,golf_course,,,https://www.flemptongolfclub.co.uk/,,,Bury Road,Flempton,,IP28 6EG,
way,113067138,Flixton Golf Club,53.438795,-2.3744829,golf_course,,,,,,,,,,
way,442654879,Folke Golf Centre,50.9226473,-2.4879458,golf_course,,,http://folkegolfcentre.co.uk,,,,,,,
way,96623496,Folkestone Sports Centre,51.0880536,1.1660497,golf_course,,,https://www.folkestonesportscentre.co.uk/,,,Radnor Park Avenue,Folkestone,,CT19 5HX,
way,1424848330,Football Golf,50.6770592,-1.4672293,golf_course,,,,,,,,,,
way,420351408,Forbes of Kingennie Golf Course,56.5159955,-2.8443961,golf_course,,,https://forbesofkingennie.co.uk/,,,,,,,
way,1022672362,Fore Golf Club,53.085412,-2.9987638,golf_course,,,,,,,,,,
way,23751418,Fore Golf Course,53.2081464,-2.9687289,golf_course,,,,,,,,,,
way,31202995,Forest Golf Club,51.7868514,-2.6066471,golf_course,,,,,,,,,,
way,182670426,Forest Hill Golf & Conference Centre,52.6520372,-1.2853479,golf_course,,,https://www.foresthillgolfclub.co.uk/,+44 1455 824800,admin@foresthillgolfclub.co.uk,Markfield Lane,Botcheston,,LE9 9FH,
way,116621374,Forest Hills Golf Club,51.8023788,-2.6076656,golf_course,,,,,,,,,,
way,108129200,Forest of Arden Country Club,52.4639219,-1.663295,golf_course,,,https://www.marriott.co.uk/hotels/travel/cvtgs-forest-of-arden-marriott-hotel-and-country-club/,+44 1676 526 113,mhrs.cvtgs.golf@marriotthotels.com,Maxstoke Lane,Meriden,,CV7 7HR,
way,109232718,Forest of Galtres Golf Club,54.0126429,-1.1255809,golf_course,,,https://www.forestofgaltres.co.uk/,,,,,,,
way,136957427,Forest Park Golf Club,53.9969208,-1.0096551,golf_course,,,https://www.forestparkgolfclub.co.uk/,,,,Stockton-on-the-Forest,,YO32 9HF,
relation,11561412,Forfar Golf Club,56.6435919,-2.8478724,golf_course,,,https://www.forfargolfclub.co.uk,+44 1307 463773,info@forfargolfclub.com,Arbroath Road,Forfar,,DD8 2RL,
relation,19802085,Formby Golf Club,53.5722286,-3.0813811,golf_course,,,https://www.formbygolfclub.co.uk/,,,,,,,
way,1354910185,Formby Golf Club,53.5676436,-3.0743704,,clubhouse,,https://www.formbygolfclub.co.uk/,,,Golf Road,Liverpool,,L37 1LQ,
way,369102295,Formby Hall Golf Course,53.579645,-3.0392104,golf_course,,,https://www.formbyhallgolfresort.co.uk/,,,,,,,
way,1448188285,Formby Ladies Golf Club,53.5711147,-3.0801526,golf_course,,,https://formbyladiesgolfclub.co.uk/the-course/,,,,,,,
way,1354910186,Formby Ladies Golf Club,53.5675013,-3.0735026,,clubhouse,,https://formbyladiesgolfclub.co.uk/,+44 1704 874127,secretary@formbyladiesgolfclub.co.uk,Golf Road,Liverpool,,L37 1YH,
way,89451534,Forres Golf Club,57.6075505,-3.5895306,golf_course,,,https://forresgolfclub.co.uk/,,,,,,,
way,102304982,Forrester Park Golf Club,51.7742879,0.7056351,golf_course,,,,,,,,,,
way,94453954,Forrester Park Golf Course,56.0688686,-3.5316023,golf_course,,,https://www.forresterparkresort.com/,+44 1383 880505,Golf@ForresterParkResort.com,Pitdinnie Road,Cairneyhill,,KY12 8RF,
way,619168447,Fort Augustus Golf Club,57.1381201,-4.6942911,golf_course,,,,,,,,,,
way,31312516,Fortrose & Rosemarkie Golf Club,57.5783631,-4.1032654,golf_course,,secretary@fortrosegolfclub.co.uk,https://www.fortrosegolfclub.co.uk/,+44 1381 620529,,Ness Road East,Fortrose,,IV10 8SE,
way,135051512,Fortwilliam Golf Club,54.6441557,-5.929439,golf_course,,,,,,,,,,
way,1340631323,Fortwilliam Golf Club,54.6413759,-5.9333085,,clubhouse,,,,,,,,,
way,23280802,Fosseway Golf Club,51.2747641,-2.4695421,golf_course,,,,,,,,,,
way,592796351,Foulford Inn,56.4197796,-3.7877322,,clubhouse,,https://foulfordinn.co.uk/,,,,,,,
way,592796347,Foulford Inn Golf Course,56.4202449,-3.7842242,golf_course,,,https://foulfordinn.co.uk/,,,,,,,
way,287754190,Four Marks Golf,51.1018089,-1.0245851,golf_course,,,http://www.fourmarksgolfcourse.co.uk/,,,Headmoor Lane,Alton,,GU34 3ES,
way,1109743726,Foxes Run,52.3909673,-2.455474,golf_course,,Cleobury Mortimer Golf Club,,,,,,,,
way,157488856,Foxhills,51.3759614,-0.550577,golf_course,,,,,,,,,,
way,155328921,Foyle Golf Club,55.0395025,-7.2908409,golf_course,,,https://www.foylegolfcentre.co.uk/,+44 2871 352222,info@foylegolfcentre.co.uk,Alder Road,Derry / Londonderry,,,
way,264893033,Fraserburgh Golf Club,57.6742651,-1.9812047,golf_course,,,https://fraserburghgolfclub.org/,,,,,,,
way,34375297,Freshwater Golf Club,50.6705306,-1.4895706,golf_course,,,https://www.freshwaterbaygolfclub.co.uk/,,,,Freshwater Bay,,PO40 9TZ,
way,1097457888,Frilford Heath Golf Club,51.679015,-1.3622746,,clubhouse,,,+44 1865 390864,reception@frilfordheath.co.uk,Oxford Road,Abingdon,,OX13 5NW,
way,30663534,Frilford Heath Golf Course,51.6821352,-1.3686472,golf_course,,,,,,,,,,
way,33282208,Frinton Golf Club,51.8212754,1.2333003,golf_course,,,https://www.frintongolfclub.com/,,,,,,,
relation,3344724,Fulford Golf Club,53.9317738,-1.0430518,golf_course,,,https://www.fulfordgolfclub.co.uk/,+44 1904 413579,,Heslington Lane,York,,YO10 5DY,
way,156027997,Fulford Heath Golf Club,52.371774,-1.8713041,golf_course,,,https://www.fulfordheathgolfclub.co.uk/,+44 1564 824758,,Tanners Green Lane,Wythall,,B47 6BH,
way,52404067,Fulneck Golf Club,53.7810486,-1.6688574,golf_course,,,https://fulneckgolfclub.co.uk/,+44 113 256 5191,fulneckgolf@aol.com,Fulneck,Pudsey,,LS28 8NT,
way,293728142,Fulwell Golf Club,51.4342076,-0.3600136,golf_course,,,https://www.fulwellgolfclub.co.uk/,+44 20 8977 3844,,Wellington Road,Hampton Hill,,TW12 1JY,
way,93744691,Furness Golf Club,54.1105307,-3.2643813,golf_course,,,https://www.furnessgolfclub.co.uk/,+44 1229 471232,,Central Drive,Barrow-in-Furness,,LA14 3LN,
way,23362511,Fynn Valley Golf Club,52.0994518,1.1841526,golf_course,,,,,,,,,,
way,138762421,Gainsborough Golf Club,53.4146625,-0.7568008,golf_course,,,http://www.gainsboroughgc.co.uk/,+44 1427 613088,info@gainsboroughgc.co.uk,Belt Road,Gainsborough,,DN21 1PZ,
way,250507249,Gairloch Golf Club,57.7152441,-5.6853269,golf_course,,,https://gairlochgolfclub.co.uk/,+44 1445 712407,,,Gairloch,,IV21 2BE,
way,172215531,Gairloch Golf Club house,57.7168968,-5.6845227,,clubhouse,,,,,,,,,
way,291883406,Galashiels Golf Course,55.6241375,-2.8000497,golf_course,,,https://www.galashielsgolfclub.co.uk/,,,,,,,
way,1062734778,Galgorm Castle Golf Club,54.8519083,-6.3123666,golf_course,,,,,,,,,,
way,17045851,Galley Hills Course,51.9299852,-0.4146655,golf_course,,,,,,,,,,
way,66632813,Gang Warily Recreation Centre Pitch & Putt,50.8257425,-1.374454,golf_course,,,http://www.newforestfitness.co.uk/outdoor-activities/golf/,+44 23 8089 3603,reception@fawleyparishcouncil.org.uk,Newlands Road,Fawley,,SO45 1GA,
way,629557476,Ganstead Park Golf & Events,53.7926064,-0.2498646,golf_course,,,https://www.gansteadpark.co.uk/,,,Longdales Lane,Hull,,HU11 4LB,
way,175969330,Ganton Golf Club,54.1863909,-0.4956182,golf_course,,,https://www.gantongolfclub.com/,+44 1944 710329;+44 1944 710260,secretary@gantongolfclub.com,,Scarborough,,YO12 4PA,
relation,1995344,Garesfield Golf Course,54.9302143,-1.7964121,golf_course,,,https://www.garesfieldgolfclub.co.uk/,+44 1207 561 278;+44 1207 561 309,,Clayton Terrace Road,Newcastle upon Tyne,,NE17 7AP,
way,185615997,Garforth Golf Club,53.8114592,-1.3972967,golf_course,,,,,,,,,,
way,264907263,Garmouth & Kingston Golf Course,57.6670934,-3.1024905,golf_course,,,http://garmouthkingstongolfclub.com/,,,,,,,
way,108531926,Garnant Golf Club,51.7976941,-3.9101665,golf_course,,,,,,,,,,
way,100791079,Garon Park Golf Complex,51.553164,0.742203,golf_course,,,https://www.garonparkgolf.co.uk/,+44 1702 601 701,,Eastern Avenue,Southend-on-Sea,,SS2 4FA,
relation,3895609,Garstang Golf Centre,53.8892773,-2.7726801,golf_course,,,https://www.garstanghotelandgolf.com/,+44 1995 600100,,,Preston,,PR3 1YE,
way,545478285,Gaskell Sports Pavillion,53.6660792,-1.5240894,,clubhouse,,,,,Horbury Road,Wakefield,,WF2 8LG,
way,247577819,Gathurst Golf Club,53.5669597,-2.7043335,golf_course,,,https://gathurstgc.co.uk/,+44 1257 255882;+44 1257 255235,,Miles Lane,Wigan,,WN6 8EW,
way,219596263,Gatley Golf Club,53.3813107,-2.2333668,golf_course,,,,,,,,,,
way,268697428,Gatton Manor Golf Course,51.1406053,-0.384446,golf_course,,,,,,,,,,
way,119520874,Gaudet Luce Golf Course,52.257626,-2.1306399,golf_course,,,,,,,,,,
way,451881792,Gedney Hill Golf Club,52.6949199,-0.017649,golf_course,,,,,,,,,,
way,32994926,George Washington Hotel Golf and Spa,54.9276359,-1.530346,golf_course,,,https://www.georgewashington.co.uk/contact/,+44 191 417 8346,,Stone Cellar Road,Washington,,NE37 1PH,
way,708309936,Gerrards Cross Golf Club,51.5986803,-0.5435382,golf_course,,,,,,Chalfont Park,Gerrards Cross,,SL9 0QA,
way,293403943,Ghyll Golf Club,53.9263375,-2.1614852,golf_course,,,https://www.ghyllgolfclub.co.uk/,+44 1282 842466,,Skipton Road,Barnoldswick,,,
way,374396587,Gifford Golf Club,55.8955946,-2.7590832,golf_course,,,https://www.giffordgolfclub.com/,,,,,,,
way,69945285,Gigha Golf Club,55.6852038,-5.739879,golf_course,,,,,,,,,,
relation,18806941,Gilling Castle Golf Club,54.1816701,-1.0689589,golf_course,,,https://www.ampleforthgolf.co.uk/,,,,,,,
relation,3369224,Gillingham Golf Club,51.3759735,0.5674296,golf_course,,,https://www.gillinghamgolfclub.co.uk/,+44 1634 853017,,Woodlands Road,Gillingham,,ME7 2AP,
relation,16672541,Gillyflower Golf,50.4168845,-4.6615494,golf_course,,,,,,,,,,
way,4372808,Girton Golf Club,52.2477832,0.0721862,golf_course,,,,,,,,,,
relation,3339551,Girvan,55.2504345,-4.8534585,golf_course,,,https://www.girvangolf.com/,+44 1465 714 346,,,Girvan,,,
way,88677742,Glamorganshire Golf Club,51.420605,-3.1837644,golf_course,,,https://glamorganshiregolfclub.co.uk,,,Lavernock Road,Penarth,,CF64 5UP,
way,24500750,Glasgow Golf Club (Killermont Course),55.9102801,-4.3012678,golf_course,,,https://www.glasgowgolfclub.com/killermont.asp,+44 141 942 2011,,,"Bearsden, Glasgow",,G61 2TW,
way,41275225,Glasgow Golf Club / Gailes Links,55.5965665,-4.6647232,golf_course,,admin@gaileslinks.co.uk,https://www.gaileslinks.co.uk/,+44 141 942 2011,,Gailes Road,Irvine,,KA11 5AE,
way,118592636,Gleddoch Golf and Spa Resort,55.9157436,-4.5855535,golf_course,,,https://www.gleddoch.com/golf/,,,,,,,
way,144045421,Glen Golf Club,56.0585923,-2.689567,golf_course,,,https://www.glengolfclub.co.uk/,+44 1620892726,enquiries@glengolfclub.co.uk,Tantallon Terrace,North Berwick,,EH39 4LE,
way,4806044,Glen Gorse Golf Club,52.5813672,-1.0686497,golf_course,,,https://www.glengorsegolfclub.co.uk/,+44 116 2713748,,Glen Road,Oadby,,LE2 4RF,
way,244936894,Glenalmond College Golf Course,56.4296991,-3.6789639,golf_course,,,https://www.glenalmondcollege.co.uk/co-curricular/sports/golf-school,,,,,,,
way,543014732,Glenbervie Golf Club,56.0348096,-3.8529536,,clubhouse,,,,,,,,FK5 4SJ,
way,124679402,Glenbervie Golf Course,56.0396092,-3.8496652,golf_course,,,https://www.glenberviegolfclub.com/,,,,,,,
way,52664063,Glencorse Golf Club,55.8478144,-3.1965319,golf_course,,,https://www.glencorsegolfclub.com/,,,,,,,
way,569147030,Glencruitten Golf Club,56.4117457,-5.4533991,golf_course,,,https://www.golfoban.com/,,,,,,,
way,269353306,Gleneagles Golf Resort,56.2791972,-3.7561935,golf_course,,,https://www.gleneagles.com/golf,+44 800 389 3737; +44 1764 662231,resort.sales@gleneagles.com,,Auchterarder,,PH3 1NF,
way,37573505,Glenisla Golf Course,56.6235439,-3.2126765,golf_course,,Alyth Golf Club,https://www.alythgolfclub.co.uk/glenisla-course,+44 1828 632268,info@alythgolfclub.co.uk,,Alyth,,PH11 8JJ,
relation,3350929,Glenrothes Golf Course,56.1869148,-3.2116407,golf_course,,,http://www.glenrothesgolf.org.uk,+44 1592 754561,secretary@glenrothesgolf.org.uk,Golf Course Road,Glenrothes,,KY6 2LA,
relation,18659651,Glens Course,56.6059548,-2.6128609,golf_course,,,,,,,,,,
way,203243723,Glossop & District Golf Club,53.4435256,-1.921776,golf_course,,,,,,Sheffield Road,Glossop,,SK13 7PU,
way,23777839,Gloucester Golf Club,51.8312883,-2.2273811,golf_course,,,https://www.gloucestergolf.com/,+44 1452 411 331,info@gloucestergolf.com,Matson Lane,Gloucester,,GL4 6DX,
relation,13413959,Glyn Abbey Golf Club,51.7405428,-4.2347416,golf_course,,,,,,,,,,
way,111696947,Glyn Abbey Golf Club Clubhouse,51.7376962,-4.2390774,,clubhouse,,http://www.glynabbey.co.uk/,+44 1554 810 278,,,Trimsaran,,SA17 4LB,
way,108589515,Glynhir Golf Club,51.8278775,-3.9687416,golf_course,,,,,,,,,,
way,1210951724,Glynneath Golf Club,51.7597179,-3.5902819,,clubhouse,,,,,,,,,
way,1493724326,Glynneath Golf Club,51.7621034,-3.5804682,golf_course,,,,,,,,,,
way,96309006,Gnoll Pitch & Putt Course,51.6655217,-3.7843402,golf_course,,,,,,,,,,
way,413726095,Gogarburn Golf Club,55.9324917,-3.3472285,,clubhouse,,https://www.gogarburngc.com/,+44 131 600 0145,treasurer@gogarburngc.co.uk,Roddinglaw Road,Newbridge,,EH28 8NN,
way,31473433,Gogarburn Golf Course,55.9339081,-3.3437257,golf_course,,,https://www.gogarburngc.com/,,,Roddinglaw Road,Newbridge,,EH28 8NN,
node,9711623010,Goin' Golf,52.9961163,-2.150506,golf_course,,Goin Golf,,,hello@goingolf.co.uk,King Street,Stoke-on-Trent,,ST4 3ER,
way,387137135,Golf at Roe Valley,55.0381278,-6.9573684,golf_course,,,https://www.roevalleyresort.com/,,,,,,,
way,97565113,Golf Club,56.4844297,-2.9590987,,clubhouse,,,,,,,,,
way,843503570,Golf Club House,51.5132896,-0.4441751,,clubhouse,,https://stockleyparkgolf.co.uk/,,,,,,,
way,62057784,Golf Course Club House,51.6011479,-1.6415717,,clubhouse,,,,,,,,,
way,850467014,Golf Dedication Centre Pitch & Putt,57.7213191,-3.3440253,golf_course,,,,,,,,,,
way,342467343,Golf Hut,59.3678294,-2.4137021,,clubhouse,,,,,,,,,
way,1151682475,Golf Kiosk,52.6848112,-1.8387604,,clubhouse,,,,,,Lichfield,,WS13 6QZ,
way,232575205,Golf Range,52.4868471,-1.3892683,golf_course,,,,,,,,,,
way,608977158,Golf Range,52.2487281,-2.1674213,golf_course,,,,,,,,,,
way,1201036887,Golf365,54.1500841,-6.349611,,clubhouse,,,,,,,,,
node,12534069438,Golfbox,51.4520357,-2.5891742,golf_course,indoor_simulation,,,,,Saint Thomas Street,Bristol,,BS1 6WL,
way,30313963,Golfbug Wast Hills,52.3932366,-1.9490415,golf_course,,,,,,,,,,
node,12558910802,GolfPark - Maresfield,50.9929865,0.0766027,golf_course,,,,,,Michael Way,Maresfield,,TN22 2DU,
way,1344792189,GolfPlex Entertainment Centre,51.4288661,-0.7827518,golf_course,,,https://golfplex.co.uk/,,,,,,,
relation,19023633,Golspie Golf Club,57.9611962,-3.9929705,golf_course,,,https://www.golspiegolfclub.co.uk/,,,,,,,
way,1178411968,Gordonstoun Golf Course,57.7068093,-3.3561432,golf_course,,Gordonstoun School,,,,,,,,
relation,3903936,Goring & Streatley Golf Club,51.5228673,-1.1614415,golf_course,,,https://www.goringgolf.co.uk/,+44 1491 873 229,,Rectory Road,Streatley-On-Thames,,RG8 9QA,
way,50759106,Gorleston Golf Club,52.549948,1.7305405,golf_course,,,,,,,,,,
way,226555403,Gorleston Putting Green,52.5631765,1.7310817,golf_course,,,https://www.greatyarmouthservices.co.uk/open-spaces/book-sports-facilities/gorleston-cliffs-putting-course,,,,,,,
relation,3620592,Gosforth Golf Club,55.0148183,-1.6075767,golf_course,,,https://www.gosforthgolfclub.co.uk/,+44 191 285 3495,,,,,,
way,495456783,Gosling Sports Park,51.7900833,-0.2142406,,clubhouse,,,,,,,,,
way,111461894,Gosport & Stokes Bay Golf Course,50.7768977,-1.1378963,golf_course,,,https://www.gosportandstokesbaygolfclub.co.uk/,,,,,,PO12 2AT,
way,46873682,Goswick Links Golf Club,55.7076357,-1.9206066,golf_course,,,https://www.goswicklinksgc.co.uk/,,,,,,,
way,27126589,Gotts Park Golf Course,53.8048374,-1.5995093,golf_course,,Leeds City Council,https://gottsparkgolfclub.co.uk/,+44 113 231 1896,,,,,,
way,35556208,Gourock Golf Club,55.9464469,-4.8444265,golf_course,,,https://www.gourockgolfclub.com/,,,,,,,
way,761325677,Gourock Golf Club Clubhouse,55.950428,-4.8393975,,clubhouse,,,,,,,,PA19 1HD,
way,42677454,Gower Golf Club,51.6362043,-4.0614009,golf_course,,,https://www.gowergolf.com,+44 1792 872480,info@gowergolf.com,,,,,
way,108892309,Gowerton Pitch and Put,51.6540466,-4.046874,golf_course,,,,,,,,,,
way,298477465,Gracehill Golf Club,55.1411888,-6.3932101,golf_course,,,,,,,,,,
way,1245335279,Grange & Broughty Golf Club,56.4818613,-2.8120304,,clubhouse,,https://grangeandbroughtygc.co.uk/,+44 1382 532948,sec@grangeandbroughtygc.co.uk,Princes Street,Dundee,,DD5 4AW,
way,199550532,Grange Fell Golf Club,54.1959533,-2.9321868,golf_course,,,https://www.grangefellgolfclub.co.uk/,,,,,,LA11 6HB,
way,138508491,Grange Park,53.5250331,-0.6849664,golf_course,,,https://www.grangepark.com/index.php?display=golf,+44 1724 762945,,Butterwick Road,Scunthorpe,,DN17 3PP,
way,30989307,Grange Park Golf Club,53.4453678,-2.7729276,golf_course,,,https://www.grangeparkgolfclub.co.uk/,+44 1744 26318,,Prescot Road,St Helens,,WA10 3AD,
way,96868950,Grange Park Golf Course,53.4423764,-1.4227913,golf_course,,,,,,,,,,
way,70955451,Grange-over-Sands Golf Club,54.2019601,-2.8883403,golf_course,,,https://www.grangegolfclub.co.uk/,,,Meathop Road,Grange-over-Sands,,LA11 6QX,
way,155871834,Grangemouth Golf Club,55.9937844,-3.6905076,golf_course,,,http://www.grangemouthgolfclub.co.uk/,+44 1324 711500,info@grangemouthgolfclub.co.uk,Polmont Hill,Polmont,,FK2 0YA,
way,1029434897,Grangemouth Golf Club,55.9960411,-3.6871978,,clubhouse,,,,,,Falkirk,,FK2 0YA,
way,803782005,Grantown-on-Spey Golf Club,57.3325483,-3.5993546,,clubhouse,,https://grantownonspeygolfclub.com/,,golf@grantownonspeygc.co.uk,,Grantown-on-Spey,,,
way,201077735,Grantown-On-Spey Golf Club,57.3330892,-3.5962832,golf_course,,,http://www.grantownonspeygolfclub.co.uk/,+44 1479 872079,,Golf Course Road,Grantown-on-Spey,,PH26 3HY,
way,123407279,Graves Park Pitch & Putt,53.3338739,-1.4765599,golf_course,,,https://www.sheffield.gov.uk/out--about/leisure/leisure-facilities/outdoor-sports-facilities/mini-golf-putting-prices.html,+44 114 2500500,,Charles Ashmore Road,Sheffield,,S8 8GJ,
relation,3902075,Gravesend Golf Centre,51.422422,0.4054885,golf_course,,,https://www.gravesendgolfcentre.com/,+44 1474 335 002,,Thong Lane,Gravesend,,DA12 4LG,
way,30341399,Great Barr Golf Club,52.5655062,-1.9337666,golf_course,,,https://www.greatbarrgolfclub.co.uk/,+44 121 357 5270;+44 121 357 1232,,Chapel Lane,Walsall,,B43 7BA,
relation,3895686,Great Chart Golf & Leisure,51.1511614,0.8020456,golf_course,,,http://www.shoottheboss.co.uk/,+44 1233 645858,info@shoottheboss.co.uk,Bears Lane,Ashford,,TN23 3BW,
way,76122755,Great Hadham Golf Course,51.8569785,0.0981723,golf_course,,,https://www.greathadham.co.uk/,+44 1279 843558,,Great Hadham Road,Much Hadham,,SG10 6JE,
way,4218918,Great Harwood Golf Club,53.793603,-2.3845151,golf_course,,,http://www.greatharwoodgolfclub.co.uk/,,,,,,,
way,172852726,Great Lever & Farnworth Golf Course,53.5486903,-2.4402914,golf_course,,,,,,,,,,
way,329516279,Great Orme Family Golf,53.3266052,-3.8414307,golf_course,,,,,,,,,,
way,13874029,Great Salterns Golf Course,50.8155957,-1.0467125,golf_course,,,,,,,,,,
way,155012471,Great Torrington Golf Club,50.9604369,-4.1644295,golf_course,,,,,,,,,,
way,232266000,Great Yarmouth and Caister Golf Club,52.6381469,1.7327347,golf_course,,,https://www.caistergolf.co.uk/,,,Yarmouth Road,Caister-on-Sea,,NR30 5TD,
way,154867645,Green Haworth Golf Club,53.7302963,-2.3664029,golf_course,,,https://greenhaworthgolf.co.uk/,,,,,,,
way,39524604,Greenacres Golf Course,54.7284667,-6.0028246,golf_course,,,,,,,,,,
way,386247334,Greenburn Golf Club,55.8239387,-3.7020898,,clubhouse,,https://www.greenburngolfclub.co.uk/,+44 1501 770292,administrator@greenburngolfclub.co.uk,Greenburn Road,Fauldhouse,,EH47 9HJ,
relation,8765825,Greenburn Golf Course,55.8206945,-3.7040941,golf_course,,Greenburn Golf Club,https://www.greenburngolfclub.co.uk/,,,Greenburn Road,Fauldhouse,,EH47 9HJ,
way,209205424,Greenfield Golf Club,52.6359943,-2.1157858,golf_course,,,http://greenfieldgolf.co.uk/,+44 7769690346,,Cat and Kittens Lane,"Bushbury, Wolverhampton",,WV10 7EE,
way,38614094,Greenisland Golf Club,54.7062009,-5.8742655,golf_course,,Greenisland Golf Club,https://www.greenislandgolfclub.co.uk/,+44 2890 862236,info@greenislandgolfclub.co.uk,Upper Road,Greenisland,,BT38 8RW,
way,427039355,Greenisland Golf Club,54.7034088,-5.8767647,,clubhouse,Greenisland Golf Club,,,,Upper Road,Greenisland,,BT38 8RW,
way,943299849,Greenmeadow Golf & Country Club,51.6715801,-2.9976908,golf_course,,,,+44 1633 869321,,Treherbert Road,Cwmbran,,NP44 2BZ,
way,238184046,Greenmount Golf Club,54.6985647,-6.2181897,golf_course,,,,,,,,,,
way,172439679,Greenmount Golf Club,53.6244322,-2.3446351,golf_course,,,http://www.greenmountgolfclub.co.uk/Intro.aspx,+44 1204 883712,,Greenhalgh Fold,Bury,,BL8 4LH,
way,35556491,Greenock Golf Club,55.9508818,-4.7870643,golf_course,,,https://greenockgolfclub.co.uk/,,,,,,,
way,407070431,Greenway Hall Golf Club,53.057861,-2.1205446,golf_course,,,,,,,,,,
way,472722636,Greetham Valley Golf Course,52.7120599,-0.6067837,golf_course,,,https://greethamvalley.co.uk/golf/,,,,,,,
way,332584617,Greys Green Golf Course,51.5330267,-0.9681583,golf_course,,,,,,,,,,
way,8036562,Grims Dyke Golf Club,51.6207519,-0.3631911,golf_course,,,http://www.grimsdyke.co.uk,+44 20 8428 4539,info@grimsdyke.co.uk,Oxhey Lane,Pinner,,HA5 4AL,
way,30750912,Grimsby Golf Club,53.559415,-0.126524,golf_course,,,,,,,,,,
way,23447770,Grovelands Pitch & Putt Course,51.6299009,-0.116942,golf_course,,,http://www.grovelandsgolf.com/,+44 20 8882 6879,,Bourne Hill,London,,N14 6RS,
way,46040701,Grovelands' private golf course,51.6264803,-0.1989253,golf_course,,,,,,,,,,
way,6174650,Guildford Golf Club,51.2399834,-0.5234222,golf_course,,,,,,,,,,
way,156359056,Gullane Childrens Course,56.0330791,-2.8305653,golf_course,,,,,,,,,,
way,1083233390,Gullane Golf Club,56.0304657,-2.845598,golf_course,,,http://www.gullanegolfclub.com,+44 1620 842 255,proshop@gullanegolfclub.com,West Links Road,Gullane,,EH31 2BB,
relation,7633359,Guthrie Castle Golf Course,56.6433018,-2.717256,golf_course,,Guthrie Castle,http://www.guthriecastle.com/tour-the-castle-scottish-event-venue/golf-course/,,,,,,,
way,647742146,GwelanMor Golf Course,50.2523504,-5.2875148,golf_course,,,https://www.gwelanmor.com/,,,,,,,
way,269353317,gWest golf course,56.2719115,-3.7890195,golf_course,,Ochil Developments,https://www.gwest.co.uk/golf.php,,,,,,,
way,234476621,Habberley Golf Club,52.4039853,-2.2924702,golf_course,,,,,,,,,,
way,914374541,Hadden Hill Clubhouse,51.60807,-1.2153471,,clubhouse,,,,,,,,,
way,30746206,Hadden Hill Golf Course,51.6117674,-1.2160785,golf_course,,,,,,,,,,
way,56451887,Haddington Golf Course,55.9572949,-2.7565901,golf_course,,,https://www.haddingtongolf.co.uk/,,,,,,,
way,3819393,Hadley Wood Golf Course,51.6615782,-0.1627983,golf_course,,,,,,,,,,
way,67724036,Haggerston Castle Golf Course,55.6896432,-1.9212179,golf_course,,,https://haggerstongolf.co.uk/,,,,,,,
way,10112495,Haggs Castle Golf Course,55.8346717,-4.3188784,golf_course,,,https://haggscastlegolfclub.com/,+44 141 427 1157; +44 141 427 3355,secretary@haggscastlegolfclub.com,Dumbreck Road,Glasgow,,G41 4SN,
way,201083574,Hagley Golf & Country Club,52.4363819,-2.0983238,golf_course,,,http://www.hagleygolfandcountryclub.co.uk/,+44 1562 883 701,enquiries@HagleyGCC.co.uk,Wassell Grove Lane,Hagley,,DY9 9JW,
way,250024088,Haigh Hall (9 Hole),53.5766376,-2.6153129,golf_course,,,,,,,,,,
relation,10795790,Haigh Hall Golf Course,53.571055,-2.6123626,golf_course,,,http://www.haighhall-golfclub.co.uk,+44 1942 833 337,secretary@haighhall-golfclub.co.uk,,Wigan,,WN2 1PE,
way,25925045,Hainault Golf Club,51.6150622,0.1404781,golf_course,,,https://www.hainaultgolfclub.co.uk/,+44 20 8500 2131,enquiries@hainaultgolfclub.co.uk,Romford Road,Chigwell,,IG7 4QW,
way,108014512,Hainsworth Park Golf Club,53.9090808,-0.3112039,golf_course,,,,,,,,,,
way,460351099,Hale Golf Course,53.3652773,-2.3287444,golf_course,,,,,,,,,,
way,34075672,Halesowen Golf Club,52.4562635,-2.0312674,golf_course,,,https://www.halesowengc.co.uk/,+44 121 501 3606,,,,,,
way,109087188,Halesworth Golf Club,52.3302201,1.5226361,golf_course,,Halesworth Golf,https://www.halesworthgolf.co.uk/,+44 1986 875567,info@halesworthgc.co.uk,Bramfield Road,Halesworth,,IP19 9XA,
way,109087253,Halesworth Golf Club House,52.32829,1.515214,,clubhouse,Halesworth Golf,,,,,,,,
way,57898006,Halford Hewitt Golf Course,51.196502,-0.6345401,golf_course,,,,,,,,,,
way,1005943794,Halfway House,51.503468,-3.7011025,,clubhouse,,,,,,,,,
way,1463635902,Halfway House,53.6909595,-2.6730615,,clubhouse,,,,,,,,,
way,473659675,Halifax Bradley Hall Golf Club,53.6798127,-1.8774822,golf_course,,,,,,,,,,
way,196106541,Halifax Golf Club,53.7694497,-1.9121073,golf_course,,,https://www.halifaxgolfclub.co.uk/,+44 1422 240 047;+44 1422 244 171,secretary@halifaxgolfclub.co.uk,Union Lane,Halifax,,HX2 8XR,
way,1464314416,Halkett Course,56.0608137,-3.5031561,golf_course,,Dunfermline Golf Club,,+44 1383 723534,secretary@dunfermlinegolfclub.com,Cairneyhill Road,Crossford,,KY12 8QW,
way,957114441,Hall Garth Hotel golf course,54.5759816,-1.551169,golf_course,,,,,,,,,,
way,124728828,Hallamshire Golf Club,53.3751634,-1.5520833,golf_course,,,,,,Redmires Road,Sheffield,,S10 4LA,
relation,3998401,Hallowes Golf Club,53.2883265,-1.4663146,golf_course,,,https://www.hallowesgolfclub.co.uk/,+44 1246 413734,,Hallowes Lane,Dronfield,,S18 1UR,
way,413917794,Hallowes Golf Clubhouse,53.2929195,-1.4615786,,clubhouse,,,,,,,,,
way,338784897,Haltwhistle Golf Club,54.9839311,-2.5402772,golf_course,,,https://www.haltwhistlegolfclub.co.uk/,,,,,,,
way,338785193,Haltwhistle Golf Club,54.9870952,-2.5408953,,clubhouse,,https://www.haltwhistlegolfclub.co.uk,+44 1697 747367,,,Greenhead,,CA8 7HN,
way,26634395,Ham Manor,50.825132,-0.4928794,golf_course,,,https://www.hammanor.co.uk/,+44 1903 783288,,,,,,
way,26762735,Hamilton Golf Club,55.7569367,-4.0077095,golf_course,,,https://www.hamiltongolfclub.co.uk/,+44 1698 282872,secretary@hamiltongolfclub.co.uk,Carlisle Road,Ferniegair,,ML3 7UE,
way,384088865,Hampstead Golf Club,51.5729538,-0.1750953,,clubhouse,,,,,Winnington Road,,,,
way,9250722,Hampstead Golf Club,51.5754908,-0.1782088,golf_course,,,https://www.hampsteadgolfclub.co.uk/,+44 20 8455 0203,,Winnington Road,London,,N2 0TU,
way,293556109,Hampton Court Palace Golf Club,51.3971113,-0.3269149,golf_course,,,https://www.hamptoncourtgolf.co.uk/,+44 20 8977 2423,hamptoncourtpalace@crown-golf.co.uk,,Kingston,,KT1 4AD,
way,204868682,Hamptworth Golf & Country Club,50.9815985,-1.6634686,golf_course,,,,,,,,,,
way,325915390,Hamworthy Club,50.7792469,-1.9469597,golf_course,,,https://www.hamworthyclub.co.uk/,+44 1202 881922,,,,,,
relation,3923365,Hanbury Manor Marriott Hotel & Country Club,51.8293194,-0.0438607,golf_course,,,https://www.marriott.co.uk/hotels/travel/stngs-hanbury-manor-marriott-hotel-and-country-club/,+44 1920 885000,,,Ware,,SG12 0SD,
way,24513690,Handsworth Golf Club,52.5271939,-1.9464232,golf_course,,,https://www.handsworthgc.co.uk/,+44 121 554 3387,,Sunningdale Close,Birmingham,,B20 1NP,
way,23516929,Hanger Hill Park Pitch & Putt,51.5265764,-0.2959515,golf_course,,,https://www.londonpitchnputt.com/,+44 20 8991 5343,,Hillcrest Road,London,,W5 2JL,
way,297736492,Hanging Heaton Golf Club,53.6982251,-1.6201953,golf_course,,,,,,,,,,
way,372465446,Hankley Common Golf Club,51.1717204,-0.7414484,golf_course,,,https://www.hankley.co.uk/,+44 1252 797717;+44 1252 793761;+44 1252 7924 93,,,,,,
way,128989909,Happy Valley Pitch & Putt,51.8037154,1.1761491,golf_course,,Tendring District Council,https://www.tendringdc.gov.uk/node/2657/view,+44 1255 686688,,Holland Road,Clacton-on-Sea,,CO15 6PD,
way,27116514,Harborne Church Farm 9 Hole Golf Course,52.4517679,-1.9639524,golf_course,,Birmingham City Council,,,,,,,,
way,28285387,Harborne Golf Club,52.4514147,-1.9714447,golf_course,,,,,,,,,,
way,121391556,Harburn Golf Club,55.8315343,-3.5421043,golf_course,,,https://harburngolfclub.co.uk/,+44 1506 871131,,,Harburn,,EH55 8RS,
way,88288242,Harewood Downs Golf Course,51.6511304,-0.5767964,golf_course,,,,,,,,,,
way,423224230,Harleyford Golf Club,51.5595164,-0.8057276,golf_course,,,,,,,,,,
way,416594109,Harleyford Golf Club,51.5548405,-0.8096896,,clubhouse,,,,,,Marlow,,SL7 2SP,
way,786959307,Harpenden Common Golf Club,51.8016945,-0.3491301,,clubhouse,,https://www.harpendencommongolfclub.co.uk/,,,,,,,
way,22776933,Harpenden Common Golf Course,51.7968219,-0.3471043,golf_course,,,,,,Cravells Road,Harpenden,,AL5 1BL,
way,4378308,Harpenden Golf Course,51.7976633,-0.3727283,golf_course,,,https://www.harpendengolfclub.co.uk,+44 1582 712580,office@harpendengolfclub.co.uk,Hammonds End Lane,Harpenden,,AL5 2AX,
way,214098922,Harrison Golf Club,55.9162887,-3.2057032,,clubhouse,,http://harrisongolfclub.org.uk/,+44 131 447 9929,harrisongolfclub@gmail.com,Braid Hills Approach,Edinburgh,,EH10 6JY,
way,75470939,Harrogate Golf Club,54.0027189,-1.4843142,golf_course,,,https://www.harrogate-gc.co.uk/,,,,,,,
way,205828638,Harrogate Golf Club,54.0042388,-1.4911137,,clubhouse,,,,,,,,,
way,4857806,Harrow Hill Golf Course,51.5773148,-0.3281059,golf_course,,,http://www.harrowhillgolfcourse.co.uk/,+44 20 8864 3754,,Kenton Road,Harrow,,HA1 2BW,
way,5197959,Harrow School Golf Course,51.5690218,-0.3336431,golf_course,,,https://www.harrowschool.org.uk/1541/outside-the-classroom/sport/,+44 20 8872 8000,,,,,,
way,243980038,Hart Common Golf Club,53.5373293,-2.5476089,golf_course,,,https://www.hartcommongolfclub.co.uk/,+44 1942 813 195,,Wigan Road,Bolton,,BL5 2BX,
way,5156157,Hartford Golf Club,53.2538806,-2.5495126,golf_course,,,,,,,,,,
way,122391021,Hartland Forest,50.9466546,-4.4244343,golf_course,,,https://hartlandforestgolfclub.co.uk/,,,,,,,
way,165844727,Hartlepool Golf Club,54.7171934,-1.2384031,golf_course,,,https://www.hartlepoolgolfclub.co.uk/,,,,,,,
way,1153607499,Hartlepool Power Station Golf Course,54.6388415,-1.1790843,golf_course,,,,,,,,,,
way,32257162,Hartley Wintney Golf Course,51.3091972,-0.8896072,golf_course,,,,,,,,,,
way,8036569,Hartsbourne Country Club,51.6292564,-0.3553363,golf_course,,,http://www.hartsbournecountryclub.co.uk/,+44 20 8421 7272,office@hartsbournecountryclub.co.uk,Hartsbourne Avenue,Bushey,,WD23 1JW,
way,35948754,Harwich & Dovercourt Golf Club,51.9384419,1.2425673,golf_course,,,,,,,,,,
way,87704394,Harwood Golf Club,53.5998028,-2.3684927,golf_course,,,,,,,,,,
way,8068762,Haste Hill Golf Course,51.5992397,-0.4240683,golf_course,,,,,,,,,,
way,19377103,Hatchford Brook Golf Course,52.456996,-1.7606959,golf_course,,Mytime Active,https://www.mytimeactive.co.uk/golf/centres/hatchford-brook/default.aspx,+44 121 743 9821,hatchfordbrook@mytimeactive.co.uk,Coventry Road,Birmingham,,B26 3PY,
way,206647698,Haverfordwest Golf Club,51.8086021,-4.9400902,golf_course,,,,,,Narberth Road,Haverfordwest,,,
way,111507171,Haverhill Golf Club,52.073723,0.4685108,golf_course,,,http://www.club-noticeboard.co.uk/haverhill/,+44 1440 761951,,,,,CB9 7UW,
relation,18299872,Hawarden Golf Club,53.1795764,-3.0361532,golf_course,,,,,,,,,,
way,973093109,Hawick Golf Club,55.4119114,-2.7999444,,clubhouse,Hawick Golf Club,,,,,Hawick,,TD9 0NY,
way,254491789,Hawick Golf Course,55.4072919,-2.7984823,golf_course,,,https://www.hawickgolfclub.com/,,,,,,,
way,188245745,Hawkesyard Golf Course,52.7422838,-1.9024258,golf_course,,,,,,,,,,
way,89488632,Hawkhurst Golf Club (closed),51.0540874,0.5047472,golf_course,,,,,,,,,,
way,1096330522,Hawkstone Course,52.8610492,-2.6404431,golf_course,,Hawkstone Park,,,,,,,,
way,33815199,Haydock Park Golf Club,53.4642495,-2.6072549,golf_course,,,https://www.haydockparkgc.co.uk/,+44 1925 226 944;+44 1925 228 525,,Newton Lane,Newton-le-Willows,,WA12 0HX,
way,13985237,Hayling Golf Club,50.7901129,-1.0152422,golf_course,,,https://www.haylinggolf.co.uk,+44 23 9246 4491,,Links Lane,Hayling Island,,PO11 0BX,
way,30682742,Hayston Golf Club,55.9426456,-4.1819392,golf_course,,,https://www.haystongolf.com/,,,,,,,
way,5060647,Haywards Heath Golf Course,51.0213624,-0.0983251,golf_course,,,,,,,,,,
way,28284968,Hazel Grove Golf Club,53.3738735,-2.0946783,golf_course,,,,,,,,,,
way,768950217,Hazlehead Golf Club,57.1407749,-2.1793605,,clubhouse,,https://www.hazelheadgolfclub.co.uk/,,,,Aberdeen,,AB15 8BD,
relation,12611363,Hazlehead Golf Course,57.1358399,-2.1892213,golf_course,,,https://www.sportaberdeen.co.uk/hazlehead,+44 1224 321830 (18 hole courses); +44 1224 326293 (9 hole course),information@sportaberdeen.co.uk,Hazlehead Avenue,Aberdeen,,AB15 8BD,
way,97686940,Hazlemere Golf Club,51.6538556,-0.700088,golf_course,,,https://www.hazlemeregolfclub.co.uk/,,,Penn Road,Hazlemere,,HP15 7LR,
way,478119191,Heacham Manor Golf Club,52.920238,0.4856082,golf_course,,,https://www.heacham-manor.co.uk/golf,,,,,,,
way,157769153,Headingley Golf Club,53.8650443,-1.5743605,golf_course,,,,,,,,,,
way,436356032,Headingley Golf Club,53.8582522,-1.5818998,,clubhouse,,,,,Back Church Lane,Leeds,,LS16 8DW,
way,168515341,Headley Golf Course,53.7863302,-1.8538222,golf_course,,,,,,,,,,
way,1395082255,Heads of Ayr Golf Course,55.4299221,-4.6942953,golf_course,,,,,,,,,,
way,163757760,Hearsall Golf Club,52.3929612,-1.5403352,golf_course,,,,,,,,,,
way,82368678,Heaton Mersey Valley Golf Course,53.4084512,-2.2118465,golf_course,,,,,,Battersea Road,Stockport,,SK4 3EA,
way,4995199,Heaton Moor Golf Club,53.4273263,-2.1943277,golf_course,,,,,,,,,,
relation,3996592,Heaton Park Golf Course,53.5382697,-2.2454516,golf_course,,,https://www.heatonparkgolfclub.co.uk/,+44 161 654 9899,secretary@heatonparkgolfclub.co.uk,Middleton Road,Prestwich,,M25 2SW,
way,125000955,Hebden Bridge Golf Club,53.742906,-1.9863852,golf_course,,,https://hebdenbridgegolfclub.co.uk/home,,,,,,,
way,150664050,Hedge End Golf Centre,50.9141738,-1.3167412,golf_course,,,http://www.hedgeendgolfcentre.co.uk/,,,Upper Northam Road,Southampton,,SO30 4EA,
way,1266333791,Hedsor Golf Course,51.5763725,-0.6719051,golf_course,,,,,,Broad Lane,Wooburn Green,,HP10 0JW,
way,1258309364,Hedsor Golf Course Clubhouse,51.5766513,-0.6742435,,clubhouse,,,,,Broad Lane,Wooburn Green,,HP10 0JW,
way,38539122,Helen's Bay Golf Club,54.6705877,-5.736706,golf_course,,,,,,,,,,
way,69594289,Helensburgh Golf Club,56.0135928,-4.707842,golf_course,,thesecretary@helensburghgolfclub.co.uk,https://www.helensburghgolfclub.co.uk/,+44 1436 674173,,East Abercromby Street,Helensburgh,,G84 9HZ,
way,147886533,Hellidon Lakes Golf Club,52.2192397,-1.2639088,golf_course,,,https://hellidonlakeshotel.co.uk,+441327262550,,,Daventry,,NN11 6GG,
way,878405644,Helmsdale Community Golf Club,58.1240738,-3.6585002,golf_course,,,,,,,,,,
relation,3998402,Helsby Golf Club,53.2570809,-2.7730431,golf_course,,,https://www.helsbygolfclub.org/,+44 1928 722021,,Towers Lane,Frodsham,,WA6 0JB,
way,562167265,Helston Golf Course,50.1231643,-5.2635006,golf_course,,,,,,,,,,
relation,546106,Henbury Golf Club,51.4980817,-2.6298448,golf_course,,,,,,,,,,
way,4179926,Hendon Golf Course,51.6026654,-0.2163248,golf_course,,,https://www.hendongolf.com/,+44 20 8346 6023,,,,,,
way,14961385,Henley Golf and Country Club,52.2978806,-1.7876298,,clubhouse,,,,,,,,,
way,379063131,Henley Golf Club,51.519241,-0.9151313,golf_course,,,https://www.henleygc.com/,+44 1491 575710,,Harpsden,Henley-on-Thames,,RG9 4HG,
way,28609841,Henley-in-Arden Golf Course (closed),52.2980487,-1.7915532,golf_course,,,,,,,,,,
relation,16032513,Henlle Park,52.9077736,-3.0367711,golf_course,,,,,,,,,,
way,323120784,Henllys Golf Club,53.2792415,-4.1012157,golf_course,,,https://www.henllysgolfclub.co.uk/,,,,,,,
way,518916680,Henllys Golf Club,53.2745592,-4.0994538,,clubhouse,,,,,Henllys Lane,Beaumaris,,LL58 8HU,
way,1282610750,Hennerton Golf Club,51.5160988,-0.8643053,golf_course,,,,,,,,,,
way,413719700,Henstridge Golf & Leasure,50.9839817,-2.3687528,golf_course,,,,,,,,,,
way,332125119,Herefordshire Golf Club,52.1251057,-2.8265356,golf_course,,,https://www.herefordshiregolfclub.co.uk/,+44 1432 830219;+44 1432 830465,,,,,,
way,159639207,Heron's Brook,51.790863,-4.748033,golf_course,,,,,,,,,,
way,102779097,Heron's Reach Golf Course,53.8164582,-3.0030836,golf_course,,,https://www.village-hotels.co.uk/hotels/blackpool/golf,+44 871 222 4616,,East Park Drive,Blackpool,,FY3 8LL,
way,212549661,Hersham Golf Club,51.3738382,-0.3841444,golf_course,,,http://www.hershamgolf.com/,+44 1932 267666,,Assher Road,Walton-on-Thames,,KT12 4RA,
way,24415869,Hesketh Golf Club,53.6656441,-2.9836693,golf_course,,,https://www.heskethgolfclub.co.uk/,+44 1704 536897,,,Southport,,PR9 9QQ,
way,345741866,Hessle Golf Club,53.7720074,-0.4854456,golf_course,,,,,,,,,,
way,25630303,Heswall Golf Course,53.3104717,-3.0945004,golf_course,,,https://www.heswallgolfclub.com/,,,,,,,
way,5069096,Hever Castle Golf Club,51.1947378,0.1203569,golf_course,,,,,,,,,,
way,26447136,Heworth Golf Club,54.9410917,-1.5256587,golf_course,,,https://www.theheworthgolfclub.co.uk/,+44 191 4699832,,Gingling Gate,Gateshead,,NE10 8XY,
relation,1596150,Heworth Golf Course York,53.9722688,-1.0644009,golf_course,,,https://www.heworthgolfclub.co.uk/,+44 1904 426156,heworthgc@tiscali.co.uk,Muncastergate,York,,YO31 9JY,
way,106619047,Hexham Golf Club,54.9789141,-2.1206692,golf_course,,,https://www.hexhamgolf.co.uk/,+44 1434 603072,info@hexhamgolf.co.uk,Spital Park,Hexham,,NE46 3RZ,
way,1381290849,Hexham Golf Club,54.9797442,-2.1154287,,clubhouse,,https://www.hexhamgolf.co.uk/,,,Spital Lane,Hexham,,NE46 3RZ,
way,38774704,Heydon Grange Golf & Country Club,52.0633525,0.0681387,golf_course,,,https://www.heydongrangegolf.co.uk/,,,,Royston,,SG8 7NS,
way,27716782,Heyrose Golf Club,53.3114704,-2.4439692,golf_course,,,,,,,,,,
way,93867778,Heyrose Golf Club,53.3112799,-2.4452562,,clubhouse,,,,,Budworth Road,,,,
way,94004565,Heysham Golf Club,54.0298389,-2.9003774,golf_course,,,https://www.heyshamgolfclub.co.uk/,+44 1524 851011,,Trumacar Park,Lancaster,,LA3 3JH,
node,3552184154,Heythrop Park Golf,51.9368314,-1.4717766,golf_course,,,,,,,,,,
way,91806500,Hickleton Golf Club,53.5465612,-1.2783217,golf_course,,,,,,,,,,
way,253235071,High Beech Golf Course,51.6691508,0.0322901,golf_course,,,,,,,,,,
relation,19543943,High Elms Golf Club,51.3471954,0.0722209,golf_course,,,,,,,,,,
way,23066171,High Gosforth Park Golf Club,55.0364772,-1.6041017,golf_course,,,https://www.newcastle-racecourse.co.uk/golf/welcome,,,,,,,
way,294292826,High Legh Park Golf Course,53.3519603,-2.4407803,golf_course,,,,,,,,,,
way,302250288,High Melton Golf Course,53.5079035,-1.2352201,golf_course,,,,,,,,,,
relation,18023684,High Post Golf Club,51.131386,-1.7806846,golf_course,,,http://www.highpostgolf.co.uk/,,,,Salisbury,,SP4 6AT,
way,33856005,High Throston Golf Course,54.6978824,-1.2583461,golf_course,,,,,,,,,,
way,441532197,Highbullen Golf Course,50.967033,-3.9230628,golf_course,,,,,,,,,,
way,188280494,Highcliffe Castle Golf Club,50.7396494,-1.7164917,,clubhouse,,https://www.highcliffecastlegolfclub.co.uk/,+44 1425 272210,,Lymington Road,Highcliffe,,BH23 4LA,
way,188280503,Highcliffe Castle Golf Club,50.7383648,-1.7201378,golf_course,,,https://www.highcliffecastlegolfclub.co.uk/,+44 1425 272210,,Lymington Road,Highcliffe,,BH23 4LA,
way,275731665,Highfield Golf Course,53.6925788,-2.5875608,golf_course,,,https://highfieldgolfcourse.co.uk/,,,,,,,
way,4377803,Highgate Golf Club,51.5785493,-0.1634571,golf_course,,,https://www.highgategc.co.uk/,+44 20 8340 1906,,Denewood Road,London,,N6 4AH,
way,321320777,Highlands End Holiday Park Pitch & Putt,50.7191374,-2.7758359,golf_course,,Highlands End,http://www.highlandsendholidaypark.co.uk/,+44 1308 422139,,,,,,
way,28914911,Highwoods Golf Club,50.8542887,0.4438203,golf_course,,,http://www.highwoodsgolfclub.co.uk/,+44 1424 212625,highwoods@btconnect.com,Ellerslie Lane,Bexhill-on-Sea,,TN39 4LJ,
way,28944734,Highwoods Golf Club Clubhouse,50.8561002,0.4504526,,clubhouse,,http://www.highwoodsgolfclub.co.uk/,+44 1424 212625,highwoods@btconnect.com,Ellerslie Lane,Bexhill-on-Sea,,TN39 4LJ,
way,19786966,Hilden Golf Centre,51.2121589,0.2302013,golf_course,,,,,,,,,,
way,292613949,Hill Barn Golf Club,50.8414936,-0.3776223,golf_course,,,https://hillbarngolf.com/,+44 1903 237301,,Hill Barn Lane,Worthing,,BN14 9QF,
way,675243310,Hill Valley Golf,54.7919683,-7.4856932,golf_course,,,,+44 28 8165 9599,,Peacock Road,Strabane,,BT82 9NN,
way,152965618,Hillies Golf Club,53.514241,-1.4015118,golf_course,,,,,,,,,,
way,44772410,Hillingdon Golf Course,51.5379074,-0.4646046,golf_course,,,,,,,,,,
relation,3996612,Hillsborough Golf Club,53.4171898,-1.5368171,golf_course,,,https://www.hillsboroughgolfclub.co.uk/,+44 114 229 4100;+44 114 234 9151;+44 114 229 4103,admin@hillsboroughgolfclub.co.uk,Worrall Road,Sheffield,,S6 4BE,
way,25720410,Hillside Golf Club,53.6150934,-3.0373165,golf_course,,,https://www.hillside-golfclub.co.uk/,+44 1704 567169;+44 1704 568360,secretary@hillside-golfclub.co.uk,Hastings Road,Southport,,PR8 2LU,
way,369664627,Hillside Golf Club,53.6197942,-3.0274762,,clubhouse,,https://www.hillside-golfclub.co.uk/,,,Hastings Road,Southport,,PR8 2LU,
way,26730460,Hilltop Golf Course (Birmingham City Council),52.5254562,-1.9557947,golf_course,,,https://www.mytimeactive.co.uk/golf/centres/hilltop/default.aspx,+44 121 554 4463,hilltop@mytimeactive.co.uk,Park Lane,Birmingham,,B21 8LJ,
way,87148149,Hilton Park Golf Club,55.9679432,-4.3541768,golf_course,,,https://www.hiltonpark.net/,,,,,,,
way,133434501,Hilton Templepatrick Golf Course,54.707116,-6.1023451,golf_course,,,,,,,,,,
way,94949288,Himley Hall Golf Centre/Club,52.5236118,-2.1592388,golf_course,,,https://www.himleyhallgolfclub.com/,+44 1902 895 207;+44 7775265972,,Himley Road,Dudley,,DY3 4DF,
way,50809287,Hinckley Golf Club,52.5489537,-1.347253,golf_course,,,,,,,,,,
way,23883754,Hindhead Golf Club,51.127303,-0.7657793,golf_course,,,,,,,,,,
way,426757487,Hindley Hall Golf Club,53.549146,-2.5815879,golf_course,,,https://www.hindleyhallgolfclub.co.uk/,,,Hall Lane,Wigan,,WN2 2SQ,
relation,11924705,Hinksey Heights Golf Course,51.7320399,-1.2826276,golf_course,,,https://www.oxford-golf.co.uk/,,,,,,,
relation,7492025,Hintlesham Golf Club,52.0544484,1.0458158,golf_course,,,https://www.hintleshamgolfclub.com/,+44 1473 652761,,George Street,Ipswich,,IP8 3JG,
way,32854336,Hirsel Golf Club,55.6528462,-2.2681246,golf_course,,,,,,,,,,
way,231182207,Hobbs Cross Golf Centre,51.6818037,0.1346143,golf_course,,,https://www.hobbscrossgolfcentre.com/,+44 1992 561 661,,Hobbs Cross Road,Epping,,CM16 7NQ,
way,214782666,Hoburne Holiday Park Bashley,50.7708154,-1.6482177,golf_course,,,https://www.hoburne.com/park-details/hoburne-bashley/facilities,+44 844 288 1915,,Sway Road,New Milton,,BH25 5QS,
way,275893663,Hoburne Holiday Park Doublebois,50.459625,-4.5370658,golf_course,,,https://www.hoburne.com/park-details/hoburne-doublebois,+44 1579 320049,,,Dobwalls,,PL14 6LD,
way,94721733,Hockley Golf Club,51.0390544,-1.3058002,golf_course,,,,,,,,,,
way,850496269,Hoddom Castle Caravan Site golf course,55.0453783,-3.3176843,golf_course,,,https://www.hoddomcastle.co.uk/,,,,,,,
way,225180711,Hoebridge Golf Centre,51.3128962,-0.5286956,golf_course,,,https://www.hoebridgegc.co.uk/,+44 1483 722611,,Old Woking Road,Old Woking,,GU22 8JH,
way,273730357,Hollandbush Golf Course,55.6111932,-3.8902109,golf_course,,,https://www.hollandbushgolfclub.co.uk/,+44 1555 893646,,Acretophead,Lanark,,ML11 0JS,
way,273732939,Hollandbush Golf Course Club House,55.6131951,-3.8861611,,clubhouse,,,,,,,,,
way,16231216,Hollingbury Park Golf Course,50.8544897,-0.1263396,golf_course,,,,,,,,,,
relation,4632866,Hollins Hall Golf Course,53.8625516,-1.7442414,golf_course,,,https://www.marriott.com/hotels/hotel-information/golf-courses/lbags-hollins-hall-marriott-hotel-and-country-club/,+44 1274 534212,,Hollins Hill,Shipley,,BD17 7QW,
way,261632579,Hollinwell,53.0861215,-1.2148988,golf_course,,Notts Golf Club Ltd,https://www.hollinwell.co.uk/,+44 1623 753225,office@hollinwell.co.uk,Derby Road,Nottingham,,NG17 7QR,
way,928846347,Holly Trail Cafe,51.6349846,0.0125199,,clubhouse,,,,,,,,,
way,279821682,Hollycroft Park Pitch & Putt,52.544146,-1.378176,golf_course,,,https://www.hinckley-bosworth.gov.uk/info/200073/parks_and_open_spaces/221/hollycroft_park/4,+44 1455 238141,,,,,,
way,25695095,Hollywood Golf Club,52.3967467,-1.8757673,golf_course,,,http://www.hollywoodgolfclub.co.uk/,+44 121 430 8544,greens@hollywoodgolfclub.co.uk,Hollywood Lane,Birmingham,,B47 5PP,
way,30861406,Holme Hall Golf Course,53.5550806,-0.6162288,golf_course,,,,,,,,,,
way,100009328,Holsworthy Golf Club,50.8133106,-4.392536,golf_course,,,http://www.holsworthygolfclub.co.uk/,+44 1409 253177,info@holsworthygolfclub.co.uk,,Holsworthy,,EX22 6LP,
relation,5465034,Holtye Golf Club,51.1352959,0.0810669,golf_course,,,https://www.holtye.com/,+44 1342 850957;+44 1342 850635,,,,,,
relation,10677648,Holyhead Golf Club,53.2893843,-4.6318634,golf_course,,,https://www.holyheadgolfclub.co.uk/,,,,,,,
way,275828405,Holywell Bay Golf Club,50.3892381,-5.1321219,golf_course,,,https://holywellbaygolf.co.uk/,+44 1637 832916,,,Holywell Bay,,TR8 5PW,
relation,3875755,Holywell Golf Course,53.2636697,-3.2384337,golf_course,,,,,,,,,,
way,38361386,Holywood Golf Course,54.6318501,-5.8299318,golf_course,,,,,,,,,,
way,140949642,Home Park,52.0280483,-1.0192566,golf_course,,,,,,,,,,
relation,18517840,Home Park Golf Course,51.4802665,-0.5956126,golf_course,,,,,,,,,,
way,89808169,Homelands Golf Centre,51.1031653,0.8603174,golf_course,,,,,,,,,,
relation,3883246,Honiton Golf Club,50.7853596,-3.1713796,golf_course,,,https://www.honitongolfclub.co.uk/,+44 1404 44422,secretary@honitongolfclub.fsnet.co.uk,,Honiton,,EX14 9TR,
way,987731160,Hope Park Pitch & Putt,54.5987647,-3.1405364,golf_course,,,https://www.keswick.org/what-to-do/attractions/hope-park/,+44 17687 80844,cafehope@mail.com,Lake Road,Keswick,,,
way,165828259,Hopeman Golf Club,57.7095568,-3.4201135,golf_course,,,http://www.hopemangc.co.uk/,+44 1343 830578,hopemangc@aol.com,Lodge Road,Hopeman,,IV30 5YA,
way,706080341,Hopeman Golf Club Clubhouse,57.7079265,-3.4217159,,clubhouse,,,,,,,,,
way,316263568,Hopton Holiday Village Par 3,52.5451278,1.7290309,golf_course,,,https://www.haven.com/parks/norfolk/hopton/on-the-park/sports-activities.aspx,+44 871 230 2760,,,,,,
way,38547253,Horam Park Golf Club,50.9265663,0.2273653,golf_course,,,https://horamparkgolfclub.co.uk/,+44 1435 813477,,Horam,Chiddingly Road,,TN21 0JJ,
way,98229157,Horne Park Golf Academy,51.177549,-0.0760197,golf_course,,,,,,,,,,
relation,19050669,Hornsea Golf Club,53.8879929,-0.1698659,golf_course,,,https://www.hornseagolfclub.co.uk/,+44 1964 534989,bookings@hornseagolfclub.co.uk,,,,,
relation,6037893,Horsehay Village Golf Centre,52.6678819,-2.4924818,golf_course,,Horsehay Village Golf Club,http://www.horsehayvillagegolfclub.co.uk,,,,,,,
way,218892441,Horsenden Hill Activity Centre,51.5469265,-0.3223811,golf_course,,,,,,,,,,
way,395875445,Horsforth Golf Club,53.8508746,-1.6574098,,clubhouse,,,,,Layton Rise,Leeds,,LS18 5EX,
way,103423984,Horsforth Golf Course,53.8563113,-1.65571,golf_course,,,,,,,,,,
way,406302788,Horsley Lodge Golf Club,52.9915784,-1.4242658,golf_course,,,http://www.horsleylodge.co.uk/,,,Smalley Mill Road,Derby,,DE21 5BL,
way,991211506,Horton Golf Club,50.9144616,-0.2629242,golf_course,,,,,,,,,,
way,23258941,Horton Park Golf Club,51.3555107,-0.283372,golf_course,,,https://hortonparkgolf.com/,+44 20 8393 8400;+44 20 8394 2626,,Hook Road,Epsom and Ewell,,KT19 8QG,
way,750504530,Houghton-le-Spring Golf Club,54.8376708,-1.442717,golf_course,,,http://www.houghtongolfclub.co.uk/,,,,,,,
relation,16019323,Houghwood Golf Course,53.5056445,-2.7264015,golf_course,,,,,,Crank Road,St Helens,,WA11 8RL,
way,113492081,Houldsworth Golf Course,53.4414953,-2.1698285,golf_course,,,,,,,,,,
way,1155660398,Hounslow Golf Park,51.4572978,-0.3939173,golf_course,,,,,,Staines Road,,,TW14 0HH,
way,440206330,Hovenden House Golf Course,52.8147507,0.0712016,golf_course,,,,,,,,,,
way,165756599,Howley Hall Golf Club,53.7253254,-1.6167448,,clubhouse,,,,,Scotchman Lane,Leeds,,LS27 0NX,
way,149780776,Howley Hall Golf Course,53.7262241,-1.614838,golf_course,,,,,,,,,,
way,155010556,Hoylake Golf Club,53.3848745,-3.1776596,golf_course,,Wirral Metropolitan Borough Council,http://www.hoylakegolfclub.com/,+44 151 632 2956,,Carr Lane,Wirral,,CH47 4BA,
way,121897925,Huddersfield Golf Club,53.6711937,-1.8003014,golf_course,,,https://www.huddersfield-golf.co.uk/,,,Lightbridge Road,Huddersfield,,HD2 2EP,
way,7850857,Hull Golf Club,53.7538328,-0.4634045,golf_course,,,,,,,,,,
way,68993206,Humberston Country Club Golf Course,53.5301717,-0.035623,golf_course,,,https://www.virginactive.co.uk/clubs/humberston,+44 1472 211151,,Humberston Avenue,Grimsby,,DN36 4SX,
way,4406179,Humberstone Heights,52.6531123,-1.0837079,golf_course,,,,,,,,,,
way,99714940,Hunley Golf Club,54.5763024,-0.9215377,golf_course,,,https://www.hunleygolf.co.uk/,,,,,,,
relation,10649727,Hunmanby Hall Golf & Leisure,54.1765226,-0.3216225,golf_course,,,,,,Hall Park Road,Filey,,YO14 0HZ,
way,38819964,Hunstanton Golf Club,52.9613791,0.5174025,golf_course,,,,,,,,,,
way,927091264,Hunstanton Putting Green,52.9415131,0.4876705,golf_course,,,,,,,,,,
way,275686688,Huntercombe Golf Club,51.5828599,-1.0271567,golf_course,,,,,,,,,,
way,98996719,Huntly Golf Club,57.4545955,-2.7750134,golf_course,,,https://www.huntlygolfclub.com/,,,,,,,
way,173016778,Huntswood Golf Course,51.5414657,-0.6791287,golf_course,,,,,,,Slough,,SL1 8LS,
way,337832057,Hurdwick Golf Course,50.5691757,-4.1530587,golf_course,,,,,,,,,,
way,343403502,Hurlston Hall Golf Club,53.5908141,-2.9118488,golf_course,,,https://www.hurlstonhall.co.uk/,,,,,,,
way,57897858,Hurtmore Golf Club,51.2020768,-0.6447896,golf_course,,,,,,,,,,
way,30800473,Huyton & Prescot Golf Club,53.4207359,-2.8190723,golf_course,,,https://www.huytonandprescotgolf.co.uk/,+44 151 489 3948,secretary@huytonandprescotgolf.co.uk,Fairway,Huyton-with-Roby,,L36 1UA,
way,92613346,Hylands Golf Complex & Academy,51.7004013,0.426785,golf_course,,,,,,,,,,
way,35434418,Ifield Golf and Country Club,51.115938,-0.234726,golf_course,,,,,,Rusper Road,Ifield,,RH11 0LN,
relation,14104649,Ilford Golf Club,51.5617846,0.0569362,golf_course,,,https://www.ilfordgolfclub.co.uk/,,,Albatross Lane,Ilford,,IG1 3FL,
relation,3346811,Ilkley Golf Club,53.9344986,-1.8486513,golf_course,,,https://www.ilkleygolfclub.co.uk/,+44 1943 600214,honsec@ilkleygolfclub.co.uk,Nesfield Road,Ilkley,,LS29 0BE,
way,95629342,Ilkley Golf Club,53.9331989,-1.8381631,,clubhouse,,https://www.ilkleygolfclub.co.uk/,,,Nesfield Road,Ilkley,,LS29 0BE,
way,183830685,Illfracombe Golf Club,51.2106112,-4.0871029,golf_course,,,https://ilfracombegolfclub.com/,,,,,,,
way,307373197,Immingham Golf Club,53.6223797,-0.2277532,golf_course,,,http://www.immgc.co.uk/,+44 1469 571 332;+44 1469 575 298,,St Andrews Lane,Immingham,,DN40 2EU,
way,423953241,Inchmarlo Golf Resort,57.0589054,-2.5339817,golf_course,,,https://www.inchmarlogolf.co.uk/,,,,,,,
node,10955764049,Indoor Golf at Redz,51.6446442,-3.0197413,golf_course,,,,+44 1633 484 437,redzsnooker@gmail.com,Oldbury Road,Cwmbran,,NP44 3JU,
way,96399792,Ineos Golf Club,54.600373,-1.5935996,golf_course,,,https://ineosgolfclub.webs.com/,+44 1325 303585,,School Aycliffe Lane,Newton Aycliffe,,DL5 6EA,
node,12921280617,Infinity Golf Studio,52.5398148,-2.3398279,golf_course,,,,+441746572972,info@infinitygolfstudio.co.uk,,Bridgnorth,,WV15 5PG,
way,83204565,Ingestre Park Golf Club,52.8148699,-2.0341286,golf_course,,,,,,,,,,
way,87137576,Ingleby Barwick Golf Academy,54.5327333,-1.3287927,golf_course,,,https://www.inglebygolf.co.uk/,+44 1642 765000,,Lullingstone Crescent,Stockton-on-Tees,,TS17 5GJ,
way,162348173,Ingon Manor Golf & Country Club,52.2177872,-1.692971,golf_course,,,http://www.ingonmanor.co.uk/,+44 1789 731 857,,,Snitterfield,,CV37 0QE,
way,183480485,Ingrebourne Links Golf Course,51.513613,0.2309576,golf_course,,,,,,,,,,
way,159880819,Innerleithen Golf Club,55.6398916,-3.0577668,golf_course,,,http://www.innerleithengolf.co.uk/,+44 1896 830951,,Leithen Road,Innerleithen,,EH44 6NL,
way,286516256,Insch Golf Club,57.3458811,-2.616363,,clubhouse,,,,,,Insch,,,
relation,3365407,Insch Golf Club,57.3425324,-2.6266426,golf_course,,,https://www.inschgolfclub.co.uk/,+44 1464 820363,,Golf Terrace,Insch,,AB52 6JY,
way,264892262,Inverallochy Golf Club,57.668496,-1.9195754,golf_course,,,https://www.inverallochygolfclub.com/,,,,,,,
way,250690952,Inveraray Golf Club,56.2236182,-5.0856007,golf_course,,,,+44 1499 302511,,Lochgilphead Road,Inveraray,,PA32 8XT,
way,117871361,Invergordon Golf Club,57.6944625,-4.1909977,golf_course,,,https://invergordongolf.co.uk/,,,,,,,
way,470349679,Invergordon Golf Club,57.6918362,-4.1879026,,clubhouse,,https://invergordongolf.co.uk/,,,King George Street,Invergordon,,IV18 0BD,
way,127471748,Inverness Golf Club,57.4730589,-4.2024873,,clubhouse,,,,,,,,,
relation,3351012,Inverness Golf Club,57.4731017,-4.2040028,golf_course,,,https://www.invernessgolfclub.co.uk/,+44 1463 239882,manager@invernessgolfclub.co.uk,Culcabock Road,Inverness,,IV2 3XQ,
way,104374635,Inverurie Golf Club,57.2796134,-2.3926654,golf_course,,,https://www.inveruriegolfclub.co.uk/,,,,,,,
way,104387366,Inverurie Golf Club,57.2806559,-2.3964494,,clubhouse,,,,,,Inverurie,,AB51 5JB,
node,7710836538,Iona Golf Course,56.3274796,-6.4170489,golf_course,,,,,,,,,,
way,361708469,Ipswich Golf Club,52.0432096,1.2175447,golf_course,,,https://www.ipswichgolfclub.com/,,,Bucklesham Road,Ipswich,,IP3 8UQ,
way,483675566,Irvine Golf Club,55.6255956,-4.6891705,golf_course,,,https://www.theirvinegolfclub.co.uk/,,,,,,,
way,552460847,Irvine Ravenspark Golf Club,55.632177,-4.6821751,golf_course,,,https://www.irgc.co.uk/,,,,,,,
relation,18993779,Isle of Eriska Golf Club,56.5340904,-5.4137376,golf_course,,,,,,,,,,
relation,3883326,Isle of Purbeck Golf Club,50.6354614,-1.9784338,golf_course,,,https://www.purbeckgolf.co.uk/,+44 1929 450 354;+44 1929 450 361,,,Studland,,BH19 3AB,
way,810833018,Isle of Purbeck Golf Course,50.6403428,-1.9823864,golf_course,,,,,,,,,,
way,264435988,Isle of Skye Golf Club,57.3112957,-6.0917929,golf_course,,,https://www.isleofskyegolfclub.co.uk/,,,,,,,
way,129889596,Isle of Wedmore Golf Course,51.2372593,-2.8138999,golf_course,,,,,,,,,,
way,232635244,Isles of Scilly Golf Club,49.9273919,-6.3081323,golf_course,,Isles of Scilly Golf Club,https://islesofscillygolfclub.co.uk/,,,,,,,
way,127674331,Iver Golf Club,51.512399,-0.5339507,golf_course,,,http://www.ivergolfclub.co.uk/,+44 1753 655 615,,Hollow Hill Lane,Iver,,SL0 0JJ,
way,88384532,Ivinghoe Golf Club,51.8406602,-0.6293652,golf_course,,,https://ivinghoegolfclub.co.uk/,+44 1296 668696,info@ivinghoegolfclub.co.uk,Wellcroft,Leighton Buzzard,,LU7 9EF,
way,126110985,Ivyleaf Golf Course,50.8510988,-4.5064977,golf_course,,,,,,,,,,
way,1486541061,Jacobsen Golf Course,52.0325871,1.2130377,golf_course,,Jacobsen,,,,,,,,
way,818459276,JCB Golf & Country Club,52.9437734,-1.8609118,golf_course,,JCB,https://www.jcbgolfandcountryclub.com,,,Hollington Road,Uttoxeter,,ST14 5HY,
way,248657713,Jedburgh Golf Course,55.4719897,-2.583238,golf_course,,,https://www.jedburghgolfclub.co.uk/,+44 1830 520818,info@jedburghgolfclub.co.uk,Dunion Road,Jedburgh,,TD8 6TA,
way,44449093,John O'Gaunt Golf Course,52.1167748,-0.2228086,golf_course,,,,,,,,,,
way,200434949,John Reay Golf Centre,52.4451953,-1.5382384,golf_course,,,https://www.johnreaygolf.com/,+44 24 7633 3920,,,,,,
way,107098835,John White Golf Course,52.2722871,-0.5816606,golf_course,,,,,,,,,,
way,68283454,Jubilee Course,56.3560641,-2.8156317,golf_course,,St Andrews Links Trust,http://www.standrews.org.uk/Play/Courses/Jubilee-Course,+44 1334 466 666;+44 1334 466 718,reservations@standrews.org.uk,West Sands,St Andrews,,KY16 9XL,
relation,946885,Kedleston Park Golf Club,52.9630164,-1.5269622,golf_course,,,https://www.kedlestonparkgolfclub.co.uk/,,,Kedleston Road,Derby,,DE22 5JD,
way,90936468,Keighley Golf Course,53.8888137,-1.9148273,golf_course,,,https://www.keighleygolfclub.com/,,,,,,,
way,115610412,Keith Golf Club,57.5411905,-2.9710949,golf_course,,,http://www.keithgolfclub.co.uk/,+44 1542 882469,secretary@keithgolfclub.co.uk,Fife Park,Keith,,AB55 5EB,
way,410793945,Kelly Castle golf course,56.5508195,-2.6401803,golf_course,,,,,,,,,,
relation,1925100,Kelso Golf Club,55.6124425,-2.4315147,golf_course,,,https://www.kelsogolfclub.co.uk/,+44 1573 223009,,Golf Course Road,Kelso,,TD5 7SL,
way,961950965,Kemnay Clubhouse,57.2292369,-2.449587,,clubhouse,,,,,,,,,
way,229169984,Kemnay Golf Club,57.2246547,-2.4489646,golf_course,,,https://www.kemnaygolfclub.co.uk/,,,,,,,
way,1486103987,Kempston Course,57.6570484,-3.1691085,golf_course,,,,,,,,,,
way,258735100,Kendal Golf Club,54.3301847,-2.7628347,golf_course,,,https://www.kendalgolfclub.co.uk/,+44 1539 733708,,The Heights,Kendal,,,
way,217775138,Kendleshire Golf Club,51.5118633,-2.4770237,golf_course,,,,,,,Bristol,,BS36 2XG,
way,361869935,Kenilworth Golf Club,52.3525517,-1.5468051,golf_course,,,https://www.kenilworthgolfclub.co.uk/,+44 1926 512732;+44 1926 858517,,Crewe Lane,Kenilworth,,CV8 2EA,
way,5080936,Kent & Surrey Golf & Country Club,51.201982,0.0425917,golf_course,,,,,,,Edenbridge,,TN8 5LQ,
way,1050545779,Kenwick Park Golf Club Ltd,53.3397186,0.0268026,golf_course,,,,,,,,,,
way,983910657,Kenyon Hall,53.4579742,-2.5355158,,clubhouse,,,,,,,,,
way,305873831,Keswick Golf Club,54.6186464,-3.0318237,golf_course,,,https://www.keswickgolfclub.com/,,,,Threlkeld,,CA12 4SX,
way,116520190,Kettering Golf Club,52.3835528,-0.7449412,golf_course,,,,,,,,,,
way,107472056,Kibworth Golf Club,52.5291386,-0.9837628,golf_course,,,https://www.kibworthgolfclub.co.uk/,+44 116 2792301,,,,,,
way,117936271,Kilbirnie Place Golf Club,55.7498337,-4.7014743,golf_course,,,https://www.kilbirnieplacegc.co.uk/,,,,,,,
relation,4554384,Kilkeel Golf Course,54.0745008,-6.0480635,golf_course,,,,,,,,,,
way,938110853,Killermont House,55.9083622,-4.3022207,,clubhouse,Glasgow Golf Club,,,,,Glasgow,,G61 2TW,
way,250703808,Killin Golf Club,56.4787387,-4.3187317,golf_course,,,https://www.killingolfclub.co.uk/,+44 1567 820312,,Aberfeldy Road (A827),Killin,,FK21 8TX,
way,930672089,Killin Golf Course Clubhouse,56.4788141,-4.3213882,,clubhouse,,,,,,,,,
way,157822903,Killiow Country Club,50.2382751,-5.0796366,golf_course,,,,,,,,,,
way,252652594,Killymoon Golf Club,54.6341384,-6.724629,golf_course,,,https://www.killymoongolfclub.com/,+44 28 867 63762,,,,,,
way,768628521,Kilmacolm Golf Club,55.8894877,-4.6081186,golf_course,,,https://www.kilmacolmgolfclub.com/,,,,,,,
way,248434900,Kilmarnock Golf Club Barassie Links,55.5703741,-4.6496472,golf_course,,,https://www.kbgc.co.uk/,+44 1292 313920,golf@kbgc.co.uk,Hillhouse Road,Barassie,,KA10 6SY,
way,1230344148,Kilrea Golf Course,54.9424681,-6.5553824,golf_course,,,https://kilreagolfclub.com/,,,,,,,
way,939545275,Kilspindie Golf Club,56.0096657,-2.881928,golf_course,,,http://kilspindiegolfclub.co.uk/,+44 1875870358,bookingenquiry@kilspindiegolfclub.co.uk,,Aberlady,,EH32 0QD,
way,197810448,Kilsyth Lennox Golfcouse,55.9864799,-4.0481267,golf_course,,,https://www.kilsythlennox.com/,,,,,,,
way,28998577,Kilton Forest Golf Club,53.3144214,-1.1011021,golf_course,,,"https://www.bassetlaw.gov.uk/sports,_leisure_and_culture/leisure_centres/kilton_forest_golf_club.aspx",+44 1909 481592;+44 1909 511300,,Blyth Road,Worksop,,S81 0TL,
way,95132219,Kilworth Springs,52.4358357,-1.0966875,golf_course,,,https://www.kilworthsprings.co.uk/,+44 1858 575082,,South Kilworth Road,North Kilworth,,LE17 6HJ,
way,44014848,King James VI Golf Club,56.383541,-3.4203954,golf_course,,,https://www.kingjamesvi.co.uk/,+44 1738 632460,enquiries@kingjamesvi.com,Moncreiffe Island,Perth,,PH2 8NR,
node,13037264301,King Robert the Bruce,55.3175053,-4.8325934,golf_course,,,,,,,,,,
relation,3351354,King's Acre Golf Course,55.8905139,-3.1184027,golf_course,,,https://www.kings-acregolf.com/,+44 131 663 3456,,Melville Mains,Lasswade,,EH18 1AU,
relation,3346234,King's Golf Club,57.4632567,-4.260214,golf_course,,,https://www.kingsgolfclubinverness.co.uk/,+44 1463 225651,info@kingsgolfclubinverness.co.uk,Glenurquhart Road,Inverness,,IV3 8JN,
way,392839820,King's Lynn Golf Club,52.7864642,0.4527916,,clubhouse,,,,,,,,,
way,370188680,Kingarrock Hickory Golf Course,56.2926992,-3.0038618,golf_course,,The National Trust for Scotland,https://www.nts.org.uk/visit/places/hill-of-tarvit-mansion/highlights/kingarrock-hickory-golf,,,,,,,
way,200059490,Kingfishers at Cretingham Country Park,52.2012465,1.2676163,golf_course,,,http://www.cretinghamgolfclub.co.uk/,+44 1728 685 275,,Cretingham,Woodbridge,,IP13 7BA,
way,389939977,Kinghorn Golf Club,56.0674393,-3.1797559,,clubhouse,,http://www.kinghorngolfclub.co.uk/,+44 1592 890345,,Burntisland Road,Kinghorn,,KY3 9RS,
way,161947849,Kinghorn Golf Course,56.0680452,-3.1848118,golf_course,,Fife Golf Trust,https://www.fifegolftrust.co.uk/our-courses/kinghorn,+44 1592 890345,,Burntisland Road,Kinghorn,,KY3 9RS,
way,94440441,Kings Hill Golf Club,51.26499,0.4011446,golf_course,,,,,,,,,,
way,137215591,Kings Links Golf Course,57.1664695,-2.0830734,golf_course,,,https://www.sportaberdeen.co.uk/kings-links,+44 1224 632269,information@sportaberdeen.co.uk,Golf Road,Aberdeen,,AB24 5QB,
way,29141311,Kings Norton Golf Course,52.371674,-1.9068388,golf_course,,,,,,,,,,
way,38773484,Kings Parade Gardens Pitch & Putt,53.4392681,-3.0540005,golf_course,,Wirral Metropolitan Borough Council,,+44 151 638 5913,,,,,,
way,636044440,Kingsbarns Golf Links,56.2994358,-2.6413124,golf_course,,info@kingsbarns.com,https://www.kingsbarns.com/,+ 44 1334 460860,,,Kingsbarns,,KY16 8QD,
way,105860003,Kingsdown Golf Club,51.4050142,-2.2658163,golf_course,,,https://www.kingsdowngolfclub.co.uk/,,,,,,,
relation,18140844,Kingsdown Golf Club Academy Course,51.3984764,-2.2626045,golf_course,,Kingsdown Golf Club,,,,,,,,
way,277237873,Kingsfield Golf Course,55.9840472,-3.5543971,golf_course,,,https://www.kingsfieldgolf.com/,+44 1506 671607,,,,,,
way,231067780,Kingsknowe Golf Club,55.9139881,-3.2625327,,clubhouse,,https://www.kingsknowe.com/,+44 131 441 1145,,Lanark Road,Edinburgh,,EH14 2JD,
way,4891786,Kingsknowe Golf Course,55.9147997,-3.2702621,golf_course,,,https://www.kingsknowe.com/,,,,,,,
way,60799235,Kingsthorpe Golf Course,52.2601758,-0.8875037,golf_course,,,https://www.kingsthorpe-golf.co.uk/,,,,,,,
way,25571283,Kingsway Cambridge Lakes Golf Course,52.1868086,0.1158975,golf_course,,,https://www.kingswaygolfcentre.co.uk/cambridge/,,,Trumpington Rd,Cambridge,,CB2 8FA,
way,239063529,Kingsway Golf Centre Biggleswade,52.0905761,-0.2777884,golf_course,driving_range,,https://www.kingswaygolfcentre.co.uk/biggleswade/,+44 1767 318040;+44 8444 99 2169,,Hill Lane,Biggleswade,,SG18 9AY,
way,5106693,Kingsway Golf Club,52.0901039,0.0410121,golf_course,,,https://www.kingswaygolfcentre.co.uk/,+44 1763 262727;+44 1763 262943,,Cambridge Road,Cambridge,,SG8 6EY,
way,42935116,Kingswood Golf & Country Club,51.2863054,-0.2014815,golf_course,,,,,,,,,,
way,112325926,Kingswood Golf Centre,53.5977498,-0.9808012,golf_course,,,https://www.kingswoodgolfcentre.co.uk/,+44 1405 741343,,Thorne Road,Doncaster,,DN7 6EP,
way,320947398,Kingussie Golf Club,57.0914782,-4.0529104,golf_course,,,https://kingussiegolfclub.co.uk/,,,,,,,
way,577555146,Kingussie Golf Club,57.0881187,-4.0550816,,clubhouse,,,,,,,,,
way,105831054,King’s Lynn Golf Club,52.7844443,0.4547106,golf_course,,,http://www.club-noticeboard.co.uk/kingslynn/,+44 1553 631654,secretary@kingslynngc.co.uk,Castle Rising Road,King's Lynn,,PE31 6BD,
way,1377485551,Kinloss Golf Course,57.6513225,-3.515943,golf_course,,,,,,,,,,
way,281159900,Kinmel Park Golf Club,53.2726194,-3.5168172,golf_course,,,,,,,,,,
way,60542640,Kinross Golf Club,56.209019,-3.4217296,,clubhouse,,https://www.kinrossgolfclub.co.uk/,+44 1577 862237,,Beeches Park,Kinross,,KY13 8EU,
way,1059744517,Kintore Golf Club,57.2431114,-2.3207408,golf_course,,,https://www.kintoregolfclub.net/,,,,,,,
way,7930876,Kippie Lodge Sports & Leisure,57.1033804,-2.2531968,golf_course,,,http://www.kippielodge.com/sports/,+44 1224 732677; +44 1224 734747,,North Deeside Road,Milltimber,,AB13 0AB,
way,4806021,Kirby Muxloe Golf Club,52.6281136,-1.2389754,golf_course,,,https://www.kirbymuxloe-golf.co.uk/,+44 1162 392813;+44 1162 393457,,Station Road,Kirby Muxloe,,LE9 2EP,
way,252177101,Kirkby Lonsdale Golf Club,54.2351791,-2.5895101,golf_course,,,https://www.kirkbylonsdalegolfclub.com/,,,,,,,
way,81403260,Kirkbymoorside Golf,54.282398,-0.9449585,golf_course,,,https://www.kirkbymoorsidegolf.co.uk/,+44 1751 431525,,Manor Vale,York,,YO62 6EG,
way,439956168,Kirkcaldy Golf Club,56.1004374,-3.1774005,,clubhouse,,,,,,,,,
way,128632438,Kirkcaldy Golf Club,56.099545,-3.1928622,golf_course,,,https://www.kirkcaldygolfclub.co.uk/,+44 1592 205240,enquiries@kirkcaldygolfclub.co.uk,Balwearie Road,Kirkcaldy,,KY2 5LT,
way,723323538,Kirkcudbright Golf Course,54.8436283,-4.0353185,golf_course,,,https://www.kirkcudbrightgolf.co.uk/,,,,,,,
way,178940835,Kirkhill Golf Club,55.800977,-4.1655419,golf_course,,,https://www.kirkhillgolfclub.org.uk/,,,,,,,
way,175591550,Kirkintilloch Golf Club,55.9490797,-4.1707468,golf_course,,,https://www.kirkintillochgolfclub.com/,+44 141 776 1256,secretary_kgc@btconnect.com,Campsie Road,Kirkintilloch,,G66 1RN,
way,404946483,Kirkiston Castle Golf Club,54.439684,-5.4721483,golf_course,,,,,,,,,,
way,404946487,Kirkistown Castle Golf Club,54.4369348,-5.4733197,,clubhouse,,,,,,,,,
way,1377034566,Kirkwood Park,50.6121847,-1.9702827,golf_course,,,,,,,,,,
way,164646125,Kirriemuir,56.6894527,-2.9970034,golf_course,,Kirriemuir Golf Club,https://www.kirriemuirgolfclub.co.uk/,,enquiries@kirriemuirgolfclub.co.uk,Shielhill Road,Kirriemuir,,DD8 4LN,
way,1358156780,Kirriemuir Golf Club,56.6866744,-2.9997844,,clubhouse,,https://www.kirriemuirgolfclub.co.uk/,,enquiries@kirriemuirgolfclub.co.uk,Shielhill Road,Kirriemuir,,DD8 4LN,
way,158184667,Kirtlington Golf Club,51.8690677,-1.2891946,golf_course,,,https://www.kirtlingtongolfclub.com/,+44 1869 351133,info@kirtlingtongolfclub.com,,,,OX5 3JY,
way,117941996,Kirton Holme Golf Club,52.9588319,-0.1167323,golf_course,,,,,,,,,,
relation,19949374,Kittocks Course,56.3212182,-2.7225081,golf_course,,Fairmont St Andrews,https://www.standrewsbay.com/,+44 1334 837023,,Crail road,St Andrews,,KY16 8PN,
relation,20078340,Knaresborough Golf Club,54.0279458,-1.4463338,golf_course,,,https://www.knaresboroughgolfclub.co.uk/,+44 1423 862690,secretary@kgc.uk.com,Boroughbridge Road,Knaresborough,,HG5 0QQ,
way,176583312,Knebworth Golf Course,51.8774559,-0.1958838,golf_course,,,,,,,,,,
way,48754910,Knighton Heath Golf Course,50.7610016,-1.9373184,golf_course,,,,,,,,,,
relation,3998446,Knights Grange Golf Course,53.2016984,-2.5410624,golf_course,,,https://www.brioleisure.org/golf/knights-grange-golf-course,+44 1606 552780,golf@brioleisure.org,Grange Lane,Winsford,,CW7 2PT,
way,119307524,Knightswood Golf Course,55.8931907,-4.3576521,golf_course,,,https://www.glasgowlife.org.uk/sport/our-facilities/golfcourses/knightswood-golf-course,+44 141 276 0700,,Lincoln Avenue,Glasgow,,G13 3DN,
way,119307788,Knightswood Pitch & Putt,55.8988109,-4.3520985,golf_course,,,https://www.glasgowlife.org.uk/sport/our-facilities/pitchandputt/knightswood-park,+44 141 276 0811,,Chaplet Avenue,Glasgow,,,
way,35907102,Knock Golf Club,54.596964,-5.8201647,golf_course,,,,,,,,,,
way,967963258,Knole Park Golf Club,51.2676199,0.2106876,golf_course,,,,,,,,,,
way,809598958,Knott End Clubhouse,53.9267979,-2.9970882,,clubhouse,,,,,Wyre Side,Poulton-le-Fylde,,FY6 0AA,
way,104478407,Knott End Golf Course,53.9207462,-2.9930318,golf_course,,,,,,Wyre Side,Poulton-le-Fylde,,FY6 0AA,
way,66536407,Knotty Hill Golf Centre,54.665189,-1.4664635,golf_course,,,https://www.knottyhill.com/,+44 1740 620320,knottyhill@btconnect.com,,Stockton-on-Tees,,TS21 2BB,
way,70451956,Knowle Golf Club,51.4236749,-2.5488389,golf_course,,,https://www.knowlegolfclub.co.uk/,+44 117 9770660,office@knowlegolfclub.co.uk,The Fairway,Bristol,,BS4 5DF,
relation,17023500,Knutsford Golf Club,53.3138697,-2.3772334,golf_course,,,https://www.knutsfordgolf.com/,,,,,,,
way,782416747,Knutsford Golf Club,53.3082424,-2.3746517,,clubhouse,,,,,Mereheath Lane,Knutsford,,,
way,238227159,KP Club,53.9385665,-0.7575374,golf_course,,,,,,,,,,
way,1378716969,Kyles of Bute Golf Club,55.8880683,-5.2473303,golf_course,,,https://www.kylesofbutegolfclub.co.uk/,+44 1700 811603,,,Kames,,PA21 2BE,
way,154731729,Ladbrook Park Golf Club,52.3456053,-1.8540737,golf_course,,,https://www.ladbrookparkgolf.co.uk/,+44 1564 742264;+44 1564 742581,"secretary@ladbrookparkgolf.co.uk, proshop@ladbrookparkgolf.co.uk",Poolhead Lane,Tanworth in Arden,,B94 5ED,
way,1376091009,Ladies Panmure Golf Club,56.4819154,-2.8129196,,clubhouse,,https://www.ladiespanmuregolf.co.uk/,,ladiespanmuregc@outlook.com,Princes Street,Dundee,,DD5 4AW,
relation,19698190,Ladybank Golf Club,56.2861985,-3.1206887,golf_course,,,https://ladybankgolf.co.uk/,+44 1337 830814,info@ladybankgolf.co.uk,Annsmuir,Ladybank,,KY15 7RA,
way,60797481,Ladybank Golf Club,56.2823099,-3.1245989,,clubhouse,,https://ladybankgolf.co.uk/,+44 1337 830814,info@ladybankgolf.co.uk,Annsmuir,Ladybank,,KY15 7RA,
way,1492248617,Laganview Golf Centre,54.5334976,-6.0127006,golf_course,driving_range,,https://www.laganviewgolfcentre.co.uk/,,,Ballyskeagh Road,Lisburn,,BT27 5SY,
way,115557695,Lakeside Golf Course,51.5507365,-3.7313213,golf_course,,,,,,,,,,
relation,14461450,Lakeside Golf Course,52.573487,-3.1976227,golf_course,,,https://lakesidegolfcourse.co.uk/,,,Brynllwyn Lane,,,SY15 6RU,
relation,3975408,Lakeside Lodge Golf & Country Club,52.3916649,-0.0325055,golf_course,,,http://www.lakeside-lodge.co.uk/,,,,,,,
way,150781481,Lakeside Park,53.441099,0.1630817,golf_course,,,https://www.donamottparks.com/lakeside-park.aspx,+44 1507 358428,,North Somercotes,Louth,,LN11 7RB,
way,1033873611,Laleham Golf Club,51.4049033,-0.4936867,,clubhouse,,,,,,,,,
way,38046170,Lamberhurst Golf Club,51.1005354,0.3977032,golf_course,,,,,,,,,,
way,221470724,Lambourne Golf Club,51.5576155,-0.6627781,golf_course,,,,,,Dropmore Road,Slough,Buckinghamshire,SL1 8NF,
way,376094781,Lamlash Golf Club,55.5456052,-5.1288983,golf_course,,,https://www.lamlashgolfclub.com/,,,,,,,
way,117500566,Lanark Golf Club,55.673316,-3.7462698,golf_course,,,https://www.lanarkgolfclub.co.uk/,+44 1555 663219,lanarkgolfclub@supanet.com,Whitelees Road,Lanark,,ML11 7RX,
way,114665446,Lancaster Golf Club,54.0124226,-2.8217111,golf_course,,,https://www.lancastergc.co.uk/,+44 1524 751247,,Ashton-with-stodday,Lancaster,,LA2 0AJ,
way,262444890,Langdon Hills Golf and Country Club,51.5448708,0.3954275,golf_course,,,https://www.golflangdon.co.uk/,+44 1268 548444,info@golflangdon.co.uk,,,,,
way,798533941,Langholm Golf Club,55.1511422,-2.9905514,golf_course,,,https://www.langholmgolfclub.co.uk/,,,,,,,
way,22821848,Langland Bay Golf Club,51.5678538,-4.0216947,golf_course,,,,,,,,,,
way,31116482,Langlands Golf Club,55.7310074,-4.1739774,golf_course,,,http://langlandsgolfclub.co.uk/,,,,,,,
way,1168898003,Langley Park Golf Club Clubhouse,51.3877737,-0.0074553,,clubhouse,,,+44 20 8658 6849,,Barnfield Wood Road,Beckenham,,BR3 6SZ,
relation,9356589,Langley Park Golf Course,51.3849221,-0.0101046,golf_course,,,,+44 20 8658 6849,,Barnfield Wood Road,Beckenham,,BR3 6SZ,
way,100010214,Lanhydrock Hotel & Golf Club,50.4471685,-4.7180972,golf_course,,,https://www.lanhydrockhotel.com/golf,+44 1208 262 570,info@lanhydrockhotel.com,,Bodmin,,PL30 5AQ,
way,23647832,Lansdown Golf Club,51.4222351,-2.406718,golf_course,,,https://www.lansdowngolfclub.co.uk/,+44 1225 422138,admin@lansdowngolfclub.co.uk,Lansdown Road,,,BA1 9BT,
way,1486321764,Lansdowne Course,56.5680998,-3.3321856,golf_course,,,,,,,,,,
way,104614512,Lansil Golf Club,54.0646215,-2.7791959,golf_course,,,https://www.lansilgolfclub.co.uk/,+44 1524 61233,,,,,,
way,486540952,Largs Golf Club,55.7839733,-4.8561444,,clubhouse,,,,,Irvine Road,,,KA30 8EU,
way,299594415,Largs Golf Course,55.7760285,-4.8514824,golf_course,,,https://www.largsgolfclub.co.uk/,+44 1475 673594,,Irvine Road,Largs,,KA30 8EU,
way,23275565,Larkhall Golf Course,55.7388984,-3.956862,golf_course,,South Lanarkshire Leisure and Culture Limited,https://www.slleisureandculture.co.uk/info/243/larkhall_golf_course,,,Burnhead Road,Larkhall,,ML9 3AA,
way,28072114,Larkstone Pitch & Putt,51.2083716,-4.1072127,golf_course,,,https://www.visitcombemartin.com/larkstone-pitch-and-putt/,+44 1271 855510,,,Ilfracombe,,EX34 9QG,
way,39682094,Larne Golf Club,54.8549321,-5.7784924,golf_course,,,https://www.larnegolfclub.co.uk/,,,,,,,
way,96311510,Lauder Golf Club,55.7092749,-2.7572612,golf_course,,,https://lauder.golf-club.website/website/,,,,,,,
way,337868672,Launceston Golf Club,50.6490158,-4.3817022,golf_course,,,https://www.launcestongolfclub.co.uk/,,,,,,,
way,804875276,Launceston Golf Club,50.6466409,-4.3740742,,clubhouse,,,,,,,,,
way,69583587,Lavender Park Golf Centre,51.410258,-0.7051048,golf_course,,,,,,,,,,
relation,3349857,Lea Marston Golf Course,52.5450264,-1.7087943,golf_course,,,https://www.leamarstonhotel.co.uk/,+44 1675 470 468,info@leamarstonhotel.co.uk,Haunch Lane,Lea Marston,,B76 0BY,
relation,16656917,Leadhills Golf Course,55.4145522,-3.7537165,golf_course,,,https://www.leadhillsgolfclub.com/,,,,,,,
way,134885435,Leam Valley Golf Centre,52.3150546,-1.3126106,golf_course,,,,,,,,,,
relation,1441527,Leamington and County Golf Club,52.2569342,-1.5203282,golf_course,,,,,,Golf Lane,Leamington Spa,,CV31 2QA,
way,98512043,Leas Course,51.1194521,1.0880686,golf_course,,,,,,,,,,
way,105929002,Leasowe Golf Club,53.4205899,-3.1017331,golf_course,,,https://www.leasowegolfclub.co.uk/,+44 151 677 5852,secretary@leasowegolfclub.co.uk,Leasowe Road,Wirral,Merseyside,CH46 3RD,
way,203244238,Leckford Golf Course,51.1265138,-1.4696855,golf_course,,,http://www.leckfordgolfcourse.co.uk/,+44 1264 811122,,,Stockbridge,,SO20 6JF,
way,305862964,Ledene Golf Centre,52.639131,-2.2271728,golf_course,,,http://www.ledenegolf.co.uk/,+44 1902 847 123,,Wood Road,Codsall Wood,,WV8 1QR,
way,30930039,Lee Park Golf Club,53.3849975,-2.8445688,golf_course,,,http://www.leepark.co.uk/,+44 151 487 3882,,Childwall Valley Road,"Gateacre, Liverpool",,L27 3YA,
way,4078565,Lee Valley Golf Course,51.6324466,-0.0341516,golf_course,,,https://www.visitleevalley.org.uk/en/content/cms/outdoors/golf/golf-courses-in-london/,+44 20 8803 3611,,Meridian Way,London,,N9 0AR,
way,15784804,Lee-on-the-Solent Golf Course,50.8128723,-1.1848611,golf_course,,,,,,,,,,
way,88488833,Leeds Castle Golf Club,51.2501213,0.6349484,golf_course,,,https://www.leeds-castle.com/goto.php?sess=+A5A534C191850465D+E+852+9+B5B594A&id=122,+44 1622 767828,,Ashford Road,"Broomfield, Maidstone",,ME17 1PL,
way,145565160,Leeds Golf Centre,53.8716441,-1.4981739,golf_course,,,https://www.leedsgolfcentre.com/,,,,,,,
way,90990388,Leeds Golf Club,53.8407537,-1.4849606,golf_course,,,,,,,,,,
way,149316100,Leeds Golf Club,53.8365013,-1.4873635,,clubhouse,,,,,Elmete Lane,Leeds,,LS8 2LJ,
way,93940322,Leek Golf Club,53.0888687,-2.0247868,golf_course,,,,,,,,,,
way,31544451,Leen Valley Golf Course,53.0358058,-1.1857724,golf_course,,,,,,,,,,
way,22958305,Lees Hall Golf Club,53.3447618,-1.4564082,golf_course,,Lees Hall Golf Club Ltd,https://www.leeshallgolfclub.co.uk/,,,Hemsworth Road,Sheffield,,S8 8LL,
way,107070823,Lees Hall Golf Club,53.3402542,-1.4591511,,clubhouse,,,,,Hemsworth Road,Sheffield,,S8 8LL,
node,11005754187,Leicester Golf Centre,52.6024704,-1.0982638,golf_course,,,,,,,,,,
way,4406178,Leicestershire Golf Club,52.6181934,-1.0842821,golf_course,,,,,,,,,,
relation,3996595,Leigh Golf Club,53.4591804,-2.5364166,golf_course,,,https://www.leighgolf.co.uk/,+44 1925 762943;+44 1925 762013;+44 1925 763130,golf@leighgolf.fsnet.co.uk,Broseley Lane,Warrington,,WA3 4BG,
way,122931107,Leigh Golf Range,51.5394761,0.6276746,golf_course,driving_range,,,+44 1702 710586,,,,,,
way,108024814,Leighton Buzzard Golf Club,51.9392603,-0.6636483,golf_course,,,,,,Plantation Road,Leighton Buzzard,,LU7 3JF,
way,237033138,Leighton Buzzard Golf Club,51.9377028,-0.6672809,,clubhouse,,https://www.lbgc.co.uk/,+44 1525 244800,office@lbgc.co.uk,Plantation Road,Leighton Buzzard,,LU7 3JF,
relation,3359655,Lenzie Golf Club,55.9096002,-4.1462942,golf_course,,,https://www.lenziegolfclub.co.uk/,+44 141 777 7748,,Crosshill Road,Glasgow,,G66 5DA,
way,260101300,Leslie Golf Club,56.2044908,-3.2189276,golf_course,,,https://www.lesliegolfclub.co.uk/,,,,,,,
way,260101303,Leslie Golf Club,56.2050223,-3.2136924,,clubhouse,,,,,,,,KY6 3EZ,
way,29189768,Letchworth Golf Club,51.9623392,-0.2339869,golf_course,,,http://www.letchworthgolfclub.co.uk,+44 1462 682713;+44 1462 683203,,Letchworth Lane,Letchworth Garden City,,SG6 3NQ,
way,89803439,Letchworth Par 3 Family Golf Centre,51.9659324,-0.2248848,golf_course,,,https://www.letchworthpar3.co.uk/,+44 1462 483863,info@letchworthpar3.co.uk,Willian Way,Letchworth Garden City,,SG6 2HJ,
way,134223324,Leven Links Golf Course,56.2023207,-2.9813162,golf_course,,Leven Links,https://www.leven-links.com/,+44 1333 428859;+44 1333 421390,secretary@leven-links.com,Promenade,Leven,,KY8 4HS,
way,135588607,Lewes Golf Club,50.8761619,0.03267,golf_course,,,,,,,,,,
way,23785263,Ley Hill GC,51.7075525,-0.5635208,golf_course,,,,,,,,,,
way,407717281,Leyland Golf Club,53.6900912,-2.6662111,golf_course,,,https://www.leylandgolfclub.co.uk/,+44 1772 436457,,Wigan Road,Leyland,,PR25 5UD,
way,417961060,Libbaton Golf Club,50.9574234,-3.9920916,golf_course,,,http://www.libbatongolfclub.co.uk/,,,,,,,
relation,2885564,Liberton Golf Course,55.9181696,-3.1462482,golf_course,,,https://www.libertongc.co.uk/,+44 131 664 3009,info@libertongc.co.uk,Gilmerton Road,Edinburgh,,EH16 5UJ,
way,142741513,Lichfield Golf & Country Club,52.7170718,-1.8562379,golf_course,,,,,,,,,,
way,29097900,Lickey Hills Golf Course,52.383456,-2.0148534,golf_course,,Birmingham City Council,https://www.mytimeactive.co.uk/locations/lickey-hills-golf-course,,,Rose Hill,Birmingham,,B45 8RR,
way,145482540,Lightcliffe Golf Club,53.729024,-1.7955686,golf_course,,,https://www.lightcliffegolfclub.co.uk/,+44 1422 202459,,Knowle Top Road,Halifax,,HX3 8SW,
way,496085092,Lilleshall Golf Course,52.7235208,-2.3662895,golf_course,,,,,,,,,,
way,785607394,Lilley Brook Golf Club - Club House,51.8721984,-2.0531697,,clubhouse,,,,,Cirencester Road,Cheltenham,,GL53 8EG,
way,31160105,Lilley Brook Golf Course,51.8699168,-2.0567067,golf_course,,,,,,,,,,
way,115835977,Lilliardsedge Holiday Park & Golf Course,55.5313733,-2.6082576,golf_course,,,https://www.lilliardsedgepark.co.uk/Page/Golf.aspx,+44 1835 830271,,,Jedburgh,,TD8 6TZ,
way,361589454,Lilliesleaf Golf Course,55.4925832,-2.787542,golf_course,,,,,,,,,,
relation,14421913,Limpsfield Chart Golf Club,51.2547992,0.0245773,golf_course,,,http://limpsfieldchartgolf.co.uk/,,,,,,,
way,264220294,Limpsfield Chart Golf Club House,51.2562825,0.0221601,,clubhouse,,,,,,,,,
way,591645968,Lincoln Golf Centre,53.180723,-0.6325158,golf_course,,,,,,,,,,
way,255227021,Lincoln Golf Club,53.3033189,-0.7333697,golf_course,,,,,,,,,,
node,13153627655,Lincolnshire Golf Academy,53.5284769,-0.6868361,golf_course,,,,+44 1724 762945,,Butterwick Road,,,,
way,61723323,Lindfield Golf Course,51.0161171,-0.0598972,golf_course,,,,,,,,,,
way,302570322,Lindrick Golf Club,53.3371729,-1.1776349,golf_course,,,https://www.lindrickgolfclub.co.uk/,+44 1909 475820,,Deep Carrs Lane,Worksop,,S81 8BH,
relation,13481867,Lingdale Golf Club,52.7098476,-1.2217883,golf_course,,,http://www.lingdalegolfclub.co.uk,,,,,,,
relation,5519810,Lingfield Park Golf Course,51.1630114,-0.0072423,golf_course,,,https://www.lingfieldpark.co.uk/golf/,,,,,,,
way,22616894,Links Golf Club,52.2266504,0.3791864,golf_course,,,https://www.linksgolfclub.co.uk/,+44 1638 662395;+44 1638 663000,,Cambridge Road,Newmarket,,CB8 0TG,
relation,5434420,Linlithgow Golf Club,55.9653768,-3.6247559,golf_course,,,https://www.linlithgowgolf.co.uk/,+44 1506842585,,Braehead,Linlithgow,,EH49 6QF,
way,41349207,Linn Park Golf Course (closed),55.8046877,-4.2537796,golf_course,,,,,,,,,,
relation,4632949,Liphook Golf Club,51.0621112,-0.8092746,golf_course,,,https://www.liphookgolfclub.com/,+44 1428 723785,,Wheatsheaf Enclosure,Liphook,,GU30 7EH,
relation,4561807,Lisburn Golf Course,54.485947,-6.0732916,golf_course,,,,,,,,,,
way,4366490,Little Aston Golf Club,52.5984868,-1.8784453,golf_course,,,https://www.littleastongolf.co.uk/,,,,,,,
way,201616275,Little Aston Golf Club,52.5955506,-1.8670857,,clubhouse,,,,,,,,,
way,23758820,Little Hay Golf Complex,51.7372739,-0.522047,golf_course,,,https://littlehaygolf.co.uk/,+44 1442 507100,LittleHayEnquiry@Sportspace.co.uk,,,,,
way,132049796,Little Lakes,52.3527252,-2.3494481,golf_course,,,,,,,,,,
way,114182900,Littlehampton Golf Club,50.8042308,-0.5517867,golf_course,,,https://www.littlehamptongolf.co.uk/,+44 1903 717170,,Rope Walk,Littlehampton,,BN17 5DL,
way,31285346,Littlehill Golf Course,55.8943881,-4.2145839,golf_course,,Glasgow Life,https://www.glasgowlife.org.uk/sport/venues/littlehill-golf-club,,,,,,,
way,843696144,Littlestone Golf Club,50.9855051,0.9671148,,clubhouse,,,,,,,,,
way,91903411,Littlestone Golf Club,50.9951224,0.9682597,golf_course,,,https://www.littlestonegolfclub.org.uk,+44 1797 363355,,St Andrew's Road,,,TN28 8RB,
way,316443546,Liverpool Municipal North Golf Course,53.4770159,-2.9144773,golf_course,,,https://liverpool.gov.uk/lifestyles/find-an-activity/golf-courses/,+44 151 546 5435,,Ingoe Lane,,,L32 4SS,
way,4525505,Liverpool Municipal South (Allerton) Golf Course,53.3725186,-2.8839485,golf_course,,,https://liverpool.gov.uk/golf,+44 151 428 7490,,Allerton Road,Liverpool,,L18 3JT,
way,121588703,Llandovery College Golf Club,51.9899262,-3.8104664,golf_course,,,,,,,,,,
way,864668483,Llandrindod Wells Golf Club,52.2285116,-3.3620435,golf_course,,,,,,,,,,
way,1300245939,Llangefni Golf Club,53.2623206,-4.310286,,clubhouse,,,,,,Llangefni,,LL77 7TJ,
way,43904702,Llanishen Golf Course,51.5515274,-3.1906879,golf_course,,,,,,,,,,
way,175761160,Llantrisant & Pontyclun Golf Club,51.5389081,-3.389177,golf_course,,,,,,,,,,
way,45068199,Llanwern Golf Club,51.5848323,-2.9250353,golf_course,,,,+44 1633 412 029,info@llanwerngolfclub.co.uk,Station Road,Newport,,NP18 2DW,
way,1214914223,Llanwern Golf Club,51.583374,-2.9174389,,clubhouse,,,,,Station Road,Newport,,NP18 2DW,
way,805019308,Llanymynech Golf Course,52.7927764,-3.0909657,golf_course,,,,,,,Llanymynech,,SY10 8LB,
way,116523731,Llanyrafon Golf Course,51.6431712,-3.0080418,golf_course,,,,,,,,,,
way,34064231,Lleyn Golf Centre,52.8748672,-4.4705553,golf_course,,,https://www.pen-y-berth.co.uk/golf-north-wales.htm,,,,,,,
way,862852070,Lobden Golf Club,53.6503578,-2.1646179,golf_course,,,https://www.lobdengolfclub.co.uk/,,,,,,,
way,690315694,Lobden Golf Club clubhouse,53.6532165,-2.1673495,,clubhouse,,,,,,,,,
way,1464863348,Loch Lomond Golf Course,56.0646353,-4.6357318,golf_course,,,https://www.lochlomond.com/,,,,,,,
way,691743806,Loch of Aboyne Golf Course,57.0901719,-2.7619182,golf_course,,,,,,,,,,
way,24634056,Loch View Golf Course,55.8724593,-4.0630736,golf_course,,,https://www.activenl.co.uk/venue-finder/venues-3/lochview-family-golf-centre,,,,,,,
relation,2407479,Lochcarron Golf Course,57.4155408,-5.4725826,golf_course,,,https://lochcarrongolfclub.co.uk/,,,,,,,
way,214776929,Lochend Golf Club,55.9647645,-3.1385048,,clubhouse,,,,,,,,,
way,736884845,Lochgelly Golf Club,56.1271792,-3.3190782,,clubhouse,,,,,,,,,
way,115966548,Lochgelly Golf Club,56.126636,-3.322197,golf_course,,,https://www.lochgellygolfclub.co.uk/,+44 1592 780174; +44 1592 782589,,Cartmore Road,Lochgelly,,KY5 9PB,
way,1348846110,Lochgilphead Golf Club,56.0438084,-5.4126526,golf_course,,,https://www.lochgilpheadgolfclub.co.uk/,,,,,,,
way,118591402,Lochmaben Golf Club,55.1224706,-3.4473681,golf_course,,enquiries@lochmabengolf.co.uk,https://www.lochmabengolf.co.uk/,+44 1387 810552,,Castlehill Gate,Lochmaben,,DG11 1NT,
way,122388976,Lochore Meadow Golf Course,56.1519135,-3.3306015,golf_course,,Fife Golf Trust,https://www.fifegolftrust.co.uk/our-courses/lochore-meadows,+44 7506 850286,,,Lochgelly,,KY5 8BA,
relation,3346161,Lochranza Golf Course,55.7022719,-5.2806577,golf_course,,office@lochgolf.demon.co.uk,http://www.lochranzagolf.com/,+44 1770 830273,,,"Lochranza, Isle of Arran",,KA27 8HL,
way,26278080,Lochview Golf course,55.8728186,-4.0598859,,clubhouse,,,,,,,,ML5 2HX,"Coatbridge, North Lanarkshire, Scotland, UK"
way,766679521,Lochwinnoch Golf Club,55.7989675,-4.6418245,golf_course,,,https://www.lochwinnochgolf.co.uk/,,,,,,,
way,119440405,Lockerbie Golf Club,55.1273243,-3.3418384,golf_course,,,http://www.lockerbiegolf.co.uk/,+44 1576 203363,,Corrie Road,Lockerbie,,DG11 2ND,
way,4928105,London Golf Club,51.3454624,0.2865525,golf_course,,,,,,,,,,
way,746470263,London Golf Club,51.3460065,0.2886399,,clubhouse,,https://londongolf.co.uk/,+44 1474 879899,golf@londongolf.co.uk,Stansted Lane,Sevenoaks,,TN15 7EH,
relation,5270693,Long Ashton Golf Club,51.4354065,-2.6671047,golf_course,,,https://www.longashtongolfclub.co.uk/,+44 1275 392229,,Clarken Coombe,Long Ashton,,BS41 9DW,
way,258314893,Long Sutton Golf Club,51.0173731,-2.7533908,golf_course,,,,,,,,,,
way,4806057,Longcliffe Golf Club,52.7519502,-1.2669342,golf_course,,,https://www.longcliffegolf.co.uk/,,,,,,,
way,126813652,Longhirst Hall Golf Course,55.1912969,-1.6710663,golf_course,,,https://longhirstgolf.co.uk/,+44 1670 791562,,,,,,
way,79886236,Longley Park,53.63895,-1.7721919,golf_course,,,,,,,,,,
way,996453871,Longniddry Golf Club,55.9776119,-2.9023854,,clubhouse,,,,,,,,,
way,96897204,Longniddry Golf Course,55.9770037,-2.9093674,golf_course,,,https://www.longniddrygolfclub.co.uk/,,,,,,,
relation,11229252,Longridge Golf Club,53.8486468,-2.568348,golf_course,,,https://www.longridgegolfclub.co.uk/,,,Jeffrey Hill,Preston,,PR3 2TU,
way,818729386,Longridge Golf Club,53.8462655,-2.5705409,,clubhouse,,,,,Jeffrey Hill,Preston,,PR3 2TU,
way,117816611,Longside Golf Club,57.519757,-1.9373655,golf_course,,,https://longsidegolfclub.co.uk/,+44 1779 821558,info@longsidegolf.wanadoo.co.uk,West End,Longside,,AB42 4XJ,
way,117816631,Longside Golf Club,57.5201637,-1.9469141,,clubhouse,,,,,Main Street,Aberdeenshire,,AB42 4XJ,
way,1235633816,Looe Golf Club,50.394402,-4.4244262,golf_course,,,,,,,,,PL13 1PQ,
way,896280794,Loudoun Gowf Club,55.6057288,-4.363788,golf_course,,,https://www.loudoungowfclub.co.uk/,,,,,,,
way,193162288,Lough Erne Golf Resort,54.3976248,-7.696377,golf_course,,,,,,,,,,
way,48058296,Loughton Golf Club,51.6626593,0.0750045,golf_course,,,https://www.loughtongolfclub.com/,+44 20 8502 2923,,Clay's Lane,Loughton,,IG10 2BF,
way,91893115,Louth Golf Club,53.3589207,-0.0192847,golf_course,,,,,,,,,,
way,4344141,Low Laithes Golf Course,53.6890912,-1.5469038,golf_course,,,,,,,,,,
way,1472989462,Lowerhouse Cricket Club,53.7911706,-2.2887787,,clubhouse,,,,,,,,,
way,172517996,Lowes Park Golf Club,53.6126266,-2.282703,golf_course,,,http://www.lowesparkgolfclub.co.uk/,+44 161 764 1231,secretary@lowesparkgolfclub.co.uk,Lowes Road,Bury,,BL9 6SU,
relation,3350107,Ludlow Golf Club,52.3942226,-2.7461384,golf_course,,,https://www.ludlowgolfclub.com/,+44 1584 856285,,Bromfield,Ludlow,,SY8 2BT,
way,249921355,Luffness New Golf Club,56.0223197,-2.8440184,golf_course,,,https://www.luffnessnew.com/,+44 1620 843336,secretary@luffnessnew.com,,Aberlady,,EH32 0QA,
way,5051809,Lullingstone Park Golf Course,51.3596077,0.1755755,golf_course,,Everyone Active,,,,,,,,
way,97216421,Lumphanan Golf Club,57.1266569,-2.6790724,,clubhouse,,,,,,,,,
way,97216419,Lumphanan Golf Course,57.1260903,-2.6823275,golf_course,,,https://www.lumphanangolfclub.co.uk/,,,,,,,
way,134224071,Lundin Golf Club,56.2087757,-2.9649202,golf_course,,,https://www.lundingolfclub.co.uk/,+44 1333 320202; +44 1333 320051,secretary@lundingolfclub.co.uk,Golf Road,Lundin Links,,KY8 6BA,
way,260185318,Lundin Golf Club,56.2109958,-2.9535651,,clubhouse,Lundin Golf Club,https://www.lundingolfclub.co.uk/,,,Golf Road,Lundin Links,,KY8 6BA,
way,111221971,Lundin Ladies Golf Club,56.2142279,-2.9596435,golf_course,,,http://www.lundinladiesgolfclub.co.uk/,+44 1333 320832; +44 1333 320022,llgolfclub@gmail.com,Woodielea Road,LundinLinks,,KY8 6AR,
way,231714532,Lurgan Golf Course,54.4670299,-6.3179565,golf_course,,,,,,,,,,
way,1177225274,Luton Hoo Golf Course,51.8548601,-0.4058304,golf_course,,,https://www.lutonhoo.co.uk/luton-hoo-golf-course,,,,,,,
node,7641057131,Lutterworth Golf Club,52.4491605,-1.198234,golf_course,,,,,,Rugby Road,Lutterworth,,LE17 4HN,
way,29298190,Lutterworth Golf Club,52.4468178,-1.2051169,golf_course,,,https://www.lutterworthgc.co.uk/,+44 1455 552532,sec@lutterworthgc.co.uk,Rugby Road,Lutterworth,,LE17 4HN,
way,854003797,Lybster Golf Club,58.3040876,-3.2823502,golf_course,,,https://lybstergolfclub.co.uk/,,,,,,,
way,91929213,Lydd Golf Club,50.9632319,0.9276697,golf_course,,,https://www.lyddgolfclub.co.uk/,+44 1797 320808,info@lyddgolfclub.co.uk,Romney Road,Lydd,,TN29 9LS,
way,284940081,Lydney Golf Club,51.7165581,-2.5139951,golf_course,,,https://www.lydneygolfclub.co.uk/,+44 1594 842775,,Naas lane,Lydney,,GL15 4ES,
way,131691263,Lyme Regis Golf Club,50.7398972,-2.922782,golf_course,,,https://www.lymeregisgolfclub.co.uk/,+44 1297 442963,admin@lymeregisgolfclub.co.uk,Timber Hill,Lyme Regis,,DT7 3HQ,
way,244060696,Lymm Golf Club,53.3891748,-2.4872004,golf_course,,,http://www.lymm-golf-club.co.uk/,+44 1925 755020,,Whitbarrow Road,Lymm,Cheshire,WA13 9AN,
way,212440921,Lynedoch Course,56.416275,-3.3638556,golf_course,,Murrayshall Country Estate,https://www.murrayshall.co.uk/,+44 1738 551171,info@murrayshall.co.uk,,Scone,,PH2 7PH,
way,303052114,Lytham Green Drive Golf Course,53.7488131,-2.9552138,golf_course,,,https://www.lythamgreendrive.co.uk/,,,,Lytham St Annes,,FY8 4LE,
way,32561993,Macclesfield Golf Club,53.2475242,-2.1097895,golf_course,,,,,,,,,,
relation,3346124,Macdonald Cardrona Hotel Golf & Spa,55.6361588,-3.1171334,golf_course,,,https://www.macdonaldhotels.co.uk/our-hotels/macdonald-cardrona-hotel-golf-spa/golf/,+44 1896 831144,,,"Cardrona, Peebles",,EH45 8NE,
relation,3618647,Macdonald Linden Hall Golf & Country Club,55.2619548,-1.7605132,golf_course,,,https://www.macdonaldhotels.co.uk/our-hotels/macdonald-linden-hall-golf-country-club/,+44 844 879 9084,,,,,,
relation,18996518,Macdonald Spey Valley Championship Golf Course,57.205815,-3.7991274,golf_course,,,https://www.macdonaldhotels.co.uk/spey-valley/golf,,,,,,,
way,235281107,Machrie Bay Golf Course,55.5538218,-5.340198,golf_course,,,https://machriebay.com/,+44 1770 840 329,,,Machrie Bay,,,
way,43655011,Machrihanish Dunes Golf Course,55.4507445,-5.7084333,golf_course,,,http://www.machrihanishdunes.com/,+44 1586 810000;+44 800 151 3701,info@machdunes.com,,Machrihanish,,PA28 6TJ,
way,956139199,Machrihanish Golf Club,55.4230598,-5.7312743,,clubhouse,,,,,,,,PA28 6PT,
way,30391822,Machrihanish Links,55.4330758,-5.7201844,golf_course,,,https://www.machgolf.com/,,,,,,,
way,497489343,Machynlleth Golf Club,52.5878746,-3.8358517,golf_course,,,https://www.machynllethgolfclub.com/,,,,,,,
way,198022336,Machynys Golf,51.661739,-4.146122,golf_course,,,,,,,,,,
way,120011140,Machynys Golf Clubhouse,51.6598989,-4.1484663,,clubhouse,,,,,,,,,
relation,19561246,Maesdu Golf Club,53.3076727,-3.8318743,golf_course,,,,,,,,,,
way,101518237,Maesteg Golf Course,51.6111625,-3.6860361,golf_course,,,,,,,,,,
way,101518047,Maesteg Golf Course Clubhouse,51.610799,-3.6770563,,clubhouse,Maesteg Golf Club,,,,,Maesteg,,CF34 9PR,
relation,3622067,Magdalene Fields,55.777923,-2.0004247,golf_course,,,https://magdalene-fields.co.uk/,+44 1289 306130,,,,,,
way,195338754,Magnolia Park,51.8228063,-1.1021987,golf_course,,,https://magnoliapark.co.uk/,,,,,,,
node,6276406600,Mahee Island Golf Club,54.4988129,-5.6417572,golf_course,,,http://www.maheegolf.com/,,,,,,,
way,1281233831,Mahee Island Golf Course,54.4985341,-5.6388089,golf_course,,,,,,,,,,
way,4714818,Maidenhead Golf Course,51.5113453,-0.7228731,golf_course,,,,,,,,,,
way,1227392854,Main Course,52.7142805,-2.4051997,golf_course,,,,,,,,,,
node,12787881858,Main Course,51.3124809,-0.5282389,golf_course,,Hoebridge Golf Centre,,,,Old Woking Road,Old Woking,,GU22 8JH,
way,136615412,Mains of Taymouth Golf Course,56.5916131,-3.9937222,golf_course,,,https://www.taymouth.co.uk/on-site-facilities/kenmore-golf-course.htm,+44 1887 830 226,info@taymouth.co.uk,,Kenmore,,PH15 2HN,
way,22323645,Malden Golf Club,51.4104507,-0.2515186,golf_course,,,,,,,,,,
way,49798369,Maldon Golf Club,51.7402597,0.6686489,golf_course,,,,,,,,,,
way,143559709,Malkins Bank Golf Course,53.1250673,-2.352018,golf_course,,,,+44 1270 765931,,,,,,
way,38652468,Malone Golf Club,54.538158,-5.9719578,golf_course,,,,,,,,,,
way,264389314,Malton & Norton Golf Club,54.1196098,-0.8063316,golf_course,,,https://www.maltonandnortongolfclub.co.uk/,+44 1653 693882;+44 1653 697912,secretary@mngc.co.uk,Welham Park,Malton,,YO17 9QE,
way,696157336,"Manchester Golf Club, Clubhouse",53.5730458,-2.1791785,,clubhouse,,,,,,,,,
way,120521388,Manchester Golf Course,53.576847,-2.1888177,golf_course,,,,,,,,,,
way,386407226,Mannings Heath Golf Club,51.0472223,-0.2705373,golf_course,,,,,,Hammerpond Road,Horsham,,RH13 6PG,
way,424340558,Mannings Heath Golf Course,51.0537464,-0.2700153,golf_course,,,,,,,,,,
way,30861588,Manor (Laceby) Golf Club,53.5261235,-0.1535108,golf_course,,,,,,,,,,
node,8558388764,Manor Course,52.975268,-1.3994364,golf_course,,,,,,,,,,
way,35225527,Manor Golf Course,53.7624917,-1.6625894,golf_course,,,https://themanorleeds.co.uk/,,,,,,,
way,340015096,Mansfield Golf Club,53.1407874,-1.1390057,golf_course,,,http://www.mansfieldgolfclub.co.uk/,+44 1623 422 764,info@mansfieldgolfclub.co.uk,Jubilee Way North,Mansfield,,NG18 3PJ,
way,43558079,Mansfield Woodhouse Golf Course,53.1797585,-1.1778947,golf_course,,,,,,,,,,
way,91580250,Manston Golf Centre,51.3453423,1.3789856,golf_course,,,https://www.manstongolf.co.uk/,+44 1843 590 005,info@manstongolf.co.uk,Manston Road,Ramsgate,Kent,CT12 5BE,
way,351011726,Mapperley Golf Club,52.9873922,-1.1105381,,clubhouse,,https://www.mapperleygolfclub.org/,+44 115 955 6672,secretary@mapperleygolfclub.org,Central Avenue,Nottingham,,NG3 5LD,
relation,14230107,Mapperley Golf Course,52.9874559,-1.1060921,golf_course,,,https://www.mapperleygolfclub.org/,,,,,,,
way,165752108,March Golf Club,52.527494,0.0682515,golf_course,,,https://marchgolfclub.co.uk/,+44 1354 652364,,Grange Road,March,,PE15 0YH,
way,350806648,Mardyke Valley Golf Club,51.5034246,0.3039709,golf_course,,,https://www.mardykevalley.co.uk/,+44 1708 855011,,,,,RM15 6RR,
way,72289832,Mariott Worsley Park Golf Club,53.506155,-2.3979406,golf_course,,,https://www.marriott.co.uk/hotels/travel/mangs-worsley-park-marriott-hotel-and-country-club/,+44 161 975 2043,,Walkden Road,Manchester,,M28 2QT,
way,32722202,Markeaton Park Pitch & Putt,52.9327682,-1.5087888,golf_course,,Derby City Council,,+44 1332 293111,,,,,,
way,1104790456,Market Drayton Golf Club,52.8905441,-2.490717,golf_course,,,https://www.marketdraytongolfclub.co.uk/,,,,,,,
way,1104798208,Market Drayton Golf Club,52.889292,-2.4945964,sports_centre,clubhouse,,,,,Sutton,Market Drayton,,TF9 2HX,
way,10695429,Market Harborough Golf Club,52.4565437,-0.9246459,golf_course,,,,,,,,,,
way,37850582,Market Rasen Golf Club,53.3765408,-0.2990965,golf_course,,,https://www.marketrasengolfclub.co.uk/,+44 1673 842416;+44 1673 842319,,Legsby Road,Market Rasen,,LN8 3DZ,
relation,5270919,Marland Golf Course,53.6049821,-2.1946619,golf_course,,,http://www.link4life.org/centres/marland-golf-course,+44 1706 649801,,,,,OL11 4RE,
way,189601512,Marlborough Golf Course,51.4318988,-1.7370682,golf_course,,,,,,,,,,
way,28375057,Marple Golf Club,53.3853891,-2.0720086,golf_course,,,,,,,,,,
way,299470624,Marsden Golf Club,53.5904739,-1.9383151,golf_course,,,http://marsdengolf.co.uk/,+44 1484 844253,secretary@marsdengolf.co.uk,Mount Road,Huddersfield,,HD7 6NN,
way,177405347,Marsden Park Golf Course,53.8379738,-2.1811157,golf_course,,,http://www.marsdenparkgolfcourse.co.uk/,+44 1282 661912,info@marsdenparkgolfcourse.co.uk,Townhouse Road,Nelson,,BB9 8DG,
way,877828712,Marsden Park Golf Course,53.8376415,-2.1838932,,clubhouse,,,,,Town House Road,Nelson,,BB9 8DG,
way,146725764,Martin Moor Golf Club,53.1283619,-0.3667685,golf_course,,,,,,,,,,
way,125739901,Marton Meadows Golf Course,53.2094867,-2.2214018,golf_course,,,http://www.martonmeadowsgolf.co.uk/,+44 1260 224330,,,Macclesfield,,SK11 9HF,
relation,3994257,Maryport Golf Club,54.734096,-3.47081,golf_course,,,http://www.maryportgolfclub.co.uk/Intro.aspx,+44 1900 812605,,Bank End,Maryport,,CA15 6PA,
way,305514889,Masham Golf Course,54.2166436,-1.6688786,golf_course,,Masham Golf Club,https://mashamgolfclub.co.uk/,+44 1765 688 054;+44 1765 689 379,info@mashamgolfclub.co.uk,Swinton Road,Ripon,,HG4 4NS,
way,198386249,Massereene Golf Club,54.7135126,-6.2305001,golf_course,,,,,,,,,,
relation,3990805,"Matfen Hall Hotel, Golf & Spa",55.0346419,-1.9520746,golf_course,,,https://www.matfenhall.com/,+44 1661 886500,,Matfen Village,Newcastle upon Tyne,,NE20 0RH,
way,170913798,Matlock Golf Club,53.1552702,-1.5311761,golf_course,,,,,,,,,,
way,671928266,Mattishall Golf Club,52.6465622,1.0386642,golf_course,,,https://www.mattishallgolfclub.co.uk/,,,South Green,Mattishall,,NR20 3JZ,
relation,20293194,Maverston Golf Course,57.6552827,-3.1705442,golf_course,,,https://www.maverstongolf.com/,,,,,,,
way,854587562,Mawgan Porth Golf Club,50.4693396,-5.0117143,golf_course,,,,,,,,,,
way,856887572,Mawgan Porth Golf Club,50.4698235,-5.0149253,,clubhouse,,,,,,,,,
way,44043884,Maxstoke Park Golf Course,52.49737,-1.6715177,golf_course,,,,,,,,,B46 2RD,
way,383041272,Maybole Golf Course,55.3484384,-4.6885939,golf_course,,,https://www.maybolegolf.com/,,,,,,,
way,1030894508,Mayfieild Golf Centre,51.7765849,-4.9645007,golf_course,,,,,,,,,,
way,25123028,Maylands Golf Club,51.6120965,0.2488206,golf_course,,,,,,,,,,
way,1065198129,Mayobridge Golf Club,54.1931266,-6.2445023,golf_course,,,https://www.mayobridgegolf.com/,,,Crossan Road,,,,
way,1167379811,Mcdonald Golf Club,57.3704754,-2.0830877,,clubhouse,,,,,Hospital Road,Ellon,,AB41 9AW,
relation,3346229,McDonald Golf Course,57.3712689,-2.0815731,golf_course,,,https://www.ellongolfclub.co.uk/,+44 1358 722891,proshop@ellongolfclub.co.uk,Hospital Road,Ellon,,AB41 9AW,
way,32277271,Mearns Castle Golf Academy,55.7725092,-4.2890218,golf_course,,,https://mcgolfacademy.co.uk/,,,,,,,
way,1245335145,Medal Course,56.4854119,-2.7963556,golf_course,,Monifieth Golf Links,,,,Princes Street,Monifieth,,,
way,1493320697,Melbourne Course,51.8007428,-0.2399185,golf_course,,,,,,,,,,
way,665630655,Meldrum House Golf Course,57.3524312,-2.3141866,golf_course,,,https://www.meldrumhouse.com/golf/,,,,,,,
way,1380427752,Meldrum House Teaching Academy course,57.3476968,-2.3164228,golf_course,,,https://www.meldrumhouse.com/golf/teaching-academy/,,,,,,,
way,40988507,Meliden Golf Course,53.3204279,-3.4039604,golf_course,,,,,,,,,,
relation,11137536,Mellor and Townscliffe Golf Course,53.3855643,-2.0375216,golf_course,,,,,,,,,,
way,312792935,Melodie Park,53.9898737,-1.0893635,golf_course,,,http://www.melodiepark.com,,,Wigginton Road,,,YO32 2RJ,
way,362220793,Melrose Golf Club,55.5868316,-2.7289904,golf_course,,,https://melrosegolfclub.co.uk/,,,,,,,
way,119926746,Meltham Golf Club,53.5877045,-1.8303106,golf_course,,,,,,,,,,
way,686130629,Meltham Golf Club,53.5881422,-1.8377045,,clubhouse,,https://www.meltham-golf.co.uk/,+44 1484850227,admin@meltham-golf.co.uk,Thick Hollins,Holmfirth,,HD9 4DQ,
way,96987717,Melton Mowbray Golf Club,52.7853649,-0.8384054,golf_course,,,https://meltonmowbraygolfclub.com/,+44 1664 569629,,Waltham Road,Melton Mowbray,,LE14 4SD,
way,65427709,Melton Mowbray Town Estate Golf Course,52.7633953,-0.9107085,golf_course,,,,,,,,,,
way,31724417,Melville Golf Course,55.8889159,-3.099471,golf_course,,,https://www.melvillegolf.com/,+44 131 654 0224,golf@melvillegolf.co.uk,Melville Dykes Road,Lasswade,,EH18 1AN,
way,111633897,Mendip Spring Golf Club,51.3516469,-2.8137834,golf_course,,,https://www.mendipspringgolfclub.com/,+44 1934 852 322,info@mendipspringgolfclub.com,Honeyhall Lane,Congresbury,,BS49 5JT,
way,161115514,Menie Links,57.2833845,-2.0155242,golf_course,,,,,,,,,,
relation,1771024,Mentmore Golf and Country Club,51.8643963,-0.6926886,golf_course,,,,,,,,,,
way,29180368,Menzies Cambridgeshire Golf Club,52.2498314,0.0345706,golf_course,,,https://www.menzieshotels.co.uk/hotels/south-central/cambridge/golf/,+44 1954 249988,cambridge@menzieshotels.co.uk,Bar Hill,Cambridge,,CB23 8EU,
relation,3975374,Meole Brace Golf Course,52.6923621,-2.7489704,golf_course,,Shropshire Council,https://meolebracegolfclub.co.uk/,+44 1743 364050,meolegc@shropshire.gov.uk,,Shrewsbury,,SY2 6QQ,
way,99002667,Meon Course,50.9225474,-1.2107309,golf_course,,Britannia Hotels,https://www.britanniahotels.com/hotels/meon-valley-hotel-country-club/golf,,,,,,,
relation,2867228,Merchants of Edinburgh Golf Club,55.9186569,-3.2310321,golf_course,,,https://www.merchantsgolf.com/,+44 131 4471219,,Craighill Gardens,Edinburgh,,EH10 5PY,
way,90627097,Mercure Hythe Imperial Golf Course,51.0695049,1.1013174,golf_course,,,http://www.mercurehytheimperial.co.uk/golf,+44 1303 267441,,,,,,
way,269036940,Mere Golf and Country Club,53.3333794,-2.4043815,golf_course,,,,,,Chester Road,,,,
way,900894758,Meridian Golf hole #1,52.178033,-0.0013649,golf_course,,,,,,,,,,
way,244970785,Merley Park Golf Course,50.7852645,-1.9803637,golf_course,,,,+44 1202 885773,,Merley Park Road,Wimborne,,BH21 3DA,
way,28540972,Merrist Wood Golf Club,51.2696044,-0.6356506,golf_course,,,,,,,Guildford,,GU3 3PB,
way,30756056,Mersey Valley Golf & Country Club,53.398622,-2.6896829,golf_course,,,https://www.merseyvalleygolfandcountryclub.co.uk/,+44 151 424 6060,,Warrington Road,Widnes,,WA8 3XL,
way,350080265,Merthyr Tydfil Golf Club,51.7740944,-3.4057823,golf_course,,,http://mtgc.co.uk/,,,,,,,
way,19248491,Metro Golf Centre,51.6055791,-0.2245025,golf_course,,,https://metrogolfcentre.co.uk/,+44 20 8202 1202,info@metrogolfcentre.co.uk,,,,,
way,112454840,Mettaford Golf Course,50.9925159,-4.4475483,golf_course,,,,,,,,,,
way,4812037,Meyrick Park Golf Course,50.7286176,-1.8875548,golf_course,,,,,,,,,,
way,107641483,Mickleover Golf Club,52.9060901,-1.5300949,,clubhouse,,https://www.mickleovergolfclub.co.uk/,+44 1332 516011,,Uttoxeter Road,Derby,,DE3 9AD,
way,32139722,Mickleover Golf Course,52.9027031,-1.5265761,golf_course,,,https://www.mickleovergolfclub.co.uk/,,,Uttoxeter Road,Derby,,DE3 9AD,
way,993656555,Mid Herts Golf Club,51.8268029,-0.298101,golf_course,,,https://www.midhertsgolfclub.co.uk/,+44 1582 832242,gm@midhertsgolfclub.co.uk,Lamer Lane,Wheathampstead,,AL4 8RR,
way,4974222,Mid Kent Golf Club,51.4220989,0.3652536,golf_course,,The Mid Kent Golf Club Ltd.,https://mkgc.co.uk/,,,Singlewell Road,Gravesend,,DA11 7RB,
way,461613499,Mid Kent Golf Club,51.426222,0.3671036,,clubhouse,,,,,Singlewell Road,Gravesend,,DA11 7RB,
way,25962182,Mid Sussex Golf Club,50.9328183,-0.0884228,golf_course,,,,,,,,,,
way,314557207,Mid Yorkshire Golf Club,53.6789451,-1.2521036,golf_course,,,,,,,,,,
way,652896789,Mid Yorkshire Golf Club,53.6771788,-1.2569844,,clubhouse,,,,,Havercroft Lane,Pontefract,,WF8 3BP,
way,87145304,Middlesbrough Golf Club,54.5138226,-1.192259,golf_course,,,https://www.middlesbroughgolfclub.co.uk/,+44 1642 311515,,Brass Castle Lane,Middlesbrough,,TS8 9EE,
way,84733801,Middlesbrough Municipal Golf Course,54.5387101,-1.2296224,golf_course,,,https://teesvalley-ca.gov.uk/visit/things-to-see-and-do/activities/middlesbrough-municipal-golf-club/,,,,,,,
way,1074432047,Middlesbrough Municipal Golf Course,54.5359676,-1.2280539,,clubhouse,,,,,Ladgate Lane,Middlesbrough,,TS5 7YZ,
way,397992356,Middleton Hall Golf Club,52.7204015,0.4517552,golf_course,,,https://www.middletonhallgolfclub.com/,,,,King's Lynn,,PE32 1RY,
way,295550817,Midgley Lodge Motel & Golf Course,53.6257544,-1.591918,golf_course,,,https://www.midgleylodgemotel.co.uk,+44 1924 830 069;+44 1924 830 156,midgleylodgemotel@tiscali.co.uk,Bar Lane,Wakefield,,WF4 4JJ,
relation,13719325,Mile End Golf Club,52.8439166,-3.0239738,golf_course,,,https://mileendgolfclub.co.uk/,,,Shrewsbury Road,Oswestry,,SY11 4JF,
way,23888730,Milford Golf Club,51.1693536,-0.6355063,golf_course,,,,,,,,,,
node,9559403024,Milford Haven Golf Club,51.7191587,-5.0638233,,clubhouse,,https://www.mhgc.co.uk/,+44 1646 697 822,office@mhgc.co.uk,Clay Lane,Hubberston,,SA73 3RX,
way,1037849933,Milford Haven Golf Course,51.7148285,-5.0655634,golf_course,,,https://www.mhgc.co.uk/,+44 1646 697 822,office@mhgc.co.uk,Clay Lane,Hubberston,,SA73 3RX,
way,34137579,Mill Green Golf Club,51.7766335,-0.1887453,golf_course,,,https://www.millgreengolf.co.uk/,+44 1707 276 900,millgreen@crown-golf.co.uk,Gypsy Lane,Welwyn Garden City,,AL7 4TY,
way,1190464701,Mill Hill Golf Club,51.6286748,-0.2528793,,clubhouse,,https://www.millhillgc.co.uk/,+44 208 959 2339,,Barnet Way,London,,NW7 3AL,
way,11847323,Mill Hill Golf Course,51.633143,-0.2601838,golf_course,,,,,,,,,,
way,1000808857,Mill Ride Golf & Country Club,51.4245859,-0.6971927,golf_course,,,https://www.mill-ride.com/,,,,,,,
way,35310684,Millers Barn Golf Park,51.7870063,1.1242501,golf_course,,,,,,,,,,
way,89353520,Millfield Golf Complex,53.2788618,-0.7587846,golf_course,,,http://www.millfieldgolfcomplex.co.uk/,+44 1427 718255,info@millfieldgolfcomplex.co.uk,,Lincoln,,LN1 2LB,
way,397607821,Millport Golf Course,55.7652064,-4.9327676,golf_course,,,Millport Golf Course,,,,,,,
way,116344990,Milnathort Golf Club,56.2241896,-3.4164989,golf_course,,,https://www.milnathortgolfclub.co.uk/,,,,,,,
way,170488235,Milnathort Golf Club,56.2259716,-3.4192671,,clubhouse,Milnathort Golf Club Limited,https://www.milnathortgolfclub.co.uk/,+44 1577 864069,office@milnathortgolfclub.co.uk,South Street,Kinross,,KY13 9XA,
way,87148157,Milngavie Golf Club,55.958339,-4.3420032,golf_course,,,https://www.milngaviegolfclub.co.uk/,,,,,,,
way,1172820039,Minchinhampton Golf Course,51.688716,-2.160399,golf_course,,Minchinhampton Golf Club,https://www.minchinhamptongolfclub.co.uk/,,,,,,GL6 9BE,
way,32617818,Minehead & West Somerset Golf Club,51.2040178,-3.4462923,golf_course,,,,,,,,,,
way,248014392,Minto Golf Course,55.4747459,-2.6838441,golf_course,,,https://www.mintogolf.co.uk/,,,,,,,
relation,3620595,Mitcham Golf Club,51.3939448,-0.1512522,golf_course,,,https://www.mitchamgolfcourse.co.uk/,+44 20 8648 4197,,,,,,
way,89817068,Moffat Golf Course,55.3288004,-3.4594371,golf_course,,,https://www.moffatgolfclub.co.uk/,+44 1 683 220020,bookings@moffatgolfclub.co.uk,Coatshill,Moffat,,DG10 9SB,
way,26437675,Mold Golf Club,53.1696362,-3.1978285,golf_course,,,,,,,,,,
way,89416643,Mon Golf Complex,53.2647263,-4.3078399,golf_course,,,https://www.golfmon.co.uk/,,,,,,,
way,109811754,Mond Valley Golf Club,51.695718,-3.8813017,golf_course,,,https://www.mondvalleygolf.co.uk/,+44 1792 845173,,Ynys-Penllwch Road,Clydach,,SA6 5QR,
way,1245335281,Monifieth Golf Club,56.4823852,-2.8110989,,clubhouse,,https://www.monifiethgolfclub.co.uk/,,,Princes Street,Dundee,,DD5 4AW,
way,162691210,Monksford House Golf Course,55.5884126,-2.6672516,golf_course,,,,,,,,,,
way,35020423,Monkton Park Golf Course,51.4578163,-2.1084093,golf_course,,,,,,,,,,
relation,14189198,Monmouth Golf Course,51.8288728,-2.7067787,golf_course,,,,,,,,,,
way,265619466,Monmouthshire Golf Club,51.8050337,-3.0208585,golf_course,,Monmouthshire Golf Club,,,,,,,,
way,264889578,Montrose Golf Links,56.7207001,-2.4506106,golf_course,,,https://montrosegolflinks.com/,,,"Trail Drive, Montrose",Montrose,,DD10 8SW,
way,968236425,Monxton & Grateley Golf Centre,51.1802106,-1.5964481,,clubhouse,,,,,Monxton Road,,,,
way,190835622,Moor Allerton Golf Club,53.8699543,-1.4803989,,clubhouse,,,,,Coal Road,Leeds,,LS17 9NH,
way,188542182,Moor Allerton Golf Course,53.8719543,-1.4762424,golf_course,,,https://moorallertongolfclub.co.uk/,,,,,,,
way,4329748,Moor Hall Golf Course,52.5798123,-1.8134488,golf_course,,,,,,,,,,
way,7991251,Moor Park Golf Club,51.6271133,-0.4509281,golf_course,,,https://www.moorparkgc.co.uk/,+44 1923 774 113;+44 1923 721 650;+44 1923 773 146,enquiries@moorparkgc.co.uk,,Rickmansworth,,WD3 1QN,
way,146269220,Moors Valley Golf Course,50.8574025,-1.8540958,golf_course,,,http://www.mackgolf.co.uk/moors-valley-golf-course/4,+44 1425 479776,mvbookings@macktrading.net,Horton Road,Ringwood,,BH24 2ET,
way,55036476,Moortown Golf Club,53.8568638,-1.5426975,golf_course,,,,,,,,,,
way,545409365,Moortown Golf Club,53.8571971,-1.5347273,,clubhouse,,,,,Harrogate Road,Leeds,,LS17 7DB,
way,102611542,Moray Golf Club,57.7192432,-3.3143426,golf_course,,,http://www.moraygolf.co.uk/,,,,,,,
way,164308235,Moray Golf Club,57.7215775,-3.2950813,,clubhouse,,,,,Stotfield Road,,,IV31 6QS,
way,501679797,Morden Park golf course,51.3914159,-0.2066775,golf_course,,,,,,,,,,
way,24705345,Morecambe Golf Course,54.0827587,-2.8285211,golf_course,,,https://www.morecambegolfclub.com/,+44 1524 412841,,,Morecambe,,LA4 6AJ,
way,1493809243,Morlais Castle Golf Club,51.7751424,-3.3716138,golf_course,,,http://www.morlaiscastlegolf.co.uk/,+44 1685 388700,,,Merthyr Tydfil,,CF48 2UY,
way,43964816,Morley Hayes,52.9756452,-1.4038457,golf_course,,,https://www.morleyhayes.com/,,,Main Road,Ilkeston,,DE7 6DG,
way,89990611,Morpeth Golf Club,55.1544633,-1.6991541,golf_course,,,https://www.morpethgolf.co.uk/,,,,,,,
way,22724522,Morriston Golf Club,51.6745784,-3.9380065,golf_course,,,,,,,,,,
way,164813936,Mortehoe and Woolacombe Golf Club,51.1859157,-4.1966753,golf_course,,,,,,,,,,
way,206520458,Mortonhall Golf Club,55.911616,-3.2096395,,clubhouse,,https://www.mortonhallgc.co.uk/,+44 131 447 6974,info@mortonhallgc.co.uk,Braid Road,Edinburgh,,EH10 6PB,
relation,2859930,Mortonhall Golf Course,55.9090551,-3.1972156,golf_course,,Mortonhall Golf Club,https://www.mortonhallgc.co.uk/,+44 131 447 6974,info@mortonhallgc.co.uk,Braid Road,Edinburgh,,EH10 6PB,
way,23785312,Moseley Golf Course,52.4347583,-1.8776556,golf_course,,,,,,,,,,
way,1493722320,Moss Valley Golf Course,53.0798874,-3.0373933,golf_course,,,,,,,,,,
way,31779698,Mossock Hall Golf Club,53.524683,-2.8932592,golf_course,,,https://mossockhallgolfclub.co.uk/,+44 1695 421717,info@mossockhallgolfclub.co.uk,Liverpool Road,Bickerstaffe,,L39 0EE,
way,366483232,Mottram Hall Golf Club,53.3108273,-2.1746745,golf_course,,QHotels,,,,Wilmslow Road,Mottram St Andrew,,SK10 4QT,
relation,4660775,Mount Ober Golf Club,54.5520324,-5.8819121,golf_course,,,,,,,,,,
way,40779149,Mountain Ash Golf Course,51.6960536,-3.3967785,golf_course,,,,,,,,,,
way,5115182,Mowsbury Golf Course,52.16488,-0.4395416,golf_course,,,https://www.fusion-lifestyle.com/centres/mowsbury-golf-and-squash-centre,+44 1234 772700,,Kimbolton Road,Bedford,,MK41 8BJ,
way,542436987,Moyola Park,54.7828516,-6.5604789,golf_course,,,,,,Hillhead Road,Castledawson,,BT45 8DG,
node,5228071704,Moyola Park Golf Club,54.7839033,-6.5701102,golf_course,,,,,moyolapark@btconnect.com,Curran Road,Castledawson,,BT45 8DG,
way,675893712,Muckhart Golf Club,56.1833867,-3.6075095,,clubhouse,,https://www.muckhartgolf.com/,+44 1259 781423,enquiries@muckhartgolf.com,Drumburn Road,Muckhart,,FK14 7JH,
relation,2372942,Muir of Ord Golf Club,57.51144,-4.4599603,golf_course,,,https://www.muirofordgolfclub.co.uk/,+44 1463 870825,,Great North Road,Muir of Ord,,IV6 7SX,
way,229663810,Muir of Ord Golf Club,57.5133143,-4.4579202,,clubhouse,,,,,Great North Road,Muir of Ord,,IV6 7SX,
way,101336384,Muirfield,56.0457735,-2.8218287,golf_course,,,https://www.muirfield.org.uk/,+44 1620 842123,hceg@muirfield.org.uk,Duncur Road,Muirfield,,EH31 2EG,
way,914246242,Muirkirk Golf Club,55.5113868,-4.0727357,golf_course,,,,,,,,,,
way,145203800,Mullion Golf Course,50.0390268,-5.2632076,golf_course,,,https://www.mulliongolfclub.co.uk/,,,,,,,
way,396776794,Mundesley Golf Course,52.8768305,1.4194909,golf_course,,,,,,,,,,
way,204317949,Murcar Links Golf Club,57.2055939,-2.0693351,golf_course,,,https://murcarlinks.com/,+44 1224 704354,golf@murcarlinks.com,,Aberdeen,,AB23 8BD,
way,798942182,"Murcar Links Golf Club., Club House",57.2011669,-2.0728254,,clubhouse,Murcar Links Golf Club,https://murcarlinks.com,+44 1224 704354,golf@murcarlinks.com,Bridge of Don,Aberdeen,,AB23 8BD,
way,224413933,Murrayfield Golf Club,55.9499488,-3.2510997,,clubhouse,,https://www.murrayfieldgolfclub.co.uk/,+44 131 337 3478,,Murrayfield Road,Edinburgh,,,
way,6138999,Murrayfield Golf Course,55.9497338,-3.2606357,golf_course,,,https://www.murrayfieldgolfclub.co.uk/,+44 131 347 9961; +44 131 337 3478,,Murrayfield Road,Edinburgh,,EH12 6EU,
relation,20054064,Murrayshall Course,56.4188389,-3.3655723,golf_course,,Murrayshall Country Estate,https://www.murrayshall.co.uk/,+44 1738 551171,info@murrayshall.co.uk,,Scone,,PH2 7PH,
relation,19018943,Musselburgh Golf Course,55.9300364,-3.0550749,golf_course,,,https://www.themusselburghgolfclub.com/,,,,,,,
relation,2858120,"Musselburgh Links, The Old Golf Course",55.9465857,-3.0362931,golf_course,,,http://www.musselburgholdlinks.co.uk/,+44 131 653 5122,,Balcarres Road,Musselburgh,,EH21 7SR,
way,699007751,Muswell Hill Golf Club,51.6047882,-0.1388839,golf_course,,,https://www.muswellhillgolfclub.co.uk/,+44 20 8888 1764,manager@muswellhillgolfclub.co.uk,Rhodes Avenue,London,,N22 7UT,
way,868687906,Myerscough College Golf Complex,53.8539668,-2.7523455,golf_course,,Myerscough College,https://www.myerscough.ac.uk/commercial-services-equine-events/myerscough-golf-complex/,,,,,,,
way,51995340,Mytton Fold Golf Club,53.8059665,-2.4371833,golf_course,,,https://www.mytton-golf.co.uk/,,,,,,,
way,89990459,N1GOLF Centre Morpeth,55.1389683,-1.7305045,golf_course,,,https://morpethgolfcentre.com/,+44 1670 519090,,Walton Road,Morpeth,,NE61 3YJ,
relation,20050270,Naemoor,56.1834409,-3.5986237,golf_course,,Muckhart Golf Club,https://www.muckhartgolf.com/,+44 1259 781423,,Drumburn Road,Muckhart,,FK14 7JH,
way,100903900,Nailcote Hall,52.3933298,-1.612052,golf_course,,,https://www.nailcotehall.co.uk/golf/,+44 2476 466174,,Nailcote Lane,Berkswell,,CV7 7DE,
way,117094185,Nairn Dunbar Golf Club,57.586214,-3.8589465,,clubhouse,,,,,Lochloy Road,Nairn,,IV12 5AE,
way,116597021,Nairn Dunbar Golf Course,57.5906772,-3.8482983,golf_course,,,https://www.nairndunbar.com/,,,,,,,
way,116597015,Nairn Golf Club,57.5845294,-3.908488,golf_course,,,https://nairngolfclub.co.uk/,,,,,,,
way,535360721,Nairn Golf Club,57.5875962,-3.8955116,,clubhouse,,,,,,,,,
way,358412479,National Grid Training Centre Pitch & Putt,53.1443192,-0.9923443,golf_course,,,,,,,,,,
way,187549925,Naunton Downs Golf Club,51.9045722,-1.8374179,golf_course,,,https://www.nauntondowns.co.uk/,+44 1451 850092;+44 1451 850090,,,Cheltenham,,GL54 3AE,
way,7921333,Nazeing Golf Club,51.7333247,0.038511,golf_course,,,https://www.nazeinggolfclub.co.uk/,+44 1992 893798,enquiries@nazeinggolfclub.co.uk,Middle Street,Nazeing,,EN9 2LW,
way,163312996,Neath Golf Course,51.6844746,-3.7922931,golf_course,,,,,,,,,,
way,159975762,Nelson Golf Club,53.8184101,-2.2070279,golf_course,,,https://www.nelsongolfclub.com/,,,,,,,
way,431794578,Nettleton Park Golf Course,53.4946007,-0.3590324,golf_course,,,,,,,,,,
way,93369193,Nevill Golf Club,51.1116452,0.2835953,golf_course,,,https://www.nevillgolfclub.co.uk/,+44 1892 525818;+44 1892 532941,,Benhall Mill Road,Tunbridge Wells,,TN2 5JW,
way,20787843,New Course,51.3486744,-0.4120146,golf_course,,,,,,,,,,
way,116586103,New Course,57.5214369,-1.8081516,golf_course,,Peterhead Golf Club,https://www.peterheadgolfclub.co.uk/course/new-course/,,,Riverside Drive,Peterhead,,AB42 1LT,
way,68283334,New Course,56.3544011,-2.816889,golf_course,,St Andrews Links Trust,http://www.standrews.org.uk/Play/Courses/New-Course,+44 1334 466 666;+44 1334 466 718,reservations@standrews.org.uk,West Sands,St Andrews,,KY16 9XL,
way,377003904,New Cumnock Golf Course,55.4074932,-4.2021201,golf_course,,,https://members.tripod.com/bob_newcumnock/golf/welcomex.html,,,,,,,
way,4623643,New Forest Golf Club,50.8796172,-1.568931,golf_course,,,https://newforestgolfclub.co.uk/,,,,,,,
way,320597620,New Galloway Golf Club,55.0678722,-4.1471177,golf_course,,,https://newgallowaygolfclub.com/,,,,,,,
way,58560910,New Hall Hotel & Spa Pitch & Putt,52.5499685,-1.8048236,golf_course,,,https://www.handpickedhotels.co.uk/hotels/new-hall-hotel/new-hall-health-club/Golf-/,+44 121 335 4741,leisure.newhall@handpicked.co.uk,Walmley Road,Sutton Coldfield,,B76 1QX,
way,320489701,New Mills Golf Club,53.3761741,-2.0116905,golf_course,,,,,,,,,,
way,51912000,New Zealand Golf Club,51.340741,-0.5314709,golf_course,,,,,,,,,,
way,437463301,Newark Golf Centre,53.0978315,-0.7763702,golf_course,,,https://www.newarkgolfcentre.co.uk/,,,,,,,
way,1049940219,Newark Golf Club,53.0754848,-0.7287463,golf_course,,,https://newarkgolfclub.co.uk/,,,,,,,
relation,12338776,Newbattle Golf Club,55.8846834,-3.0633248,golf_course,,,https://newbattlegolfclub.com/,,,,,,,
way,90238348,Newbiggin by the Sea Golf Club,55.1956367,-1.5130537,golf_course,,,https://www.newbiggingolfclub.co.uk/,+44 1670 817344,,,Newbiggin-by-the-Sea,,NE64 6DW,
way,200984574,Newburgh Golf Club,57.3129018,-1.9995878,golf_course,,,https://www.newburghgolfclub.co.uk/,+44 1358 789058,secretary@newburghgolfclub.co.uk,Beach Road,Newburgh,,AB41 6BY,
way,211274263,Newbury & Crookham Golf Club,51.386625,-1.2912879,golf_course,,,https://www.newburygolf.co.uk/,+44 1635 40035,,Bury's Bank Road,Newbury,,RG19 8BZ,
way,48749101,Newcastle Golf Club,52.9971264,-2.2476252,golf_course,,,,,,,,,,
relation,3952029,Newcastle United Golf Club,54.9927557,-1.6445869,golf_course,,,https://www.newcastleunitedgolfclub.co.uk/,,,,,,,
way,374427452,Newcastleton Golf Course,55.1802135,-2.8257009,golf_course,,,https://www.visitnewcastleton.com/content/newcastleton-golf-club,+44 1387 375608,,,,,,
way,162589536,Newent Golf Club,51.9449558,-2.4149642,golf_course,,,https://www.newentgolf.co.uk/,+44 1531 820478,newentgolf@btconnect.com,Coldharbour Lane,Newent,,GL18 1DJ,
way,6825675,Newmachar Golf Club,57.242011,-2.2000367,golf_course,,info@newmachargolfclub.co.uk,https://www.newmachargolfclub.co.uk/,+44 1651 863002,,,Newmachar,,AB21 7UU,
way,1003444985,Newport (Pembs) Golf Club,52.0303055,-4.833735,,clubhouse,,,,,,,,,
way,44280426,Newport Golf Club,51.6012621,-3.0579886,golf_course,,,,,,,,,,
relation,6546317,Newport Golf Club,50.6807347,-1.2755029,golf_course,,,https://www.newportgolfclub.co.uk/,+44 1983 525076,info@newportgolfclub.co.uk,St Georges Lane,Newport,,PO30 3BA,
way,293225431,Newport Links Golf Gourse,52.0284416,-4.8329425,golf_course,,,,,,,,,,
way,117089694,Newquay Golf Course,50.4157532,-5.0961896,golf_course,,,,,,,,,,
way,121228721,Newton Green Golf Course,52.0323313,0.7882212,golf_course,,,https://www.newtongreengolfclub.co.uk/,+44 1787 313215,info@newtongreengolfclub.co.uk,Newton Green,Sudbury,,CO10 0QN,
way,382632647,Newton Stewart Golf Club,54.9647468,-4.4733931,golf_course,,,https://www.newtonstewartgolfclub.co.uk/,+44 1671 402172,info@newtonstewartgolfclub.co.uk,,,,,
way,37697839,Newtonmore Golf Club,57.0620897,-4.1100074,golf_course,,,https://www.newtonmoregolf.com/,+44 1540 673878,,,,,,
way,198580092,Newtonmore Golf Club,57.0639916,-4.118768,,clubhouse,,,,,Golf Course Road,,,PH20 1AT,
way,508141751,Newtownstewart Golf Club,54.7041282,-7.4216197,golf_course,,,https://www.newtownstewartgolfclub.com/,,,,,,,
relation,18755616,Nicklaus Golf Course,53.0712699,-2.8142518,golf_course,,Carden Park,,,,,,,,
way,218473386,Niddry Castle Golf Club,55.9567796,-3.4530666,,clubhouse,,https://www.niddrycastlegolfclub.co.uk/,+44 1506 891097,enquiry@niddrycastlegolfclub.co.uk,Castle Road,Winchburgh,,EH52 6RQ,
way,31398859,Niddry Castle Golf Course,55.9540461,-3.4485979,golf_course,,Niddry Castle Golf Club,https://www.niddrycastlegolfclub.co.uk/,,,,,,,
way,5069119,Nizels,51.2315949,0.2082919,golf_course,,,,,,,,,,
way,292587621,Norfolk Gardens Pitch & Putt,50.8034293,-0.5276653,golf_course,,,https://www.arun.gov.uk/our-parks,+44 1903 722466,parks@arun.gov.uk,Sea Road,,,BN17 5TJ,
way,631852869,Norfolk Premier Golf,52.6301211,1.4403109,golf_course,,,,,,,,,,
way,30861480,Normanby Hall Golf Course,53.6366262,-0.6452927,golf_course,,,https://www.northlincs.gov.uk/leisure/other-leisure-activities/outdoor-sites/normanby-hall-golf-course/,+44 1724 720226;+44 1724 720252,normanbyhall.golfcourse@northlincs.gov.uk,Normanby,Scunthorpe,,DN15 9HU,
way,4343992,Normanton Golf Club,53.703461,-1.4866961,golf_course,,,,,,,,,,
relation,11561829,North Cliff Golf Club,54.2981336,-0.4231359,golf_course,,,http://www.ncgc.co.uk/,,,,,,,
way,5059734,North Downs Golf Course,51.2749107,-0.0312268,golf_course,,,https://www.northdownsgolfclub.co.uk/,+44 1883 653004;+44 1883 652057,,Northdown Road,Caterham,,CR3 7AA,
relation,3349870,North Foreland Golf Club,51.3807803,1.4383928,golf_course,,,https://www.northforeland.co.uk/,+44 1843 862140,office@northforeland.co.uk,Convent Road,Broadstairs,Kent,CT10 3PU,
way,248433778,North Gailes Golf Centre,55.5954011,-4.6587708,golf_course,,,http://www.northgailes.co.uk/golf.html,+441294316090,,Marine Drive,Irvine,,KA11 5AE,
way,21891133,North Hants Golf Club,51.2936527,-0.8380978,golf_course,,,,,,,,,,
way,288236426,North Inch Golf Course,56.4092244,-3.4368764,golf_course,,Perth & Kinross Council,https://www.northinchgolf.co.uk/,+44 1738 475478,northinchgolf@pkc.gov.uk,Hay Street,Perth,,PH1 5HS,
way,138504936,North Lindsey College Pitch & Putt,53.5771201,-0.6703633,golf_course,,,https://www.northlindsey.ac.uk/,,,,,,,
relation,17538527,North Manchester Golf Course,53.5502727,-2.2164133,golf_course,,,https://www.nmgc.co.uk/,+44 161 643 9033,professional@nmgc.co.uk,Manchester Old Road,Middleton,,M24 4PE,
way,4080097,North Middlesex Golf Club,51.6221996,-0.1691583,golf_course,,,https://www.northmiddlesexgc.co.uk/,+44 20 8445 1604,,Friern Barnet Lane,London,,N20 0NL,
way,30421825,North Oxford Golf Club,51.7987037,-1.2757748,golf_course,,,,,,,,,,
way,868681383,North Oxford Golf Club,51.7951424,-1.2732566,,clubhouse,,,,,,,,,
way,10361882,North Ronaldsay Golf Course,59.3737599,-2.4098814,golf_course,,peter.donnelly2@virgin.net,https://northronaldsaytrust.com/2017/06/09/18-hole-golf-course-project/,+44 1857 633242,,,North Ronaldsay,,,
way,62214087,North Shore Golf Course,53.160073,0.3470062,golf_course,,,https://northshoregolf.co.uk/,+44 1754 763298,,,,,,
way,102442331,North Wales Golf Club,53.3077023,-3.8390186,golf_course,,,,,,Bryniau Road,Llandudno,,LL30 2DZ,
way,199091339,North Warwickshire Golf Course,52.433032,-1.6643503,golf_course,,,,,,,,,,
way,228460387,North Weald Golf Club - Par 3,51.711535,0.1500764,golf_course,,,http://www.northwealdgolfclub.co.uk/,+441992524142,,Epping Road,North Weald,,CM16 6AR,
relation,3618533,North Weald Golf Course,51.7304554,0.1666912,golf_course,,,http://www.northwealdgolfclub.co.uk/,+44 1992 522118,,Rayley Lane,North Weald,,CM16 6AR,
way,135930022,North Wilts Golf Club,51.4005656,-1.9714775,golf_course,,,,,,,,,,
way,892007702,Northamptonshire County Golf Club,52.2820358,-0.9425381,,clubhouse,,https://www.countygolfclub.co.uk/,+44 1604 843025,clubmanager@countygolfclub.co.uk,Golf Lane,Church Brampton,,NN6 8AZ,
way,146784624,Northamptonshire County Golf Course,52.2758675,-0.9387313,golf_course,,Northamptonshire County Golf Club,,,,Golf Lane,Church Brampton,,NN6 8AZ,
way,93158349,Northcliffe Golf Course,53.8251684,-1.7960449,golf_course,,,https://www.northcliffegc.org.uk/login.php,,,,,,,
way,4967685,Northenden Golf Course,53.4172492,-2.2562676,golf_course,,,https://www.northendengolfclub.com/contact,+44 161 998 4738;+44 161 945 3386,secretary@northendengolfclub.com,Palatine Road,Northenden,,M22 4FR,
way,8916938,Northolt Golf Course,51.5375225,-0.379655,golf_course,,,,,,,,,,
relation,6475289,Northop Country Park Golf Club,53.2006062,-3.1222206,golf_course,,,,,,,,,,
relation,3804206,Northumberland Golf Club,55.0310124,-1.6107417,golf_course,,,https://www.thengc.co.uk/,,,,,,,
way,286797258,Northumberland Golf Club Clubhouse,55.0339391,-1.6223596,,clubhouse,,,,,,,,,
way,33569449,Northwood Golf Course,51.6055967,-0.4281434,golf_course,,,,,,,,,,
way,167589181,Norton Golf Course,54.5998933,-1.3375579,golf_course,,,,+44 1642 676385,,Blakeston Lane,"Norton, Stockton On Tees",,,
way,852429575,Norwich Family Golf Centre,52.6468912,1.1657945,golf_course,driving_range,,,,,Dunham Road,Norwich,,NR9 5GA,
way,427077865,Norwood Park Golf Course,53.0860091,-0.9752264,golf_course,,,,,,,,,,
way,157549064,Notley Golf Course,51.8487884,0.5788272,golf_course,,,,,,,,,,
way,31454657,Nottingham City Golf Club,53.0125103,-1.2044147,golf_course,,,http://www.nottinghamcitygolfclub.co.uk/,,,,Nottingham,,NG6 8LF,
way,613546381,Notts Golf Club,53.0845805,-1.2221719,,clubhouse,,https://www.hollinwell.co.uk/,+44 1623 753225,,Derby Road,Nottingham,,NG17 7QR,
way,154901392,Nuneaton Golf Club,52.5065022,-1.4185264,golf_course,,,,,,,,,,
way,98139737,Nunfield Golf Course,55.0819254,-3.602386,golf_course,,,https://www.thecounty.co.uk/,,,,,,,
way,252727592,Oak Mead Family Golf (Pitch & Putt),50.7033149,-3.1817819,golf_course,,,https://www.oakdown.co.uk/golf.html,+44 1297 680387,enquiries@oakdown.co.uk,Gatedown Lane,Sidmouth,,EX10 0PT,
way,39776972,Oak Meadow Golf Club,50.6210537,-3.4492322,golf_course,,,,,,,,,,
relation,14401608,Oak Park Golf Club,51.2317657,-0.8470777,,clubhouse,,https://www.oakparkgolf.co.uk/,+44 1252 850850,,Heath Lane,Farnham,,GU10 5PB,
way,699072007,Oak Royal Golf & Country Club,53.70413,-2.5586698,golf_course,,,http://www.oakroyalgolf-countryclub.co.uk,+44 1254 830616,enquiries@oakroyalgolf-countryclub.co.uk,Bury Lane,Chorley,,PR6 8SW,
way,49302222,Oakdale Golf Club,53.9970481,-1.5647689,golf_course,,,https://www.oakdalegolfclub.co.uk/,,,,,,,
way,560470572,Oake Manor Golf Club,51.0187804,-3.208331,,clubhouse,,https://oakemanor.com/,+44 1823 461993,golf@oakemanor.com,Bradford Road,Taunton,,TA4 1BA,
relation,13061160,Oake Manor Golf Course,51.0187151,-3.2104492,golf_course,,Oake Manor Golf Club,,,,,Taunton,,TA4 1BA,
way,403367839,Oakland Park Golf Club,51.6239245,-0.5833162,golf_course,,,https://www.oaklandparkgolfclub.co.uk/,,,Three Households,Chalfont St. Giles,,HP8 4LW,
way,400995522,Oakleaf Golf Complex,54.6121449,-1.5975567,golf_course,,,http://www.great-aycliffe.gov.uk/oakleafgolfcomplex/the-course.html,+44 1325 310820,,School Aycliffe Lane,Newton Aycliffe,,,
way,299250197,Oakley Court Hotel Golf Course,51.4879854,-0.6701535,golf_course,,,http://www.oakleycourtwindsor.com/,+44 118 971 4700,,Windsor Road,Windsor,,SL4 5UR,
way,92322030,Oakmere Park Golf Club,53.0707901,-1.0861635,golf_course,,,https://www.oakmerepark.co.uk/,+44 115 9653545,enquiries@oakmerepark.co.uk,Oaks Lane,Southwell,,NG25 0RH,
relation,3976905,Oakridge Golf Club,52.5147732,-1.5645185,golf_course,,,https://www.oakridgegolfclub.co.uk/,+44 1676 540 542;+44 1676 541 389,,Arley Lane,Nuneaton,,CV10 9PH,
relation,16278,Oaks Sports Centre,51.3395795,-0.1766159,golf_course,,,https://theoaksgolf.co.uk/,,,,,,,
way,1235117257,Oaksey Park,51.6450021,-2.007298,golf_course,,,,,,,,,SN16 9SB,
way,103543896,Oatridge Golf Course,55.9435372,-3.5147747,golf_course,,,,+44 1506 859636,golf.course@sruc.ac.uk,,Ecclesmachan,,EH52 6NH,
way,189599904,Ogbourne Downs Golf Club,51.4749587,-1.7057149,golf_course,,,,,,,,,,
relation,14004481,Okehampton Golf Course,50.7267731,-4.0153854,golf_course,,Okehampton Golf Club,,,,,,,,
way,1276434029,Old Colwyn Golf Club,53.283432,-3.6927379,golf_course,,,,,,,,,,
relation,3357217,Old Course,51.3510893,-0.4152112,golf_course,,,,,,,,,,
way,406958677,Old Course,56.596692,-2.6108628,golf_course,,,,,,,,,,
relation,19898499,Old Course,52.1655801,0.1747403,golf_course,,The Gog Magog Golf Club,https://www.gogmagog.co.uk/,+44 1223 247626;+44 1223 415391,,Shelford Bottom,Cambridge,,CB22 3AB,
way,18080206,Old Course,55.5254098,-4.6372954,golf_course,,Royal Troon Golf Club,https://www.royaltroon.co.uk/the-courses/old-course/,,bookings@royaltroon.co.uk,Craigend Road,Troon,,KA10 6EP,
way,20841900,Old Course,51.3142268,-0.2676223,golf_course,,Royal Automobile Club,https://www.royalautomobileclub.co.uk/woodcote-park/golf/the-courses/,,,Wilmerhatch Lane,Epsom,,KT18 7EW,
way,1019045811,Old Course,56.3518268,-2.814273,golf_course,,St Andrews Links Trust,http://www.standrews.org.uk/Play/Courses/Old-Course,+44 1334 466 666;+44 1334 466 718,reservations@standrews.org.uk,West Sands,St Andrews,,KY16 9XL,
relation,3334165,Old Course Ranfurly Golf Club,55.8489582,-4.5773316,golf_course,,secretary@oldranfurly.com,http://www.oldranfurly.com/,+44 1505 613612; +44 1505 613214,,Ranfurly Place,Bridge of Weir,,PA11 3DE,
way,3848339,Old Fold Manor Golf Course,51.6651288,-0.2051362,golf_course,,,https://www.oldfoldmanor.co.uk/,+44 20 8440 9185,,Old Fold Lane,"Hadley Green, Barnet",,EN5 4QN,
way,186381721,Old Thorns,51.0738402,-0.836807,golf_course,,,https://www.oldthorns.com/,,,,,,,
way,506521776,Oldham Golf Club,53.5262198,-2.0685962,golf_course,,,,,,,,,,
way,128738942,Oldmeldrum Golf Club,57.3367691,-2.3000307,golf_course,,,https://www.oldmeldrumgolf.co.uk/,+44 1651 872648,admin@oldmeldrumgolf.co.uk,Kirkbrae,Oldmeldrum,,AB51 0DJ,
way,24822555,Olton Golf Course,52.4289575,-1.7869496,golf_course,,,,,,,,,,
relation,19313752,Omagh Golf Club,54.5892392,-7.2928456,golf_course,,,,,,,,,,
way,94827901,Onneley Golf Club,52.9892881,-2.3637143,golf_course,,,,,,,,,,
way,78572602,Onneley Golf Club House,52.9866106,-2.3661002,,clubhouse,,,,,,,,,
way,304311041,Orchardleigh Golf Club,51.2609033,-2.3191149,golf_course,,,https://www.orchardleighgolf.co.uk/,,,,,,,
way,179484479,Orkney Golf Club,58.9849041,-2.9869959,golf_course,,,https://orkneygolfclub.co.uk/,+44 1856 87 2457,,Grainbank,Kirkwall,,KW15 1RD,
way,916848753,Orkney Golf Club,58.9873447,-2.9828865,,clubhouse,,,,,Hatston Brae,Kirkwall,,KW15 1UA,
way,392081117,Ormeau Golf Club,54.5829476,-5.914465,golf_course,,,,,,,,,,
way,174320098,Ormonde Fields Golf Course,53.0407672,-1.3604603,golf_course,,,https://www.ormondefieldsgolfclub.co.uk/,,,,,,,
way,4785267,Ormskirk Golf Club,53.5728024,-2.8415272,golf_course,,,https://www.ormskirkgolfclub.com/,,,,,,,
way,24215119,Orpington Golf Centre,51.4064341,0.122513,golf_course,,,,,,,,,,
way,5051929,Orpington Golf Centre,51.405432,0.1311081,golf_course,,,,,,Sandy Lane,Orpington,,BR5 3HY,
way,94530219,Orsett Golf Club,51.4988069,0.3903014,golf_course,,,https://www.orsettgolfclub.co.uk/,+44 1375 891352,,Brentwood Road,Orsett,,RM16 3DR,
relation,4003072,Orton Meadows Golf Course,52.5589013,-0.2922311,golf_course,,Nene Park Golf,http://neneparkgolf.com/,+44 1733 237478,,Ham Lane,Peterborough,,PE2 5UU,
relation,7658268,Osborne Golf Club,50.7547211,-1.2672889,golf_course,,,https://www.osbornegolfclub.co.uk/,+44 1983 295421,,,East Cowes,,PO32 6JX,
way,127207721,Oswestry Golf Course,52.834794,-2.9917827,golf_course,,,https://www.oswestrygolfclub.co.uk/,,,Queens Head,Oswestry,,SY11 4JJ,
way,4949533,Otley Golf Club,53.9006415,-1.7275314,golf_course,,Otley Golf Club,https://www.otleygolfclub.co.uk/,,,West Busk Lane,Otley,,LS21 3NG,
relation,3581451,Otter Valley Golf Centre,50.841105,-3.1413605,golf_course,,,https://www.otter-golf.co.uk/,+44 1404 861266,,,,,,
way,80786776,Otterbourne Golf Course,51.0138848,-1.3631328,golf_course,,,,,,,,,,
way,4344061,Oulton Park Golf Course,53.7452014,-1.4616925,golf_course,,,,,,,,,,
way,143137061,Oundle Golf Club,52.479223,-0.5020588,golf_course,,proshop@oundlegolfclub.com,https://www.oundlegolfclub.com/,+44 1832 273267,,Benefield Road,Peterborough,,PE8 4EZ,
way,27140530,Outlane Golf Club,53.6538712,-1.8651582,golf_course,,,,,,,,,,
way,798091463,Overstone Park Golf Club,52.2778864,-0.817221,golf_course,,,,,,Overstone Park,Northampton,,NN6 0AS,
way,46511744,Owston Hall Golf Course,53.5929371,-1.1788136,golf_course,,,https://owstonhall.com/home/golf/,+44 1302 722231,,Owston Lane,,,,
way,1382117485,Owston Park Golf Course,53.5920927,-1.166726,golf_course,,,,,,,,,,
way,170777623,Oxford Golf Centre,51.7565053,-1.2844431,golf_course,,,http://www.oxfordgolfcentre.co.uk/,,,,,,,
way,21908266,Oxford Golf Club,51.7440386,-1.2128174,golf_course,,,,,,Hill Top Road,Oxford,,OX4 1PF,
way,97692002,Oxfordshire Golf Club,51.7319795,-1.0131123,golf_course,,,,,,,,,,
way,47359425,Oxley Park Golf Club,52.6104052,-2.1388057,golf_course,,,,,,,,,,
way,27178922,Pachesham Golf Course,51.3120029,-0.347987,golf_course,,,,,,,,,,
way,157355145,Padbrook Park,50.8486719,-3.3985289,,clubhouse,,,,,,,,,
way,801424500,Padeswood & Buckley Golf Course,53.1484896,-3.0921138,golf_course,,,,,,,,,,
relation,3923273,Painswick Golf Course,51.8035767,-2.1899843,golf_course,,,https://www.painswickgolf.com/,+44 1452 812615;+44 1452 812180,,Golf Course Road,Painswick,,GL6 6TL,
way,24574363,Paisley Golf Club,55.8081369,-4.4514815,golf_course,,,https://paisleygolfclub.com/,,,,,,,
way,38001013,Palacerigg Golf Club,55.9391655,-3.9398336,golf_course,,,http://www.palacerigggolfclub.co.uk/,,,,,,,
relation,3346748,Palewell Pitch & Putt,51.459799,-0.2583063,golf_course,,,https://www.facebook.com/pages/Palewell-Park-Pitch-And-Putt/116791691735830,+44 1245 257682;+44 7714 296095,,Palewell Common Drive,London,,SW14 8RE,
way,203600180,Palleg Golf Course,51.7833609,-3.7869948,golf_course,,,,,,,,,,
way,1493320625,Palmerston Course,51.8045651,-0.2378257,golf_course,,Brocket Hall,,,,,,,,
relation,19979478,Panmure Golf Club,56.4953087,-2.7520694,,clubhouse,,,+44 1241 855120,secretary@panmuregolfclub.co.uk,,Carnoustie,,DD7 7RT,
way,26236148,Panmure Links,56.491712,-2.7675251,golf_course,,Panmure Golf Club,https://www.panmuregolfclub.co.uk/,+44 1241 855120,secretary@panmuregolfclub.co.uk,,Carnoustie,,DD7 7RT,
relation,10808242,Pannal Golf Club,53.9579357,-1.5206637,golf_course,,,https://www.pannalgc.co.uk/,,,Follifoot Road,Harrogate,,HG3 1ES,
way,19803462,Panshanger Golf Complex,51.8084875,-0.1738601,golf_course,,,http://www.finesseleisure.com/golf-complex,+44 1707 276276,,Old Herns Lane,Welwyn Garden City,,AL7 2ED,
relation,18300020,Par 3 Course,51.1184607,1.0918005,golf_course,,,,,,,,,,
way,40430312,Par 3 Course,53.4876046,-2.7749799,golf_course,,Clarks' Golf Centre,https://www.clarkesgolf.co.uk/pages/par-3-course,,,Mill Lane,St Helens,,WA11 8LN,
way,1471902268,Par 3 Short Course,50.7972791,-0.7857357,golf_course,,Chichester Golf Club,https://chichestergolf.com/par3-short-course/,,,,,,,
way,1213436263,Parc Golf Club,51.5471188,-3.051074,,clubhouse,,https://parcgolfclub.com/,+44 1633 680 933,parc.golf@hotmail.com,Church Lane,Newport,,NP10 8TU,
way,169680388,Park House Hotel & Spa,50.9603831,-0.7728914,golf_course,,,https://www.parkhousehotel.com/,+44 1730 819000,,,Midhurst,,GU29 0JB,
relation,8042122,Park Wood Golf Club,51.2895285,0.031512,golf_course,,,https://www.parkwoodgolf.co.uk/,+44 1959 577177;+44 1959 577744,mail@parkwoodgolf.co.uk,Chestnut Avenue,Tatsfield,,TN16 2EG,
way,286799229,Parklands Golf Course Clubhouse,55.0372938,-1.6097674,,clubhouse,,,,,,,,,
relation,16622556,Parkstone Golf Club,50.7092351,-1.931462,golf_course,,,,,,,,,,
way,1060836422,Parley Golf Centre Clubhouse,50.7747561,-1.8526269,,clubhouse,,https://www.parleygolf.co.uk/,+44 1202 591600,,Parley Green Lane,Bournemouth,,BH23 6BB,
way,143786334,Parley Golf Centre Course,50.7733707,-1.8492363,golf_course,,,https://www.parleygolf.co.uk/,+44 1202 591600,,Parley Green Lane,Bournemouth,,BH23 6BB,
relation,4172353,"Patshull Park Hotel, Golf & Country Club",52.6011761,-2.293767,golf_course,,,https://www.patshull-park.co.uk/golf.aspx,+44 1902 700342,,,Shropshire,,WV6 7HR,
way,116585155,Paul Lawrie Golf Centre,57.1117852,-2.1688886,golf_course,,,https://www.paullawriegolfcentre.co.uk/,+44 1224 865750,info@paullawriegolfcentre.co.uk,South Deeside Road,Aberdeen,,AB12 5YN,
way,24852495,Paultons Golf Centre,50.9517556,-1.5527191,golf_course,,Paultons Estates,https://www.paultonsgolf.co.uk/,+44 2380 811212,paultons@crown-golf.co.uk,Old Salisbury Road,Romsey,,SO51 6AN,
way,141470514,Pavenham Park Golf Club,52.1945054,-0.5439103,golf_course,,,https://www.pavenhampark.com/,,,,,,,
way,180587172,Pavilion,52.9748698,-1.4033216,,clubhouse,,,,,,Ilkeston,,DE7 6QA,
way,105613230,Peacehaven Golf Course,50.7935097,0.0328942,golf_course,,,,,,,,,,
way,5051893,Pedham Place Golf Centre,51.3798992,0.201096,golf_course,,,https://www.ppgc.co.uk/,+44 1322 86 7000,,London Road,Swanley,,BR8 8PP,
way,105039670,Peebles Golf Club,55.6567055,-3.2084954,golf_course,,,https://www.peeblesgolfclub.com/,,,,,,,
relation,3622058,Penn Common Golf Course,52.5484289,-2.1519137,golf_course,,,https://www.penngolfclub.co.uk/,+44 1902 341142; +44 1902 330472,,,,,,
way,291204422,Pennant Park Golf Club,53.2993855,-3.2431741,golf_course,,,,,,,,,,
way,21782090,Pennard Golf Club,51.5756154,-4.0981775,golf_course,,,,,,,,,,
way,452689930,Pennard Golf Club,51.5729797,-4.095068,,clubhouse,,,,,Southgate Road,,,SA3 2BT,
way,34495665,Pennington Golf Course,53.4905871,-2.5343698,golf_course,,,,,,,,,,
node,12126829329,Penrhos Golf Club,52.3045243,-4.1324008,,clubhouse,,,,,,,,,
way,925664512,Penrhos Golf Course,52.3009494,-4.1227202,golf_course,,,,,,,,,,
way,120237011,Penrith Golf Course,54.6802596,-2.7514315,golf_course,,,https://www.penrithgolf.org/,,,,,,,
way,1167961307,Penrith Golf Hub,54.6507175,-2.778217,golf_course,,,https://www.penrithgolfhub.co.uk/,,,,,,,
way,89875829,Penwortham Golf Course,53.7552285,-2.7389144,golf_course,,,,,,Blundell Lane,Preston,,PR1 0AX,
way,116846320,Percy Wood Country Park,55.3227246,-1.752161,golf_course,,,https://www.percywood.co.uk/,+44 1670 787649,,Chesterhill,Morpeth,,NE65 9JW,
way,578916423,Perranporth Golf Club,50.3508671,-5.1443077,golf_course,,,https://www.perranporthgolfclub.co.uk/,,,Budnic Hill,Perranporth,,TR6 0AB,
way,160826326,Perton Golf Club,52.5919307,-2.2215822,golf_course,,,https://www.pertongolfclub.co.uk/,+44 1902 380073,admin@pertongolfclub.co.uk,Wrottesley Park Road,"Perton, Wolverhampton",,WV6 7HL,
way,1383310529,Peter Cowen Golf Academy,53.4433714,-1.4095064,,clubhouse,,http://www.petecowen.com/,+44 1709 555 999,,,,,,
way,348711385,Peterborough Milton,52.5778826,-0.3179849,golf_course,,,,,,,,,,
way,7976348,Peterculter Golf Club,57.0862287,-2.2702848,golf_course,,,https://www.petercultergolfclub.co.uk/,+44 1224 735245; +44 1224 734994,info@petercultergolfclub.co.uk,Burnside Road,Peterculter,,AB14 0LN,
way,293517248,Peterculter Golf Club,57.0883293,-2.2669805,,clubhouse,,,,,,Peterculter,,AB14 0LN,
way,322711467,Peterhead Golf Club,57.5180971,-1.801138,,clubhouse,,,,,Riverside Drive,Peterhead,,AB42 1LT,
way,141850330,Petersfield Golf Club,51.0239761,-0.9158564,golf_course,,,https://www.petersfieldgolfclub.co.uk/,+44 1730 895165,,Tankerdale Lane,Liss,,GU33 7QY,
way,44282601,Peterstone Golf Club,51.5223359,-3.0407675,golf_course,,,,,,,,,,
way,204317950,Pettens Links,57.2663038,-2.0311398,golf_course,,,,,,,,,,
way,508441475,Phear Park Pitch & Putt,50.624396,-3.4025549,golf_course,,,,,,,,,,
way,23322751,Phoenix Sports and Social Club,53.4127564,-1.3756696,golf_course,,,https://www.phoenixgolfclub.co.uk/,+44 1709 363788,,Pavilion Lane,Rotherham,,S60 5PA,
way,172509594,Pike Fold Golf Club,53.5583604,-2.2606066,golf_course,,,,,,,,,,
way,149763797,Pike Hill Clubhouse,53.9209699,-1.1417302,,clubhouse,,,,,,York,,YO23 3UW,
way,88126231,Pike Hills Golf Club,53.9243213,-1.1370856,golf_course,,,https://www.pikehillsgolfclub.co.uk/,,,Tadcaster Road,York,,YO23 3UW,
way,99314843,Piltdown Golf Club,50.9805283,0.059187,golf_course,,,https://www.piltdowngolfclub.co.uk/,+44 1825 722389,office@piltdowngolfclub.co.uk,Piltdown,Uckfield,,TN22 3XB,
way,24150584,Pine Ridge Golf Course,51.320094,-0.7066229,golf_course,,,,,,,,,,
way,698885899,Pinner Hill Clubhouse,51.6116837,-0.3992018,,clubhouse,,,,,,,,,
way,7938360,Pinner Hill Golf Club,51.6103787,-0.3946854,golf_course,,,https://www.pinnerhillgc.co.uk/,+44 20 8866 0963,phgc@pinnerhillgc.com,South View Road,Pinner,,HA5 3YA,
way,181323381,Piperdam Golf & Leisure Resort,56.5,-3.1369183,golf_course,,,https://www.landal.co.uk/parks/piperdam?gclsrc=aw.ds&gad_source=1#filter:eyJhttps://www.landal.co.uk/parks/piperdamzIjoiMyJ9,,,,,,,
way,265033636,Pitch & Putt,52.9506917,0.4980997,golf_course,,,,,,,,,,
way,444877524,Pitch & Putt,51.780642,0.9485708,golf_course,,,,,,,,,,
way,463054241,Pitch & Putt,55.6337317,-6.1890379,golf_course,,,,,,,,,,
way,120458032,Pitch & putt course,53.3349234,-1.2990857,golf_course,,,,,,,,,,
way,166739815,Pitch & Putt Course,52.9855831,-1.1382221,golf_course,,,,,,,,,,
way,166739816,Pitch & Putt Course,52.985374,-1.1348537,golf_course,,,,,,,,,,
way,38319204,Pitcheroak Golf Course,52.2995188,-1.9523381,golf_course,,,,,,,,,,
relation,20049523,Pitfarrane Course,56.0597767,-3.5120651,golf_course,,Dunfermline Golf Club,https://www.dunfermlinegolfclub.com/,+44 1383 723534;+44 1383 729061,secretary@dunfermlinegolfclub.com,Cairneyhill Road,Crossford,,KY12 8QW,
way,887385930,Pitlochry Golf Course,56.709569,-3.7366397,,clubhouse,,,,,,,,,
way,86866031,Pitlochry Golf Course,56.7127804,-3.7430527,golf_course,,,https://www.pitlochrygolf.co.uk/,+44 1796 472 792,info@pitlochrygolf.co.uk,Golf Course Road,Pitlochry,,PH16 5QY,
way,641833638,Pitlochry Putting Green,56.7038154,-3.7411245,golf_course,green,,,,,,,,,
way,96427715,Pitreavie Golf Club,56.0540058,-3.4273239,golf_course,,,https://www.pitreaviegolfclub.co.uk/,+44 1383 722591,secretary@pitreaviegolfclub.co.uk,Queensferry Road,Dunfermline,,KY11 8PR,
way,444197465,Pitreavie Golf Club,56.0552939,-3.4371941,,clubhouse,,https://www.pitreaviegolfclub.co.uk/,+44 1383 722591,secretary@pitreaviegolfclub.co.uk,Queensferry Road,Dunfermline,,KY11 8PR,
way,1096356493,Pittville Park Pitch & Putt,51.9113768,-2.073892,golf_course,,,https://www.cheltenham.gov.uk/info/200073/parks_and_open_spaces/296/outdoor_sports_facilities/4,+44 1242 519215,,,,,,
way,63832641,Play Golf Colchester (Lexden Wood Golf Course),51.8998657,0.8617591,golf_course,,,http://playgolfcolchester.com/,+44 1206 843333,colchester@playgolfworld.com,Bakers Lane,Colchester,,CO3 4AU,
relation,3346198,Playsport Golf Test Drive Range,55.7812641,-4.1792622,golf_course,,playsportgolf@googlemail.com,https://www.playsportgolf.co.uk/,+44 1355 575 980,,Stewartfield Way,Glasgow,,G74 4GT,
way,783090863,Pleasington Golf Club,53.7309341,-2.5540069,golf_course,,,https://www.pleasington-golf.co.uk/,,,,,,,
way,33189195,Plymouth Central Park Pitch & Putt,50.3825578,-4.1519799,golf_course,,,https://www.plymouth.gov.uk/homepage/leisureandtourism/parksnatureandgreenspaces/parks/centralpark.htm,+44 1752 509391,,,,,,
way,337872600,Plymouth Golf Centre,50.3693022,-4.0665675,golf_course,,,,,,,,,,
way,126833613,Point at Polzeath Golf Course,50.5655721,-4.9017529,golf_course,,,,,,,,,,
way,10127242,Pollok Golf Course,55.8265162,-4.3190389,golf_course,,Manager@pollokgolf.com,https://www.pollokgolf.com/,+44 141 632 4351; +44 141 632 1080,,Barrhead Road,Glasgow,,G43 1BG,
way,134754510,Polmont Golf Club,55.968423,-3.7058692,golf_course,,,http://www.polmontgolfclub.co.uk/,+44 1324 711277,,Manuelrigg,Maddiston,,FK2 0LS,
way,219546045,Pontardawe Golf Club,51.7315567,-3.8515369,golf_course,,,,,,,,,,
way,644981008,Pontefract and District Golf Club,53.6935272,-1.3423266,,clubhouse,,,,,Park Lane,Pontefract,,WF8 4QS,
way,957757142,Pontefract and District Golf Club,53.6959418,-1.3427118,golf_course,,,https://www.pdgc.co.uk/,+441977792241,,Park Lane,Pontefract,,WF8 4QS,
way,89990479,Ponteland Golf Club,55.0525637,-1.7288675,golf_course,,,https://www.thepontelandgolfclub.co.uk/,,,,,,,
way,1000430621,Pontnewydd Golf Course,51.6706028,-3.0390939,golf_course,,,,,,,,,,
way,48673953,Pontypridd Golf Club,51.6051016,-3.3189449,golf_course,,,,,,,,,,
way,389126066,Port Bannatyne Golf Club,55.8567604,-5.0901688,golf_course,,,http://portbannatynegolfclub.co.uk/,,,Bannatyne Mains Road,Port Bannatyne,,PA20 0PH,
way,118610228,Port Glasgow Golf Club,55.9192146,-4.683905,golf_course,,,https://www.portglasgowgolfclub.co.uk/,,,,,,,
way,409244100,Portadown Golf Club,54.4042153,-6.4137151,golf_course,,,,,,,,,,
way,22944282,Portal Golf and Country Club,53.1613418,-2.6513539,golf_course,,,,,,,,,,
way,22944281,Portal Golf and Country Club Premier Course,53.1707342,-2.6530431,golf_course,,,,,,,,,,
way,4475973,Porters Park Golf Club,51.6905796,-0.304669,golf_course,,,https://www.portersparkgolfclub.co.uk/,+44 1923 854127,enquiries@porterspark.com,Shenley Hill,Radlett,,WD7 7AZ,
way,485001118,Porters Wood Golf Course,53.551518,-2.6970975,golf_course,,,https://porterswoodgolfcourse.co.uk/,,,,,,,
way,88393939,Porthmadog Golf Club,52.9135658,-4.1571638,,clubhouse,,,,,,,,,
relation,3581426,Porthpean Golf Club,50.3232853,-4.7746971,golf_course,,porthpeangolfclub@hotmail.co.uk,https://www.porthpeangolfclub.co.uk/,+44 1726 64613,,,Porthpean,,PL26 6AY,
way,1436250708,Portland Course,55.5280197,-4.6388557,golf_course,,Royal Troon Golf Club,https://www.royaltroon.co.uk/the-courses/portland-course/,,bookings@royaltroon.co.uk,Craigend Road,Troon,,KA10 6EP,
way,8030234,Portlethen Golf Club,57.0658108,-2.1450693,golf_course,,admin@portlethengolfclub.com,https://www.portlethengolfclub.com/,+44 1224 781090,,Badentoy Road,Portlethen,,AB12 4YA,
way,97057602,Portlethen Golf Club,57.0678788,-2.1468533,,clubhouse,,,,,Badentoy Road,Portlethen,,AB12 4YA,
relation,16665047,Portmahomack Golf Club,57.8343745,-3.8230237,golf_course,,,https://portmahomackgolfclub.com/,,,,,,,
way,361034870,Portmore Golf Park,51.0682624,-4.022214,golf_course,,,,,,,,,,
way,29260093,Portobello Golf Clubhouse,55.9481247,-3.1148085,,clubhouse,,,,,,,,,
way,6175845,Portobello Golf Course,55.9467487,-3.1136602,golf_course,,euanmcintyre@edinburghleisure.co.uk,https://www.edinburghleisure.co.uk/venues/portobello-golf-course,+44 131 669 4361,,Stanley Street,Edinburgh,,EH15 1JJ,
way,264452446,Portpatrick Dunskey Golf Club,54.8478127,-5.1201148,golf_course,,,https://www.portpatrickgolfclub.com/,,,,,,,
way,1127406047,Portpatrick Dunskey Golf Club,54.8467785,-5.1151429,,clubhouse,,https://www.portpatrickgolfclub.com/,+44 1776 810273,enquiries@portpatrickgolfclub.com,Golf Club Road,Portpatrick,,DG9 8TB,
way,13876458,Portsmouth Golf Club,50.8554703,-1.0339579,golf_course,,,,,,,,,,
way,136247545,Pott Shrigley Golf Club,53.3159543,-2.089267,golf_course,,,,,,,,,,
way,1453293482,Pottergate Golf Club,53.195528,-0.4189059,,clubhouse,,https://www.pottergategolfclub.co.uk/,+44 1522 794 867,,Moor Lane,Lincoln,Lincolnshire,LN4 1JA,
way,227048773,Potters Resort Pitch & Putt,52.5346747,1.7367623,golf_course,,,https://www.pottersholidays.com/sports-and-leisure-activities,+44 845 437 9894,,,,,,
relation,3393960,Poult Wood Golf Course - 18 Hole,51.2230194,0.3028973,golf_course,,,https://www.tmactive.co.uk/locations/poult-wood,+44 1732 364039,,Higham Lane,Tonbridge,,TN11 9QR,
relation,16053213,Poult Wood Golf Course - 9 Hole,51.223935,0.2961225,golf_course,,,https://www.tmactive.co.uk/locations/poult-wood,,,,Tonbridge,,TN11 9QR,
way,20365606,Poulton Golf Club,53.4218958,-2.5578466,golf_course,,,,,,,,,,
way,160460136,Poulton le Fylde Golf Club,53.8561289,-2.9911988,golf_course,,,https://poultonlefyldegolfclub.co.uk/,,,Breck Road,Poulton-le-Fylde,,FY6 7HJ,
way,253898820,Powfoot Golf Club,54.9770609,-3.3419755,golf_course,,,https://www.powfootgolfclub.com/,,,,,,,
way,232435011,Praa Sands Golf Course,50.1111807,-5.3875515,golf_course,,,https://haulfrynholidays.co.uk/welcome-to-praa-sands-holiday-park/,,,,,,,
relation,2867471,Practise area,56.1191334,-3.950204,golf_course,,,https://www.stirlinggolfclub.com/,,,,,,,
way,154989082,Prenton Golf Course,53.3626613,-3.0511729,golf_course,,,,,,,,,,
way,238857619,Prestatyn Golf Club,53.3438047,-3.3851448,,clubhouse,,,,,Marine Road East,Prestatyn,,LL19 7HS,
way,41328700,Prestatyn Golf Course,53.3445457,-3.3841911,golf_course,,,,,,,,,,
way,366301164,Prestbury Golf Club,53.2830675,-2.1585303,golf_course,,Prestbury Golf Club,https://www.prestburygolfclub.com/,+44 1625 828241,,Macclesfield Road,Prestbury,,SK10 4BJ,
relation,975308,Preston Golf Club,53.7887787,-2.6903621,golf_course,,,https://www.prestongolfclub.com/,+44 1772 700011,secretary@prestongolfclub.com,Fulwood Hall Lane,Preston,,PR2 8DD,
way,5364370,Prestonfield Golf Course,55.9362184,-3.156754,golf_course,,,https://www.prestonfieldgolf.co.uk/,,,,,,,
way,422681545,Prestongrange House,55.9522182,-2.9965854,,clubhouse,,,,,,,,,
way,255699559,Prestwich Golf Course,53.518082,-2.2822708,golf_course,,,,,,,,,,
relation,12095589,Prestwick Golf Club,55.5086221,-4.621193,golf_course,,,https://www.prestwickgc.co.uk/,+44 1292 477404;+44 1292 479483,,,,,,
relation,5490811,Prince Bishops Course,54.7977686,-1.5101604,golf_course,,Ramside Hall Hotel & Golf Club,https://www.ramsidehallhotel.co.uk/golf/prince-bishops-course/,+44 191 386 9514,,,,,,
way,24494292,Princes Golf Club,51.2934894,1.3711507,golf_course,,,,,,,,,,
way,5051910,Princes Park Golf Course,51.4348993,0.2302888,golf_course,,,http://www.dartfordfconline.com/site/?q=pages/princes-park-golf-course,+44 1322 299991,,,,,,
way,164070717,Priory Bay Hotel Golf Course,50.7076704,-1.1045128,golf_course,,,http://www.priorybay.co.uk/activities/golf,+44 1983 613146,enquiries@priorybay.co.uk,Priory Drive,Seaview,,PO34 5BU,
way,839686088,Priory Golf & Activity Centre,52.5208846,0.0858867,golf_course,,,,,,,,,,
way,358155673,Priory Park Golf Course,52.0167524,1.1926789,golf_course,,,https://www.priory-park.com/,+44 1473 727393,enquiries@priory-park.com,,Ipswich,,IP10 0JT,
way,1427923011,Pro shop,52.2173217,-1.2597087,,clubhouse,,,,,,,,,
way,144671903,Prudhoe Golf Club,54.9602836,-1.8280576,golf_course,,,https://www.prudhoegolfclub.co.uk/,+44 1661 832466,,Eastwoods Road,Prudhoe,,NE42 5DX,
way,473333599,Pryors Hayes Golf Club,53.1912763,-2.7262631,golf_course,,,,,,,,,,
way,31799761,Pumpherston Golf Club,55.9073304,-3.4827772,golf_course,,,https://www.pumpherstongolfclub.co.uk/,+44 1506 432869,,Drumshoreland Road,Pumpherston,,EH53 0LQ,
way,55260853,Purley Chase Golf Course,52.5479821,-1.5521517,golf_course,,,,,,,,,,
way,205703500,Purley Downs Golf Club,51.3355947,-0.095157,golf_course,,,,,,,,,,
way,22921244,Puttenham Golf Club,51.2204174,-0.6523396,golf_course,,,,,,,,,,
way,722091265,Putting Green,50.7799259,-0.6901386,golf_course,,,,,,,,,,
way,257696299,Pwllheli Golf Club,52.8784486,-4.4331483,,clubhouse,,,,,,,,,
way,90803562,Pwllheli Golf Course,52.8792538,-4.4385059,golf_course,,,,,,,,,,
way,111545671,Pyecombe Golf Course,50.8978831,-0.151156,golf_course,,,https://www.pyecombegolfclub.com/,,,,,,,
relation,19561347,Pyle and Kenfig Golf Course,51.5109256,-3.7274747,golf_course,,,https://www.pandkgolfclub.co.uk/,,,,,,,
way,3869935,Pype Hayes Golf Course,52.5324607,-1.8062029,golf_course,,Birmingham City Council,,,,,,,,
relation,3393965,Pyrford Golf Club,51.3162724,-0.495141,golf_course,,,https://www.pyrfordgolf.co.uk/,+44 1483 723555,pyrford@crown-golf.co.uk,Warren Lane,"Pyrford, Woking",,GU22 8XR,
way,444433445,Pytchley Golf Lodge,52.3716075,-0.7262826,golf_course,,,,,,,,,,
way,207711011,Queen's Park Golf Course,50.7409714,-1.8439398,golf_course,,,https://www.queensparkgolfcourse.com/,+44 1202 451675,,,,,,
way,25607331,Queens Park Golf Club,53.0945784,-2.474109,golf_course,,,https://www.qpgc.net/,+44 1270 666724,,,,,CW2 7SN,
way,144122046,Queensbury Golf Club,53.7628157,-1.8334047,golf_course,,,https://queensburygc.co.uk/,+44 1274 882155,,Brighouse Road,Bradford,,BD13 1QF,
way,157467156,Queenwood Golf Course,51.3640731,-0.5504641,golf_course,,,,,,,,,,
way,30995869,Radcliffe-on-Trent Golf Club,52.9417887,-1.0192357,golf_course,,,https://www.radcliffeontrentgc.co.uk/home.aspx?i=no,+44 115 933 3000,,,Nottingham,,NG12 2JH,
way,218948491,Radlett Golf Academy,51.6994923,-0.3190741,golf_course,,,,,,,,,,
way,854041727,Radley College Golf Course,51.6952683,-1.2542636,golf_course,,,,,,,,,,
way,28216755,Radyr Golf Club,51.5137247,-3.2631333,golf_course,,,,,,,,,,
way,779352857,RAF Cottesmore Golf Club,52.7369492,-0.6614167,golf_course,,,,,,,,,,
way,157827719,RAF Cranwell Golf Course,53.0404927,-0.5076046,golf_course,,,,,,,,,,
way,113237000,RAF Feltwell Golf Course,52.4751605,0.5232437,golf_course,,,,,,Wilton Road,Thetford,,IP26 4AY,
way,302979225,RAF Lakenheath Breckland Pines Golf Course,52.4025054,0.5740075,golf_course,,,https://www.lakenheathfss.com/brecklandpines/,+44 1638 522223,,,,,,
way,702531886,RAF Woodhall Spa Golf Course,53.1366883,-0.1948558,golf_course,,,,,,,,,,
way,10590575,Ralston Golf Course,55.8418927,-4.3833946,golf_course,,,https://www.ralstongolfclub.com/,,,,,,,
way,1052269006,Rampside Golf,54.0934046,-3.1516434,golf_course,,,,,,,,,,
way,43327663,Ramsdale Golf Centre,53.0375673,-1.1116567,golf_course,,,https://www.ramsdaleparkgc.co.uk/,,,,,,,
way,1067906860,Ramsdale Park,53.0384155,-1.1115739,,clubhouse,,,,,,,,,
way,231915993,Ramsey Golf & Bowls Club,52.4404312,-0.1060661,golf_course,,,https://www.ramseyclub.co.uk/,+44 1487 812600,admin@ramseyclub.co.uk,Abbey Terrace,Huntingdon,,PE26 1DD,
relation,3334170,Ranfurly Castle Golf Club,55.8526622,-4.6032974,golf_course,,,https://www.ranfurlycastlegolfclub.co.uk/,+44 1505 612609,secretary@ranfurlycastle.co.uk,Golf Road,Bridge of Weir,,PA11 3HN,
way,360179254,Raon Goilf Aisgernis,57.1849548,-7.4150567,golf_course,,,https://askernishgolfclub.com/,,,,Isle of South Uist,,HS8 5SY,
way,250509464,Raon Goilf Beinn na Faoghla,57.4788106,-7.357548,golf_course,,Benbecula Golf Club,https://www.benbeculagolfclub.co.uk/,+44 1870 603275,admin@benbeculagolfclub.co.uk,Westfield 5B,Isle of Benbecula,,HS7 5LU,
way,97153677,Raon Goilf Steòrnabhaigh,58.2157503,-6.3953123,golf_course,,Cluba-goilf Steòrnabhaigh (Stornoway Golf Club),https://www.stornowaygolfclub.co.uk/,,,,,,,
way,368429316,Ratcliffe on Soar Power Station,52.8613989,-1.2545342,golf_course,,,,,,,,,,
way,360138916,Rathmore Golf Club,55.2011505,-6.6432469,,clubhouse,,https://www.rathmoregolfclub.co.uk/,+44 2870 822996,,Bushmills Road,Portrush,,BT56 8JG,
way,31452035,Ratho Park Golf Club,55.9215626,-3.3591308,golf_course,,,https://www.rathoparkgolfclub.co.uk/,,,,,,,
way,6138953,Ravelston Golf Course,55.9527982,-3.2615334,golf_course,,,http://www.ravelstongolfclub.co.uk,+44 131 315 2486,,Ravelston Dykes Road,Edinburgh,,EH4 3NZ,
way,665687126,Raven Hall Golf Course,54.403005,-0.4950659,golf_course,,,,,,,Ravenscar,,YO13 0ET,
relation,14169688,Ravenmeadow Golf Club,52.2207916,-2.2069054,golf_course,,,,,,,,,,
relation,14190286,Ravenmeadow Golf Club,52.21755,-2.2058192,golf_course,,,,,,,,,,
relation,20273238,Ravensworth Golf Club,54.9222534,-1.5825414,golf_course,,,http://www.ravensworthgolfclub.co.uk/,+44 191 4876014,,Long Bank,Gateshead,,NE9 7NE,
way,138505428,Rawdon Golf Course,53.8494551,-1.6873517,golf_course,,,,,,,,,,
way,28905123,Reading Golf Club,51.4886548,-0.9761052,golf_course,,,https://www.readinggolfclub.com/,+44 118 947 2909,,,,,,
way,579638306,Reay Golf Club,58.5600436,-3.7791652,,clubhouse,,,,,,,,,
relation,14941183,Reay Golf Course,58.5629503,-3.7751396,golf_course,,,https://reaygolfclub.com/,,,,,,,
way,371652967,Reception of the Oak Park Golf Club & Gym,51.2337568,-0.8489613,,clubhouse,,,,,,,,,
way,116515157,Redbourn Golf Club,51.8141003,-0.3913583,golf_course,,,https://www.redbourngolfclub.co.uk/,+44 1582 793493,,Kinsbourne Green Lane,Redbourn,,AL3 7QA,
way,157773592,Redbourne Club Golf Course,53.5795947,-0.6418843,golf_course,,,,,,,,,,
way,32999213,Reddish Vale Golf Course,53.4312532,-2.1478285,golf_course,,,,,,,,,,
relation,3802120,Redditch Golf Course,52.2913807,-1.9654675,golf_course,,,,,,,,,,
way,5052497,Redlibbets Golf Club,51.3744127,0.2941495,golf_course,,,,,,,,,,
way,62121994,Regent Park Golf Course,53.5751272,-2.5094587,golf_course,,Bolton Council,https://regentparkgolfcourse.co.uk/,+44 1204 495421,,,,,,
way,27739994,Reigate Heath,51.2367393,-0.2323037,golf_course,,,http://www.reigateheathgolfclub.co.uk/,+44 1737 242610,,Flanchford Road,Reigate,,RH2 8QR,
way,22277648,Reigate Hill Golf Club,51.2644562,-0.1631895,golf_course,,,,,,,,,,
way,147283088,Reighton Sands Holiday Park Golf Course,54.1623369,-0.2544091,golf_course,,,https://www.haven.com/parks/yorkshire/reighton-sands,+44 1723 890476,,Reighton Gap,Filey,,YO14 9SH,
way,242542546,Remedy Oak,50.8713907,-1.9199787,golf_course,,,https://www.remedyoak.com/,+44 1202 812070,,,,,,
way,36333188,Renfrew Golf Course,55.8866993,-4.4007935,golf_course,,,https://www.renfrewgolfclub.net/,,,,,,,
relation,3622125,Retford Golf Club,53.3113302,-0.9632373,golf_course,,,https://www.retfordgolfclub.co.uk/,+44 1777 703733,,,,,,
way,551678064,Rhondda Golf Club,51.6309183,-3.4385984,golf_course,,,,,,,,,,
way,551678790,Rhondda Golf Clubhouse,51.6357636,-3.4400492,,clubhouse,,,,,,,,,
way,88284325,Rhos on Sea Golf Course,53.3142637,-3.759536,golf_course,,,,,,,,,,
way,389496417,Rhosgoch Golf & Leisure Club,52.1223646,-3.1802067,golf_course,,,,+44 1497851251,,,,,,
way,68922384,Rhuddlan Golf Course,53.2935769,-3.451948,golf_course,,,,,,,,,,
relation,6439972,Rhyl Golf Course,53.3304797,-3.455006,golf_course,,,,,,,,,,
way,23294627,Richings Park Golf and Country Club,51.4976784,-0.519644,golf_course,,,,,,,,,,
way,144542484,Richmond (Yorks) Golf Club,54.4159299,-1.7335121,golf_course,,,https://www.richmondyorksgolfclub.co.uk/,+44 1748 822457;+44 1748 823231,,Bend Hagg,Richmond,,DL10 5EX,
way,712004358,Richmond Park Golf Club,51.4422012,-0.2441063,,clubhouse,,,,,,,,,
way,204052796,Richmond Park Golf Club,52.5780498,0.8173377,golf_course,,,https://www.richmondpark.co.uk/,,,Saham Road,Thetford,,IP25 6EA,
way,4268580,Richmond Park Golf Course,51.4447146,-0.2491151,golf_course,,,,,,,,,,
way,698907664,Rickmansworth Golf Course,51.6297254,-0.4505612,golf_course,,,,,,,,,,
way,445213571,Ridgeway Golf Club,51.5542935,-3.2203565,golf_course,,,,,,,,,,
relation,16171366,Ringway Golf Club,53.3707907,-2.3081098,golf_course,,,https://www.ringwaygolfclub.co.uk/,,,,,,,
way,406599007,Ringway Golf Clubhouse,53.3704908,-2.3150762,,clubhouse,,,+44 161 980 2630,,Hale Road,Altrincham,,WA15 8SW,
way,284669668,Ripon City Golf Club,54.1546254,-1.5292615,golf_course,,,https://www.riponcitygolfclub.com/,+44 1765 603640;+44 1765 600411,,Palace Road,Ripon,,HG4 3HH,
way,4289483,Risebridge Golf Centre,51.5983013,0.1934978,golf_course,,,https://www.risebridgegolf.com/,+44 1708 741429,,Risebridge Chase,Romford,,RM1 4DG,
way,1392303658,Rishton Golf Club,53.7629254,-2.4161508,golf_course,,,,,,,,,,
way,4819948,Rishton Golf Club,53.7592319,-2.4136132,golf_course,,,https://www.rishtongolfclub.co.uk/,+44 1254 884442,,"Eachill Links, Hawthorn Drive",Blackburn,,BB1 4HG,
way,1138061873,Rivenhall Oaks Golf Centre,51.81886,0.6534899,golf_course,,,,,,,,,,
way,229948189,Riversdown Golf Course,51.0188175,-1.1425903,golf_course,,,,,,,,,,
way,447240646,Riverside - Portstewart Golf Club,55.1662448,-6.7233442,golf_course,,Portstewart Golf Club,,,,,,,,
way,35336897,Riverside Golf Centre,52.9256951,-1.1721842,golf_course,,,,,,Lenton Lane,Nottingham,,NG7 2SA,
way,300579659,Riverside Lodge Hotel Irvine Golf Course,55.6118993,-4.6506504,golf_course,,Fitzsimmons Group,,,,,,,,
way,965824824,Riverside Public Golf Course,54.4345286,-2.4295808,golf_course,,,https://www.riverside-golf-club.co.uk,+44 15396 23654,,,,,,
way,125553879,Riversley Park Pitch & Putt,52.5146272,-1.4606555,golf_course,,,,,,,,,,
way,12851453,Robin Hood Golf Course,52.4254728,-1.8201799,golf_course,,,,,,,,,,
way,185624918,Rochdale Golf Course,53.6195533,-2.1962751,golf_course,,,,,,,,,,
way,23725066,Rochester and Cobham Park Golf Club,51.3947615,0.4289166,golf_course,,,,,,,,,,
way,29109672,Rochford Hall Golf Course,51.5789554,0.6976426,golf_course,,,,,,,,,,
way,130117720,Rockliffe Hall Golf Course,54.4737123,-1.5348326,golf_course,,,https://www.rockliffehall.com/golf/,+44 1325 729980,,Hurworth-on-Tees,Darlington,,DL2 2DU,
relation,4642475,Rockmount Golf Course,54.4881203,-5.88426,golf_course,,,,,,,,,,
way,1171435920,Rodway Hill Golf Club,51.8811991,-2.3120337,golf_course,,,,,,,,,,
way,4268543,Roehampton Club Golf Course,51.4589623,-0.2499627,golf_course,,,https://www.roehamptonclub.co.uk/,,,,,,,
way,159644614,Rolls Royce Leisure golf area,53.9246252,-2.1713525,golf_course,,,https://rollsleisurebarnoldswick.co.uk/,,,,,,,
way,52303661,Romanby Golf Club,54.3391495,-1.4645944,golf_course,,,https://www.romanby.com/,,,,,,,
way,4289772,Romford Golf Club,51.59125,0.2005108,golf_course,,,https://www.romfordgolfclub.com/,+44 1708 749393;+44 1708 740986,,Heath Drive,Romford,,RM2 5QB,
way,1302316544,Romford Golf Club,51.587435,0.1998948,,clubhouse,,https://www.romfordgolfclub.com/,+44 1708 740986,richard.hall@romfordgolfclub.co.uk,Heath Drive,Romford,,RM2 5QB,
way,95802291,Romiley Golf Course,53.4195664,-2.0722395,golf_course,,,,,,,,,,
way,843696125,Romney Warren Golf Club,50.9860527,0.9651102,,clubhouse,,,,,St Andrew's Road,,,,
way,50062261,Romsey Golf Club,50.9561047,-1.466845,golf_course,,,https://www.romseygolfclub.com,,,,,,,
way,627562357,Ronan Valley Golf Course,54.7436271,-6.5991959,golf_course,,,,,,,,,,
way,383576560,Roodlea Golf Course,55.4418682,-4.5434513,golf_course,,,http://www.roodleagolf.co.uk/,,,,,,,
way,148588346,Rookery Park Golf Course,52.4595401,1.6795349,golf_course,,,https://www.rookeryparkgolfclub.co.uk/,+44 1502 509190,,Beccles Road,Norwich,,NR33 8HJ,
way,31713972,Rookwood Golf Course,51.0795615,-0.3375037,golf_course,,Horsham District Council,https://www.rookwoodgolf.co.uk/,+44 1403 887767,rookwood@ccgclubs.com,Robin Hood Lane,Warnham,,RH12 3RR,
way,315019359,Ropsley Golf Course,52.8941407,-0.5327812,golf_course,,,,,,,,,,
way,1049742118,Rory McIlroy's backyard course,54.5257462,-5.8487807,golf_course,,,,,,,,,,
way,185711617,Roseberry Grange Golf Club,54.8676169,-1.6339583,golf_course,,,https://roseberrygrange.com/,,,,,,,
way,838661046,Rosedale Abbey Golf,54.3498882,-0.8901722,golf_course,,,https://www.rosedaleabbeygolf.co.uk/,,,,,,,
way,264895520,Rosehearty Golf Club,57.6965936,-2.1033546,golf_course,,,https://www.roseheartygolfclub.com/,,,,,,,
way,1486321138,Rosemount Course,56.5689204,-3.3375519,golf_course,,,,,,,,,,
way,64219725,Rosemount Golf Course,56.5737227,-3.3363367,,clubhouse,,,,,,,,,
relation,3523940,Ross Priory Club,56.0526034,-4.5415164,golf_course,,University of Strathclyde,https://www.strath.ac.uk/rosspriory/,+44 141 548 4148,rosspriory.club@strath.ac.uk,,,,,
way,341327834,Rossendale Golf Club,53.6854903,-2.3201813,golf_course,,,https://www.rossendalegolfclub.net/,,,,,,,
way,341327549,Rossendale Golf Club,53.6865962,-2.3155342,,clubhouse,Rossendale Golf Club Limited,https://www.rossendalegolfclub.net/,,,Ewood Lane,Rossendale,,BB4 6LH,
way,228484884,Rothbury Golf Club,55.3051168,-1.9162971,,clubhouse,,,,,,,,,
relation,18809074,Rothbury Golf Club,55.3048289,-1.9215617,golf_course,,,https://www.rothburygolfclub.com/,+44 1669 621271,,Whitton Bank Road,Morpeth,,NE65 7RX,
relation,4254388,Rother Valley Golf Centre,53.3375505,-1.3058096,golf_course,,,https://www.rothervalleygolfcentre.co.uk/,+44 114 247 3000,info@rothervalleygolfcentre.co.uk,Mansfield Road,Sheffield,,S26 5PQ,
way,28253762,Rotherham Golf Club,53.4608716,-1.2959694,golf_course,,,,,,,,,,
way,1486866982,Rothes Golf Course,57.5233699,-3.223092,golf_course,,,https://www.rothesgolfclub.co.uk/,,,,,,,
way,1120633605,Rothesay Golf Club,55.8329212,-5.0409677,golf_course,,,https://www.rothesaygolfclub.co.uk/,,,Glebelands Road,Isle of Bute,,PA20 9HN,
way,893989426,Rothey Park Golf Club,52.7051562,-1.1554222,,clubhouse,,,,,,,,,
way,192914613,Rothley Park Golf Club,52.7002774,-1.1479658,golf_course,,,,,,,,,,
relation,8851198,Roundhay Golf Club,53.844927,-1.4996545,,clubhouse,,,,,Park Lane,Leeds,,LS8 2EJ,
way,6010021,Roundhay Golf Club,53.8443187,-1.4961575,golf_course,,Leeds City Council,http://www.roundhaygc.co.uk/,+44 113 266 1686,,Park Lane,Leeds,,LS8 2EJ,
way,1136670617,Roundwood Golf Club,53.4590948,-1.3327932,,clubhouse,,,,,,,,,
way,204515660,Roundwood Golf Club,53.455733,-1.3320307,golf_course,,,https://www.roundwoodgolfclub.co.uk/,+44 1709 523478;+44 1709 826061,,Green Lane,Rotherham,,S62 6LA,
way,92473995,Roundwood Hall Golf Club,51.1330294,1.0472864,golf_course,,,http://www.roundwoodhall.co.uk/,+44 1303 862260,,Stone Street,Lyminge,,CT18 8DJ,
way,1200827360,Routenburn Golf Club,55.8211617,-4.875485,golf_course,,,https://www.routenburngolfclub.co.uk/,,,,,,,
way,599965887,Rowallan Castle Golf Course,55.6495314,-4.4945334,golf_course,,,https://rowallancastle.com/rowallan-championship-golf-course-ayrshire/,,,,,,,
way,19728913,Rowlands Castle Golf Course,50.8933737,-0.9692407,golf_course,,,,,,,,,,
way,34906729,Rowley Lane Golf Course,51.6495271,-0.247466,golf_course,,,,+44 20 8441 6051,,Rowley Lane,,,EN5 3HW,
way,127576023,Rowley Regis Golf Course,52.4884356,-2.0465374,golf_course,,,,+44 121 559 0353,,,,,,
way,142073693,Roxburghe Hotel & Golf Course,55.5555866,-2.4726055,golf_course,,,http://www.roxburghe.net/golf-course,+44 1573 450333,golf@roxburghe.net,,Heiton by Kelso,,TD5 8JZ,
way,6225692,Royal Aberdeen Golf Club,57.1877215,-2.0779569,golf_course,,,https://www.royalaberdeengolf.com/,+44 1224 702571,,Links Road,Aberdeen,,AB23 8AT,
way,423576096,Royal Ascot Golf Club,51.4195004,-0.6661223,golf_course,,,https://www.royalascotgolfclub.co.uk/,,,,,,,
way,102712791,Royal Ashdown Forest Golf Club,51.0845461,0.0425042,golf_course,,,,,,,,,,
way,38496739,Royal Belfast Golf Club,54.6600049,-5.7845384,golf_course,,,,,,,,,,
way,25720345,Royal Birkdale Golf Club,53.6241663,-3.0396789,golf_course,,,https://www.royalbirkdale.com/,+44 1704 552020,secretary@royalbirkdale.com,Waterloo Road,Southport,,PR8 2LX,
way,369665587,Royal Birkdale Golf Club,53.621689,-3.0324889,,clubhouse,,https://royalbirkdale.com/,+44 1704 552 020,secretary@royalbirkdale.com,Waterloo Road,Southport,,PR8 2LX,
way,5096880,Royal Blackheath Golf Club,51.4435806,0.0578898,golf_course,,,,,,,,,,
way,24494291,Royal Cinque Ports Golf Club,51.2486478,1.393743,golf_course,,,,,,,,,,
way,925867779,Royal Cinque Ports Golf Club,51.2394676,1.3962805,,clubhouse,,https://www.royalcinqueports.com/,+44 1304 374007,office@royalcinqueports.com,Golf Road,Deal,,CT14 6RF,
way,78134737,Royal County Down Golf Course,54.2232661,-5.8758305,golf_course,,,,,,,,,,
way,372434997,Royal Cromer Golf Club,52.9218635,1.3261883,golf_course,,,,,,,,,,
node,13513249345,Royal Dornoch,57.878414,-4.0229348,,clubhouse,,https://royaldornoch.com/,+44 1862 810219,,Golf Road,Dornoch,,IV25 3LW,
way,155010530,Royal Liverpool Golf Course,53.3825632,-3.1898669,golf_course,,,https://www.royal-liverpool-golf.com/,+44 151 632 3101,,Meols Drive,Wirral,,CH47 4AL,
way,230048267,Royal Lytham & St Annes Golf Club,53.7495936,-3.0178261,,clubhouse,,https://www.royallytham.org/,,,Links Gate,Lytham St Annes,,FY8 3LQ,
way,6084940,Royal Lytham & St Annes Golf Course,53.7460883,-3.0063034,golf_course,,Royal Lytham & St Annes Golf Club,https://www.royallytham.org/,,,Links Gate,Lytham St Annes,,FY8 3LQ,
way,4794012,Royal Mid-Surrey Golf Club,51.4690269,-0.3076576,golf_course,,,,,,,,,,
relation,3351883,Royal Musselburgh Golf Course,55.9510023,-2.999416,golf_course,,proshop@royalmusselburgh.co.uk,https://www.royalmusselburgh.co.uk/,+44 1875 810139;+44 1875 810276,,,Prestonpans,,EH32 9RP,
way,49588571,Royal North Devon,51.0543833,-4.2224409,golf_course,,,,,,,,,,
way,151234378,Royal North Devon Golf Club,51.0454551,-4.2218414,,clubhouse,,,,,,,,,
way,1228634799,Royal Norwich Golf Club,52.7128864,1.1235183,golf_course,,,,,,,,,,
way,234100035,Royal Portcawl Golf Club,51.4917182,-3.7263452,,clubhouse,,https://www.royalporthcawl.com/,+44 1656 782251,,Rest Bay,Porthcawl,,CF36 3UW,
way,115557910,Royal Porthcawl Golf Club,51.4953412,-3.7273074,golf_course,,,https://www.royalporthcawl.com/,,,,,,,
way,636601377,Royal Portrush Golf Club,55.1996618,-6.6353848,,clubhouse,,https://www.royalportrushgolfclub.com/,+44 28 7082 2311,,Dunluce Road,Portrush,,BT56 8JQ,
way,71230368,Royal Saint Davids Golf Course,52.8612815,-4.1187232,golf_course,,,,,,,,,,
way,965098910,Royal St George's Golf Club,51.2737609,1.3669596,,clubhouse,,https://www.royalstgeorges.com/,+44 1304 613090,office@royalstgeorges.com,,Sandwich,,CT13 9PB,
way,100787909,Royal Tarlair Golf Club,57.6692267,-2.4723673,golf_course,,,https://royaltarlair.co.uk/,,,,,,,
way,118107415,Royal Troon Golf Club,55.5327325,-4.6507417,,clubhouse,,https://www.royaltroon.co.uk/,+44 1292 311 555,admin@royaltroon.co.uk,,Troon,,KA10 6EP,
way,114971479,Royal West Norfolk Golf Club,52.9742198,0.6534356,golf_course,,,,,,,,,,
way,5228072,Royal Wimbledon Golf Course,51.423006,-0.2406635,golf_course,,,,,,,,,,
way,87439227,Royal Winchester Golf Club,51.0642874,-1.3463718,golf_course,,,,,,,,,,
relation,1964565,Royal Worlington and Newmarket Golf Club,52.3318036,0.4955907,golf_course,,,,,,Golf Links Road,,,IP28 8SD,
way,1193152779,Royston Golf Club,52.0423866,-0.0501327,golf_course,,,https://www.roystongolfclub.co.uk/,,,,,,,
way,302046717,Ruchill Golf Club,55.8897678,-4.2748935,,clubhouse,,,,,,,,,
way,37739651,Ruchill Park Golf Course,55.8912677,-4.2769977,golf_course,,,https://www.glasgowlife.org.uk/sport/our-facilities/golfcourses/ruchill-golf-course,+44 141 276 0556,,Brassey Street,Glasgow,,G20 9HP,
relation,3994281,Rudding Park Golf Course,53.9723739,-1.4884088,golf_course,,Rudding Park Ltd.,https://www.ruddingpark.co.uk/,+44 1423 872100,,,,,,
way,29401080,Ruddington Grange Golf Club,52.9031088,-1.1478949,golf_course,,,https://ruddingtongrange.com/,,,,,,,
way,31545228,Rufford Park Golf and Country Club,53.1764549,-1.0269389,golf_course,,,,,,,,,,
way,27220099,Rugby Golf Club,52.3749284,-1.2318057,golf_course,,,,,,Clifton Road,Rugby,,CV21 3RD,
relation,17099119,Ruislip Golf Course,51.5734219,-0.4415417,golf_course,,,https://www.hillingdon.gov.uk/index.jsp?articleid=11141,+44 1895 277777,,Ickenham Road,Ruislip,,HA4 7DQ,
way,26801068,Runcorn Golf Course,53.3218572,-2.7278706,golf_course,,,,,,,,,,
way,31545981,Rushcliffe Golf Club,52.8484027,-1.1913596,golf_course,,,,,,,,,,
relation,1458961,Rushden Golf Club,52.308162,-0.5620006,golf_course,,,https://www.rushdengolfclub.org/,,,,,,,
way,107098834,Rushden Golf Range,52.2732297,-0.583151,golf_course,driving_range,,,,,,,,,
way,25715097,Rushmere Golf Course,52.0529846,1.2069991,golf_course,,,,,,,,,,
way,173573141,Rushmore Golf Club,50.9638977,-2.0557494,golf_course,,,,,,,,,,
way,219189310,Rustington Golf Centre,50.8248926,-0.5053852,golf_course,,,https://www.rgcgolf.com/,+44 1903 850790,,,,,,
way,551051237,Rutherford Castle Golf Course,55.7700401,-3.3374444,golf_course,,,http://rutherfordcastlegc.org.uk/,,,,,,,
way,391478293,Ruthin Golf Course,53.0888427,-3.3180665,golf_course,,,,,,,,,,
way,1356133583,Rutland Water,52.6397541,-0.6554329,golf_course,,,,,,,,,,
way,223134585,Rutland Water Golf Course,52.639995,-0.6573771,golf_course,,,,,,Manton Road,Oakham,,LE15 8HB,
way,147518698,Ryburn Golf Club,53.6988754,-1.9070346,golf_course,,,http://www.ryburngolfclub.co.uk/,+44 1422 831355,,The Shaw,Sowerby Bridge,,HX6 3QP,
way,182700437,Ryburn Golf Club Club House,53.6985337,-1.9078118,,clubhouse,,,,,Hollin Lane,Sowerby Bridge,,HX6 3QP,
relation,7658475,Ryde Golf Course,50.7311184,-1.1801388,golf_course,,,,,,,,,,
way,91003182,Rye Golf Club,50.9380666,0.7731585,golf_course,,,,,,,,,,
way,183906515,Rye Hill Golf Club,52.0145687,-1.4237971,golf_course,,,,,,,,,,
way,34170217,Ryston Park Golf Club,52.5832025,0.3907479,golf_course,,,,,,,,,,
way,29893727,Ryton Golf Club,54.9813547,-1.7880441,golf_course,,,https://www.rytongolfclub.co.uk/,+44 191 413 3253,,,Ryton,,NE40 3TD,
way,54446610,Saddleworth Golf Club,53.5488144,-2.0178755,golf_course,,,,,,,,,,
way,936295365,Saddleworth Golf Club,53.5470362,-2.0127118,,clubhouse,,,,,Ladcastle Road,,,,
way,23840589,Saffron Walden Golf Club,52.0284342,0.2252441,golf_course,,,https://www.swgc.com/,+44 1799 522786;+44 1799 528131,office@swgc.com,Windmill Hill,Saffron Walden,,CB10 1BX,
way,94530214,Saint Cleres Hall Golf Club,51.5075904,0.4106565,golf_course,,,http://stclereshallgolfclub.weebly.com/,+44 1375 673007;+44 1375 361565,,London Road,Stanford Le Hope,,,
way,173458156,Sale Golf Club,53.4246801,-2.2849788,golf_course,,,,,,,,,,
way,664530871,Saline Golf Club Clubhouse,56.1129186,-3.5636735,,clubhouse,,,,,,,,,
way,120547544,Saline Golf Course,56.111046,-3.5588015,golf_course,,,http://salinegolfclub.co.uk/home,+441383851040,,Kinneddar Hill,Saline,,KY12 9LT,
relation,3588664,Salisbury and South Wilts Golf Course,51.058803,-1.8506044,golf_course,,,https://www.salisburygolf.co.uk/,+44 1722 742645,,Netherhampton Road,Salisbury,,SP2 8PR,
way,301968096,Salisbury Golf Centre,51.0767187,-1.8323294,golf_course,,,,+44 1722 410209,,Wilton Road,Salisbury,,SP2 9NY,
way,107699809,Saltburn Golf Club,54.5725577,-0.9914402,golf_course,,,https://www.saltburngolf.co.uk/,,,,,,,
way,52074981,Saltford Golf Club,51.393935,-2.4593261,golf_course,,,https://www.saltfordgolfclub.co.uk/,+44 1225 872 043,,Golf Club Lane,Saltford,,BS31 3AA,
way,93401963,Sand Martins Golf Club,51.3907106,-0.8533896,golf_course,,,https://www.sandmartins.com/,+44 118 979 2711,,Finchampstead Road,Wokingham,,RG40 3RQ,
way,152750081,Sand Moor Golf Course,53.8653384,-1.5422141,golf_course,,,https://www.sandmoorgolf.co.uk/,,,,,,,
way,142895266,Sandbach Golf Club,53.14841,-2.3779242,golf_course,,,https://sandbachgolfclub.co.uk/,,,,,,,
way,243837478,Sandburn Hall,54.0359436,-0.9707267,golf_course,,,https://www.sandburnhall.co.uk/golf/,+44 1904 469922,,Scotchman Lane,York,,YO60 7RB,
way,203707176,Sandford Springs Hotel & Golf Club,51.3250451,-1.2250729,golf_course,,,https://www.sandfordsprings.co.uk/,+44 1635 296800,info@sandfordspringsgolf.co.uk,,Kingsclere,,RG26 5RT,
way,95629449,Sandhill Golf Course,53.5459469,-1.3538581,golf_course,,,,,,,,,,
way,1028487381,Sandiway,53.2345764,-2.5748955,,clubhouse,,,,,,,,,
way,21840478,Sandiway Golf Club,53.2309283,-2.5745528,golf_course,,,,,,,,,,
way,1125449576,Sandown Park - Colt Course,51.3772918,-0.366255,golf_course,,,,,,,,,,
way,1125449574,Sandown Park - Eclipse Course,51.3779921,-0.3597459,golf_course,,,,,,,,,,
way,1125449575,Sandown Park - Masters,51.3761872,-0.3666781,golf_course,,,,,,,,,,
way,26730639,Sandwell Park Golf Club,52.5156356,-1.9672523,golf_course,,,,,,,,,,
way,7991129,Sandy Lodge Golf Club,51.6278758,-0.423274,golf_course,,,,,,,,,,
way,80584635,Sandyhills Golf Club,55.843024,-4.1544235,golf_course,,,https://www.sandyhillsgolfclub.co.uk/,,,,,,,
way,204977080,Sanquhar Golf Course,55.3623292,-3.9364475,golf_course,,,,,,,,,,
way,499050914,Sapey Golf Club,52.2603222,-2.4702429,golf_course,,,www.sapeygolf.co.uk,,,,,,WR6 6XT,
way,309425171,Saphire Course,52.9804865,-2.6773716,golf_course,,Macdonald Hotels & Resorts,,,,,,,,
relation,9452839,Saunton Golf Course,51.1091103,-4.2046185,golf_course,,,,,,,,,,
way,225992653,Sawdon Pines Golf Club,54.244339,-0.5564024,golf_course,,,,,,Main Street,Sawdon,,YO13 9DU,
way,82839286,Scalm Park Leisure,53.784606,-1.1542389,golf_course,,,http://scalmparkleisure.co.uk/,+44 1757 210846,scalmparkonline@hotmail.co.uk,,Selby,,YO8 3RD,
relation,3622281,Scarborough South Cliff Golf Club,54.2592816,-0.3904466,golf_course,,,https://www.southcliffgolfclub.com/,+44 1723 360522,,,,,,
way,281683943,Scarborough South Cliff Golf Club,54.2617648,-0.4015312,,clubhouse,Scarborough South Cliff GC Ltd,,,,Deepdale Avenue,Scarborough,,YO11 2UE,
way,190516248,Scarcroft Golf Club,53.871873,-1.4549649,,clubhouse,,,,,Syke Lane,Leeds,,LS14 3BQ,
relation,3622129,Scarcroft Golf Course,53.8718289,-1.457387,golf_course,,,https://www.scarcroftgolfclub.co.uk/,+44 113 289 2311,,Syke Lane,Leeds,,LS14 3BQ,
way,87241472,Schawpark Golf Club,56.1309013,-3.7715539,,clubhouse,,,,,,,,FK10 3AX,
way,87241464,Schawpark Golf course,56.1339144,-3.7660782,golf_course,,Alloa Golf Club,https://www.alloagolfclub.co.uk/,,,,,,,
way,133761978,Scoonie Golf Club,56.2022316,-2.988687,,clubhouse,,https://www.scooniegolfclub.com/,+44 1333 423437,manager@scooniegolfclub.com,North Links,Leven,,KY8 4SP,
way,133739387,Scoonie Golf Course,56.2047421,-2.9888877,golf_course,,Fife Golf Trust,https://www.scooniegolfclub.com/https://fifegolftrust.co.uk/scoonie-golf-course/,+44 1333 307007;+44 1333 423437,manager@scooniegolfclub.com,North Links,Leven,,KY8 4SP,
relation,16662964,Scotscraig Golf Club,56.4386308,-2.8752734,golf_course,,,https://www.scotscraiggolfclub.com/,+44 1382 552515,admin@scotscraiggolfclub.com,Golf Road,Tayport,,DD6 9DZ,
way,1218023130,Scotscraig Golf Club,56.4419871,-2.8743282,,clubhouse,,https://www.scotscraiggolfclub.com/,+44 1382 552515,manager@scotscraiggolfclub.com,Golf Road,Tayport,,DD6 9DZ,
way,39262710,Scrabo Golf Club,54.5811346,-5.7202475,golf_course,,,,,,,,,,
way,4406181,Scraptoft Golf Club,52.6514929,-1.0415733,golf_course,,,https://www.scraptoftgolfclub.co.uk/,+44 116 241 9000,,Beeby Road,Scraptoft,,LE7 9SJ,
way,140066586,Sea Acres 9 hole course,50.0018445,-5.1695688,golf_course,,,https://www.parkdeanresorts.co.uk/location/cornwall/sea-acres/,,,,,,,
way,960973305,Seacroft Golf Club,53.1293858,0.3377921,,clubhouse,,https://www.seacroft-golfclub.co.uk/,,,Drummond Road,Skegness,,PE25 3AU,
way,414822521,Seacroft Golf Course,53.1187148,0.3337361,golf_course,,,,,,,,,,
way,157936034,Seaford College Golf Academy,50.9418061,-0.6487301,golf_course,,,https://www.seaford.org/,+44 7770378970,,Lavington Park,Petworth,,GU28 0LE,
way,33824868,Seaford Golf Club,50.7937769,0.1132099,golf_course,,,https://www.seafordgolfclub.co.uk/,+44 1323 892442,,Firle Road,Seaford,,BN25 2JD,
way,54517402,Seaford Head Golf Club,50.7634714,0.1170264,golf_course,,,https://www.seafordheadgolfcourse.co.uk/,+44 1323 890139,seafordheadproshop@hotmail.co.uk,Southdown Road,Seaford,,BN25 4JS,
way,35975972,Seaham Golf Club,54.8234467,-1.3431535,golf_course,,,https://www.seahamgolfclub.co.uk/,+44 191 5130837;+44 191 5812354;+44 191 5811268,info@seahamgolfclub.co.uk,Shrewsbury Street,Seaham,,SR7 7RD,
way,373280920,Seahouses Golf Club,55.5756354,-1.6473175,golf_course,,,https://seahousesgolf.co.uk/,,,,,,,
relation,20111657,Seascale Golf Club,54.4045961,-3.4915027,golf_course,,,http://www.seascalegolfclub.co.uk/,+44 1946 728202,,The Banks,Seascale,,CA20 1QL,
way,33858448,Seaton Carew Golf Club,54.647626,-1.1774981,golf_course,,,https://www.seatoncarewgolfclub.co.uk/,+44 1429 266 249,,,,,,
way,23408798,Seckford Golf Club,52.0876432,1.2868901,golf_course,,,http://www.seckfordgolf.co.uk/,,,Seckford Hall Road,,,IP13 6NT,
relation,20407587,Sedbergh Golf Club,54.3119813,-2.5406072,golf_course,,,https://www.sedberghgolfclub.com/,+44 15396 21551,,,,,LA10 5SS,
way,34282220,Sedlescombe Golf Club,50.9131932,0.532839,golf_course,,,https://www.sedlescombegolfclub.co.uk/,+44 1424 871700,golf@sedlescombegolfclub.co.uk,Kent Street,Battle,,TN33 0SG,
way,244091218,Selby Golf Club,53.7622379,-1.1233864,golf_course,,,,,,,,,,
way,152752705,Selkirk Golf Club,55.54247,-2.8247102,golf_course,,,https://www.selkirkgolfclub.co.uk/,+44 1750 20621,secretary@selkirkgolfclub.co.uk,,,,TD7 4NW,
way,331853056,Selsey Golf Club,50.7473464,-0.7924387,golf_course,,,http://www.selseygolfclub.co.uk/,,,,,,,
way,890832832,Selsey Golf Club,50.7438885,-0.7901893,,clubhouse,,,,,Golf Links Lane,Chichester,,PO20 9DP,
way,90627349,Sene Valley Golf Club,51.0773687,1.1052178,golf_course,,,,,,,,,,
way,295792916,Sene Valley Golf Club Clubhouse,51.0790105,1.0987453,,clubhouse,,,,,,,,,
relation,20019488,Serlby Park Golf Club,53.3920866,-1.0433622,golf_course,,,http://www.serlbyparkgolfclub.co.uk/,+44 1777 818268,,,Doncaster,,DN10 6BA,
way,465147147,Seton Sands 9 Hole Golf Course,55.9668033,-2.9267084,golf_course,,,https://www.haven.com/parks/scotland/seton-sands,,,,,,,
relation,14153875,Settle Golf Course,54.0800718,-2.2990142,golf_course,,,https://www.settlegolfclub.com/,+44 7793 556703,,Buck Haw Brow,Settle,,BD24 0DH,
way,131492696,Settle Golf Course Club House,54.0793501,-2.2948502,,clubhouse,,,,,,,,,
way,131709488,Shaldon Approach Golf (Pitch & Putt),50.5342149,-3.5019328,golf_course,,,http://www.teignbridge.gov.uk/shaldongolf,+44 1626 872484,,,,,,
way,41665408,Shandon Park Golf Course,54.5812641,-5.855929,golf_course,,,,,,,,,,
relation,5834380,Shanklin & Sandown Golf Club,50.6570607,-1.1728407,golf_course,,,https://www.ssgolfclub.com/,+44 1983 403217;+44 1983 404424,,The Fairway,Sandown,,PO36 9PR,
way,190247616,Sharpley Golf Course,54.847634,-1.4013715,golf_course,,,http://sharpleygolf.blogspot.co.at,+44 191 513 1100;+44 7789 220505,,,Seaham,,SR7 0NP,
way,28996384,Shaw Hill Golf Club,53.6810246,-2.643493,golf_course,,,https://www.shaw-hill.co.uk/golf,,,,,,,
way,265009373,Shay Grange Golf Course,53.8202737,-1.8009571,golf_course,,,https://www.expressgolf.co.uk/,+44 1274 491945,,Long Lane,Bradford,,BD9 6BR,
way,24484616,Sheerness Golf Club,51.4294299,0.7878284,golf_course,,,https://www.sheernessgolfclub.co.uk,+44 1795 662585,secretary@sheernessgolfclub.co.uk,Power Station Road,Minster-on-Sea,,ME12 3AD,
way,60551816,Sheerness Golf Club,51.4263614,0.7827607,,clubhouse,,,,,Power Station Road,Minster-on-Sea,,ME12 3AD,
way,176025097,Shelthorpe Golf Course (Pitch & Putt),52.7507932,-1.2066628,golf_course,,,https://www.charnwood.gov.uk/pages/shelthorpegolfcourse1,+44 1509 267766,,Poplar Road,Loughborough,,LE11 2JS,
way,62142394,Shendish Manor Golf Course,51.7300311,-0.4678039,golf_course,,,,,,,,,,
way,171152509,Sherborne Golf Club,50.968324,-2.5251565,golf_course,,,https://www.sherbornegolfclub.co.uk/,+44 1935 814431; +44 1935 812274,,,,,,
way,445674727,Sherdley Park Golf Course,53.4346776,-2.7314602,golf_course,,Green Circle Leisure,https://sherdleyparkgolfcourse.com,+44 1744 813 149,golfshop@sherdleyparkgolfclub.com,,St Helens,,WA9 5DE,
way,553350171,Sherdons Golf Centre,51.9681348,-2.132385,golf_course,,,https://www.sherdons.co.uk/,+44 1684 274 782,,,,,GL20 7BP,
relation,1397034,Sherfield Oaks Golf Club,51.3067748,-1.0196962,golf_course,,Crown Golf,https://www.sherfieldoaksgolf.co.uk/,+44 1256 884100,sherfieldoaks@crown-golf.co.uk,Wildmoor Lane,"Sherfield on Loddon, Hook",,RG27 0HB,
way,115512072,Sheringham Golf Links,52.9443257,1.1900708,golf_course,,,,,,,Sheringham,,,
way,310583846,Sherwood Forest Golf Club,53.1486949,-1.1282029,golf_course,,,https://www.sherwoodforestgolfclub.co.uk/,+44 1623 626689,,Eakring Road,Mansfield,,NG18 3EW,
way,182332013,Shetland Golf Club,60.1657278,-1.2218763,golf_course,,,https://www.shetlandgolfclub.co.uk/,+44 1595 840 369,info@shetlandgolfclub.co.uk,,Shetland,,ZE2 9SB,
node,12787881860,Shey Copse,51.3143631,-0.5347829,golf_course,,Hoebridge Golf Centre,,,,Old Woking Road,Old Woking,,GU22 8JH,
way,583504973,Shifnal Golf Club,52.6831303,-2.3696727,golf_course,,,https://www.shifnalgolfclub.com/,,,,,,,
way,562180293,Shipley Golf Club,53.8404064,-1.8424688,golf_course,,,https://shipleygolf.club/,,,Beckfoot Lane,Bingley,,BD16 1LX,
way,282403781,Shipton Golf Course,51.8616157,-1.9695691,golf_course,,,https://www.shiptongolf.co.uk/,+44 1242 890237,admin@shiptongolf.co.uk,Shipton Oliffe,Cheltenham,,GL54 4HT,
way,164190815,Shirehampton Park Golf Club,51.489262,-2.6607673,golf_course,,,http://www.shirehamptonparkgolfclub.co.uk/live/index2.php?ts=1521727828467,,,,,,,
way,354828308,Shirland Golf Club,53.1143219,-1.4098929,golf_course,,,,,,,,,,
way,28658648,Shirley Golf Club,52.3810497,-1.7987692,golf_course,,,,,,,,,,
way,11403148,Shirley Park Golf Club,51.370867,-0.0596654,golf_course,,,,,,,,,,
way,252136953,Shiskine Golf And Tennis Club Hosue,55.5049235,-5.3399835,,clubhouse,,,,,,,,KA27 8HA,
way,252136957,Shiskine Golf Club,55.506966,-5.3473513,golf_course,,,https://www.shiskinegolf.com/,+44 1770 860 226,,Shore Road,Blackwaterfoot,,KA27 8HA,
way,498692713,Shooters Hill Golf Club,51.4718157,0.0733801,,clubhouse,,http://www.shgc.uk.com/,+44 20 8854 6368,,Eaglesfield Road,London,,SE18 3DA,
way,5096627,Shooters Hill Golf Course,51.471235,0.0778669,golf_course,,,,,,,,,,
way,1227551526,Short Course,52.7191258,-2.4073986,golf_course,,,,,,,,,,
way,1476234099,Short Course,53.7499753,-3.0127586,golf_course,,Royal Lytham & St Annes Golf Club,,,,Links Gate,Lytham St Annes,,FY8 3LQ,
node,12787881859,Short Course,51.3119029,-0.538043,golf_course,,Hoebridge Golf Centre,,,,Old Woking Road,Old Woking,,GU22 8JH,
way,5104278,Shortlands Golf Club,51.4109201,0.0003061,golf_course,,,https://www.shortlandsgolfclub.com/,+44 20 8466 9155,,Ravensbourne Avenue,Bromley,,BR2 0BP,
way,19020841,Shortwood Lodge Golf Club,51.4753123,-2.4701072,golf_course,,,,,,,,,,
way,174186602,Shotts Golf Club,55.8283569,-3.7803202,golf_course,,info@shottsgolfclub.co.uk,http://www.shottsgolfclub.co.uk,+44 1501 820431,,Blairhead,Shotts,,ML7 5BJ,
relation,11051617,Shrewsbury Golf Club,52.6498708,-2.7628804,golf_course,,Shrewsbury Golf Club Limited,https://www.shrewsburygolfclub.co.uk/,,,Grange Lane,Shrewsbury,,SY5 7BL,
relation,19344635,Shrivenham Park Golf Club,51.6070062,-1.6507842,golf_course,,,http://www.shrivenhampark.com/,+44 1793 783853,,Pennyhooks Lane,Swindon,,SN6 8EX,
way,238309781,Sickleholme Golf Club,53.3396439,-1.6803155,golf_course,,,https://www.sickleholme.co.uk/,,,,Hope Valley,,S33 0BN,
way,4931195,Sidcup Golf Club,51.4407549,0.1096302,golf_course,,,https://www.sidcupgolfclub.co.uk/,+44 20 8300 2150,,Hurst Road,Sidcup,,DA15 9AW,
relation,3886547,Sidmouth Golf Club,50.6840491,-3.2606515,golf_course,,,https://www.sidmouthgolfclub.co.uk/,+44 1395 513451,secretary@sidmouthgolfclub.co.uk,Cotmaton Road,Sidmouth,,EX10 8SX,
relation,14418798,Silecroft Golf Club,54.2113085,-3.3404406,golf_course,,,https://www.silecroftgolfclub.co.uk/,+44 1229 774250,silecroftgolf@gmail.com,,,,,
way,226871789,Silfield Village Golf Course,52.5533002,1.1332821,golf_course,,,,,,,,,,
way,281237010,Silkstone Golf Course,53.5513298,-1.5426431,golf_course,,,,,,,,,,
way,287103361,Silloth on Solway Golf Club,54.8588234,-3.3967664,golf_course,,,https://www.sillothgolfclub.co.uk/,+44 16973 31304,office@sillothgolfclub.co.uk,Station Road,Silloth,,CA7 4BL,
way,159377320,Silver Birch Golf Course,53.2517763,-3.6399633,golf_course,,,,,,,,,,
way,735140479,Silverdale Golf Club,54.1710447,-2.8036505,golf_course,,,https://www.silverdalegolfclub.co.uk/,,,Red Bridge Lane,Silverdale,,LA5 0SP,
way,4955209,Silverknowes Golf Course,55.9758285,-3.2706377,golf_course,,,https://www.edinburghleisure.co.uk/venues/silverknowes-golf-course/,,,,,,,
way,253833786,Silvermere,51.3360908,-0.4507722,golf_course,,,,,,,,,,
way,4860036,Silverstone Golf Club,52.0630037,-1.0319927,,clubhouse,,,,,,,,,
way,535260189,Silverstone Golf Club,52.0627688,-1.041862,golf_course,,,,,,,,,,
way,332053560,Singing Hills Golf Course,50.9225106,-0.2089508,golf_course,,,http://www.singinghills.co.uk/,+44 1273 835353,,,,,,
way,93365211,Sittingbourne & Milton Regis Golf Club,51.337981,0.6681799,golf_course,,,,,,,,,,
way,38752402,Sitwell Park Golf Course,53.4118059,-1.3032655,golf_course,,,,,,,,,,
way,335950059,Six Hills Golf Course,52.7874058,-1.0356197,golf_course,,,,+44 1509 881225,,,,,,
way,1486530603,Skeabost Golf Club,57.4534596,-6.3106848,golf_course,,Skeabost House Hotel,,,,,,,,
way,183034971,Skelmorlie Golf Club,55.8677248,-4.8747347,golf_course,,,https://www.skelmorliegolf.co.uk/,+44 1475 520152,sec@skelmorliegolf.co.uk,Beithglass Road,Skelmorlie,,PA17 5ES,
relation,14477572,Skipton Golf Club,53.9747448,-2.0181558,golf_course,,Skipton Golf Club LTD,https://www.skiptongolfclub.co.uk/,,,Short Lee Lane,Skipton,,BD23 3LF,
relation,7383840,Skylark Meadows Golf and Country Club,50.877881,-1.2310377,golf_course,,,https://www.skylarkcountryclub.co.uk/,,,,,,,
relation,11052947,Slaley Hall Golf Club,54.8981751,-2.0226027,golf_course,,,https://www.slaleyhallhotel.com/golf/,,,,,,,
way,146724963,Sleaford Golf Club,52.9799385,-0.4676807,golf_course,,,,,,,,,,
way,565498410,Slinfold Park Golf and Country Club,51.0668588,-0.4273733,golf_course,,,https://www.slinfoldclub.co.uk/,,,Stane Street,Slinfold,,RH13 0RE,
way,174295062,Snainton Golf,54.2282162,-0.6118397,golf_course,,,https://www.golfscarborough.co.uk/,+44 1723 850014,info@golfscarborough.co.uk,Yedingham Road,Snainton,,YO13 9PG,
way,92136781,Snodhurst Bottom Pitch & Putt,51.3611171,0.523397,golf_course,,,,+44 1634 843167,,,,,,
way,441413112,Solent Mead Golf Centre and Cafe,50.7237763,-1.7775873,,clubhouse,,https://www.solentmeads.com/,+44 1202 420795,,Broadway,Bournemouth,,BH23 1BD,
way,93205633,Solent Meads Golf Centre,50.7216863,-1.7735459,golf_course,,,https://www.solentmeads.com/,+44 1202 420795,solentmeads@yahoo.co.uk,Broadway,Bournemouth,,BH23 1BD,
way,1078828472,Somerley Park Golf Club,50.8726192,-1.8205837,golf_course,,Somerley Golf Ltd.,https://www.somerleyparkgolfclub.co.uk/,,,Nea Drive,,,,
way,22957541,Sonning Golf Club,51.4695353,-0.8944853,golf_course,,,https://www.sonning-golf-club.co.uk/,+44 118 969 2910,,Duffield Road,Sonning-on-Thames,,RG4 6GJ,
relation,3960428,South Beds Golf Club,51.9273568,-0.4146655,golf_course,,,https://www.southbedsgolfclub.co.uk/,+44 1582 591 500,,Warden Hill Road,Luton,,LU2 7AE,
way,1011317878,South Bradford Golf Club,53.7617784,-1.7560018,,clubhouse,,,,,,,,,
way,142822599,South Bradford Golf Course,53.7590646,-1.7517228,golf_course,,,https://www.southbradfordgolfclub.co.uk/,,,,,,,
way,470186178,South Cerney Golf Course,51.6815168,-1.9202005,golf_course,,,https://www.southcerneygolfcourse.co.uk/,+44 1285 861001,,Northmoor Lane,Cirencester,,GL7 5QD,
way,251760657,South Chesterfield Golf Club,53.2051027,-1.3942769,golf_course,,,,,,,,,,
way,23618344,South Essex Golf Centre,51.5873851,0.3667771,golf_course,,,https://www.southessexgolf.co.uk/index.php,+44 1277 811 289,,Herongate,Brentwood,,CM13 3LW,
way,259047082,South Herefordshire Golf Club,51.9235664,-2.5150941,golf_course,,,https://www.south-herefordshiregc.co.uk/,+44 1989 780535,info@south-herefordshiregc.co.uk,Twin Lakes,"Upton Bishop, Ross on Wye",,HR9 7UA,
way,4013115,South Hertfordshire Golf course,51.6362423,-0.190479,golf_course,,,,,,,,,,
way,117941997,South Kyme Golf Club,53.0361002,-0.2382498,golf_course,,,,,,,,,,
relation,8448323,South Leeds Golf Club,53.7569125,-1.5608706,golf_course,,,,,,,,,,
way,511730015,South Moor Golf Club,54.8528697,-1.6896478,golf_course,,,https://www.southmoorgc.co.uk/,,,,,,,
way,1493746473,South Pembrokeshire Golf Club,51.6890637,-4.9611859,golf_course,,,https://southpembsgc.co.uk/,,,,,,,
way,141850322,South Petersfield Golf Club,50.9940997,-0.9287914,golf_course,,,https://www.petersfieldgolfclub.co.uk/south-petersfield/,+44 1730 895165,,,,,,
way,180229292,South Ronaldsay Golf Course,58.821796,-2.9610985,golf_course,,,https://southronaldsaygolf.com/,,,,,,,
way,301537785,South Shields Golf Club,54.9667388,-1.3887003,golf_course,,,https://www.ssgc.co.uk/,+44 191 4560110;+44 191 456 8942,,Cleadon Hills,South Shields,,NE34 8EG,
way,90144572,South Winchester Golf Club,51.0460122,-1.358707,golf_course,,,,,,,,,,
way,126090591,Southampton City Golf Course,50.9471609,-1.4168821,golf_course,,,,,,,,,,
way,331764356,Southerndown Golf Club,51.4744343,-3.6085833,golf_course,,,,,,,,,,
relation,14290747,Southerness Golf Course,54.878041,-3.6131249,golf_course,,,https://southernessgolfclub.com/,,,,,,,
way,145416972,Southfield,51.7603194,-0.9845586,golf_course,,,,,,,,,,
way,369664618,Southport & Ainsdale Golf Club,53.605385,-3.0350024,,clubhouse,,https://www.sandagolfclub.co.uk/,+44 1704 578000,admin@sandagolf.co.uk,Bradshaw's Lane,Southport,,PR8 3LG,
way,25720447,Southport and Ainsdale Golf Club,53.6108693,-3.0312529,golf_course,,,https://www.sandagolfclub.co.uk/,+44 1704 578000;+44 1704 577316,,Bradshaws Lane,Southport,,PR8 3LG,
way,34571624,Southport Golf Academy,53.657091,-2.8930666,golf_course,,,https://www.southport-golf.co.uk/,+44 1772 815842,,Mere Brow,Preston,,PR4 6JX,
way,24415900,Southport Municipal Golf Course,53.6619552,-2.9922091,golf_course,,,https://www.sefton.gov.uk/sport-leisure/golf-in-sefton/southport-golf-links/,,,,,,,
way,24416172,Southport Old Links Golf Club,53.6489766,-2.9581842,golf_course,,,http://www.southportoldlinksgolfclub.co.uk/,+44 1704 228 207;+44 7802 653 909,,Moss Lane,Southport,,PR9 7QS,
way,223384918,Southview Leisure Park,53.1634073,0.3071452,golf_course,,,https://www.park-resorts.com/holiday-parks/east-anglia/southview-leisure-park/,+44 843 309 2585;+44 1754760589,,Burgh Road,Skegness,,PE25 2LA,
way,144484141,Southwell Golf Club,53.0694637,-0.9056952,golf_course,,,http://www.southwellgolfclub.com,,,,,,,
way,380370799,Southwell Golf Club,53.0688544,-0.8969389,golf_course,,,,,,,,,,
way,15450345,Southwick Park Golf Course,50.8726791,-1.1001625,golf_course,,,,,,,,,,
way,93935065,Southwold Golf Club,52.3265622,1.6706795,golf_course,,,https://www.southwoldgolfclub.co.uk/,+44 1502 723234,,,Southwold,,IP18 6TB,
relation,4651565,Spa Golf Club,54.3920545,-5.9090043,golf_course,,,https://www.spagolfclub.net/,,,,,,,
way,117941998,Spalding Golf Club,52.8392666,-0.1148629,golf_course,,,,,,,,,,
way,258170818,Sparkwell Golf Course,50.4045847,-3.9930949,golf_course,,,,,,,,,,
way,293353027,Sparrows Den Pitch & Putt,51.3689062,-0.0100779,golf_course,,,,+44 20 8777 5010,,Corkscrew Hill,West Wickham,,BR4 9BB,
way,244627387,Spean Bridge Golf Club,56.887372,-4.9284853,golf_course,,,https://speangolf.co.uk/,,,,,,,
way,264906766,Spey Bay Golf Course,57.6683777,-3.0642943,golf_course,,,https://www.linksdao.io/spey-bay,,,,,,,
way,798492122,Spey Valley 9-hole Academy Golf Course,57.1963154,-3.8107007,golf_course,,,,,,,,,,
way,144568417,Spofforth Golf Club,53.9546967,-1.4616866,golf_course,,,www.spofforthgolf.co.uk,,,Haggs Road,Harrogate,,HG3 1EQ,
way,7849820,Springhead Golf Course,53.7571448,-0.4229835,golf_course,,,,,,,,,,
way,97018301,Springwater Golf Club,53.0311438,-1.0626105,golf_course,,18 Hole par 71,http://www.springwatergolfclub.com/,+44 115 965 4946,,Moor Lane,Nottingham,,NG14 6FZ,
relation,1767393,Sprowston Manor Golf Club,52.6656215,1.3450609,golf_course,,,,,,,,,,
way,1429535368,St Andrews Golf Club,56.3426608,-2.8035279,,clubhouse,,https://thestandrewsgolfclub.co.uk/,+44 1334 479799,sec@thestandrewsgolfclub.co.uk,The Links,St Andrews,,KY16 9JB,
way,297397760,St Andrews Ladies’ Putting Club,56.3447171,-2.8071318,,clubhouse,,https://www.standrewsputtingclub.com/,,,West Sands Road,St Andrews,,,
relation,19594439,St Andrews Links Clubhouse,56.3456238,-2.8086651,,clubhouse,St Andrews Links Trust,,,,West Sands Road,St Andrews,,KY16 9XL,
way,100848280,St Andrews Major Golf Club,51.4258052,-3.2382457,golf_course,,,,,,,,,,
way,301563528,St Annes Old Links,53.7665438,-3.0398403,golf_course,,,https://www.stannesoldlinks.com/,,,,Lytham St Annes,,FY8 2LD,
way,1076017035,St Annes Old Links Golf Club,53.7629082,-3.0384178,,clubhouse,,https://www.stannesoldlinks.com/,+44 1253 723597,golf@stannesoldlinks.com,Highbury Road East,Lytham St Annes,,FY8 2LD,
way,313089439,St Athan Golf Club,51.4117553,-3.4120237,golf_course,,,http://www.rafstathangc.co.uk/,,,,,,,
way,28989282,St Audrys Golf Club,52.1159536,1.3389092,golf_course,,,https://www.staudrysgc.co.uk/,+44 1394 380 200,,St Audry's Park Road,Woodbridge,,IP12 1SY,
way,91579836,St Augustine's Golf Club,51.3240422,1.3601672,golf_course,,,https://www.staugustinesgolfclub.co.uk/,+44 1843 590333,sagcsecretary@hotmail.co.uk,Cottington Road,Ramsgate,Kent,CT12 5JN,
way,704180044,St Austell Golf Course,50.3235041,-4.8088649,golf_course,,,,,,,,,,
way,206189943,St Boswells Golf Course,55.5782499,-2.6381614,golf_course,,,https://www.stboswellsgolfclub.co.uk/,,,,,,,
way,25708689,St Clements Golf Club,52.0457076,1.1943959,golf_course,,,,,,,,,,
way,185664926,St Davids City Golf Club,51.8951444,-5.289867,golf_course,,,https://www.stdavidscitygolfclub.co.uk/,,,,,,SA62 6PT,
relation,17035737,St Deniol Golf Club,53.2235504,-4.1240908,golf_course,,,,,,Penybryn Road,Bangor,,LL57 1PX,
way,113859577,St Enodoc Golf Club,50.5532907,-4.9180424,golf_course,,,,,,,,,,
way,492531537,St Fillans Golf Club,56.3888253,-4.1016837,golf_course,,,https://www.st-fillans-golf.com/,,,,,,,
way,436077260,St Fillans Golf Club,56.3905567,-4.1071465,,clubhouse,,,,,South Loch Earn Road,,,PH6 2NJ,
relation,2712842,St George's Hill Golf Club,51.3466478,-0.4514455,golf_course,,,,,,,,,,
way,494775841,St Idloes Golf Club,52.4599978,-3.5408,golf_course,,,https://www.stidloesgolfclub.co.uk/,,,,,,,
way,217129260,St Ives Golf Club,52.3410863,-0.0442203,golf_course,,,https://www.stivesgolfclub.co.uk/,+44 1480 499920,,Needingworth Road,St Ives,,PE27 4NB,
way,1217211536,St Kew Golf Club,50.5411465,-4.7857959,,clubhouse,,,,,,,,,
way,299926511,St Kew Golf Club,50.5423581,-4.7891955,golf_course,,,https://www.stkewgc.com/,+44 1208 841500,,,,,PL30 3EF,
way,211198827,St Margaret's,56.003884,-2.5381134,,clubhouse,ELC,,,,,,,,
relation,19291968,St Mary's Hotel Golf & Country Club,51.5119076,-3.4713711,golf_course,,,,,,St Mary Hill,Pencoed,,CF35 5EA,
way,264453404,St Medan Golf Club,54.7255296,-4.5394577,golf_course,,,https://www.stmedangolfclub.com/,,,,,,,
way,274823331,St Michaels Golf Club,56.3861714,-2.8962175,,clubhouse,,,+44 1334 838666,admin@stmichaelsgc.com,Gallowhill,Leuchars,,KY16 0DX,
way,355781656,St Michaels Golf Club,56.3884809,-2.9003724,golf_course,,,https://stmichaelsgolfclub.com/,,,Gallowhill,Leuchars,,KY16 0DX,
way,118721663,St Neots Golf Club,52.2389635,-0.2750225,golf_course,,,http://www.stneotsgolfclub.co.uk/,+44 1480 472363;+44 1480 476513,office@stneotsgolfclub.co.uk,Crosshall Road,St Neots,,PE19 7GE,
way,405207721,St Patrick's Golf Club,54.3317819,-5.6961234,golf_course,,,,,,,,,,
way,113842043,St Pierre,51.6118738,-2.7032273,golf_course,,Marriott St. Pierre Country Club,https://www.marriottgolf.co.uk/our-clubs/st-pierre,+44 1291 635 205,mhrs.cwlgs.golf@marriotthotels.com,,Chepstow,,NP16 6YA,
way,1208750167,St Pierre Mathern Course,51.6125204,-2.6976142,golf_course,,,,,,,,,,
way,1208750149,St Pierre Old Course,51.6123389,-2.7079501,golf_course,,,,,,,,,,
way,1429535357,St Regulus Ladies Golf Club,56.3423969,-2.8035844,,clubhouse,,https://www.st-regulus-lgc.co.uk/,+44 1334 477797,admin@st-regulus-lgc.co.uk,Pilmour Links,St Andrews,,KY16 9JG,
way,309903524,St. Bees School Golf Course,54.4860959,-3.5961234,golf_course,,,https://www.stbeesgolfclub.co.uk/,,,,,,,
way,43546578,St. Cuthbert Golf Club,55.490234,-4.5959083,golf_course,,,https://www.stcuthbert.co.uk/,+44 1292 477101,,East Road,Ayr,,KA9 2SX,
way,358894400,St. Cuthbert Golf Club,55.4903126,-4.6026415,,clubhouse,,,,,,Prestwick,,KA9 2SX,
way,150328320,St. Edward's School Golf Course,51.7810841,-1.2760635,golf_course,,,https://www.stedwardsoxford.org/beyond-the-classroom/sports/other-sports/golf/,,,,,,,
way,1493775216,St. Giles,52.5204312,-3.2971281,golf_course,,St. Giles Golf Club,,,,,,,,
way,89879766,St. Mellion International Resort,50.4683715,-4.2826961,golf_course,,,,,,,,,,
way,48544200,St. Mellons Country Club,51.535231,-3.0865909,,clubhouse,,,,,,Newport,,,
relation,20396416,St. Mellons Hotel and Country Club,51.5349207,-3.0886255,golf_course,,,,,,,,,,
way,43546577,St. Nicholas Golf Club,55.4875856,-4.6226493,golf_course,,,https://www.prestwickstnicholas.com/,+44 1292 477 608,secretary@prestwickstnicholas.com,Grangemuir Road,Prestwick,,KA9 1SN,
way,169456415,St. Nicholas' Golf Club,55.4931351,-4.6205093,,clubhouse,,,,,,Prestwick,,KA9 1SN,
way,393255104,St. Stephen’s Primary School golf course,55.8544376,-3.9993658,golf_course,,,https://blogs.glowscotland.org.uk/nl/ststephensprimary/,,,,,,,
relation,14265789,Staddon Heights Golf Club,50.3442115,-4.1196176,golf_course,,,https://www.staddonheightsgolf.co.uk/,+44 1752 402475,info@staddonheightsgolf.co.uk,,Plymouth,,PL9 9SP,
way,96651357,Stafford Castle Golf Club,52.8024076,-2.1314211,,clubhouse,,,,,,,,,
way,96651358,Stafford Castle Golf Club,52.8006099,-2.1363978,golf_course,,,,,,,,,,
way,995603718,Staining Lodge Golf Club,53.8142534,-2.9801516,,clubhouse,,,,,,,,,
way,196117757,Staining Lodge Golf Course,53.8120783,-2.9733127,golf_course,,,https://www.staininglodge.co.uk/,+44 1253 891336,enquiries@staininglodge.co.uk,,Blackpool,,FY3 0DE,
way,80986189,Stamford Golf Club,53.5052235,-2.0333505,golf_course,,,,,,,,,,
relation,3883278,Stand Golf Club,53.5494675,-2.312454,golf_course,,,https://www.standgolfclub.co.uk/,+44 161 766 2214,,,Whitefield,,M45 7NL,
way,241050641,Stanedge Golf Club,53.2060064,-1.4971303,golf_course,,,,,,Darley Road,Chesterfield,,S45 0LW,
relation,3883303,Stanley Park Golf Course,53.8194024,-3.0182159,golf_course,,,https://linkgolfuk.com/course/stanley-park-golf-course,+44 1253 302613,,North Park Drive,Blackpool,,FY3 8LS,
way,4248571,Stanmore Golf Club,51.6077478,-0.3190764,golf_course,,,,,,,,,,
way,30995844,Stanton on the Wolds Golf Course,52.8730748,-1.0630409,golf_course,,,,,,,,,,
way,4282738,Stapleford Abbotts - Priors Golf Course,51.6323105,0.2172544,golf_course,,,https://staplefordabbottsgolf.co.uk/,+44 1277 373 344,,Horseman Side,Stapleford Abbotts,,RM4 1JU,
relation,3910795,Stapleford Abbotts Golf Course,51.6362288,0.2056351,golf_course,,,https://staplefordabbottsgolf.co.uk/,+44 1708 381 108,,Horseman Side,Stapleford Abbotts,,RM4 1JU,
way,104292670,Stapleford Park Golf Club,52.7540704,-0.7902555,golf_course,,,https://www.staplefordpark.com/golf/,+44 1572 787000,,Stapleford,Melton Mowbray,,LE14 2EF,
way,437177587,Staverton Park,52.2540052,-1.2019654,golf_course,,,,,,,,,,
way,35083232,Stevenage Golf Centre,51.8810005,-0.1578221,golf_course,,,http://www.stevenage-leisure.co.uk/CentrenbspLocator/StevenageGolfConferenceCentre/tabid/207/Default.aspx,+44 1438 880 424,,Aston Lane,Stevenage,,SG2 7EL,
way,178120126,Stilton Oaks Golf Course,52.4825365,-0.2964624,golf_course,,,,,,,,,,
way,121208446,Stinchcombe Hill Golf Course,51.6838676,-2.3750966,golf_course,,,,,,,,,,
relation,2869142,Stirling Golf Club,56.115696,-3.9564922,golf_course,,,https://www.stirlinggolfclub.com/,+44 1786 464098,info@stirlinggolfclub.com,Queens Road,Stirling,,FK8 3AA,
way,1493514491,Stock Brook Country Club,51.6506119,0.4240236,golf_course,,,,,,,,,,
node,8422994528,Stockley Park Golf Club,51.5135428,-0.4429594,golf_course,,,,,,,,,,
way,28284966,Stockport Golf Club,53.3881445,-2.0919209,golf_course,,,,,,,,,,
way,212438196,Stocks Golf Club,51.8078484,-0.6104276,golf_course,,,http://stocksgolfclub.co.uk/,,,,,,,
way,158609606,Stocksbridge Golf Club,53.4687034,-1.577609,golf_course,,,https://www.stocksbridgegolfclub.co.uk/,+44 114 2887479,stocksbridgegolf@hotmail.co.uk,Royd Lane,Deepcar,,S36 2RZ,
way,138929822,Stocksfield Golf Club,54.9273658,-1.904771,golf_course,,,https://www.stocksfieldgolfclub.co.uk/,+44 1661 843041,info@stocksfieldgolfclub.co.uk,New Ridley Road,Stocksfield,,NE43 7RE,
way,840019869,Stockwood Park Golf Centre,51.8614537,-0.4250147,golf_course,,,https://www.activeluton.co.uk/stockwood-park-golf-centre,+44 1582 413704,info@activeluton.co.uk,London Road,Luton,,LU1 4LX,
way,145320676,Stockwood Vale Golf Club,51.411629,-2.5260397,golf_course,,FAMILY GOLF CENTRES LTD.,https://www.stockwoodvale.com/pages.php/index.html,+44 117 986 6505,INFO@STOCKWOODVALE.COM,Stockwood Lane,Bristol,,BS31 2ER,
way,469000881,Stoke Albany Golf and Country Club,52.488326,-0.8314235,golf_course,,,,,,,,,,
way,120811346,"Stoke by Nayland Hotel, Golf & Spa",51.995074,0.86241,golf_course,,,https://www.stokebynayland.com/content/golf,+44 1206 262836,,Keeper's Lane,Leavenheath,,CO6 4PZ,
way,33118679,Stoke Park Golf Course,51.5349918,-0.6041676,golf_course,,,https://www.stokepark.com/golf,+44 1753 717171,,Park Road,Slough,,SL2 4PG,
way,145425984,Stokesley Golf Range,54.4686967,-1.172893,golf_course,,,https://www.stokesleygolfrange.co.uk/,+44 1642 714856,information@stokesleygolfrange.co.uk,,Middlesbrough,,TS9 5JJ,
way,1367650994,Stokesley Par 3,54.4696176,-1.1732712,golf_course,,,https://www.stokesleygolfrange.co.uk/,,,,,,,
way,372233958,Stone Golf Centre,52.8791818,-2.1883951,golf_course,,,,,,,,,,
way,251501250,Stone Golf Course,52.9007926,-2.164626,golf_course,,,https://www.stonegolfclub.co.uk/,,,,,,,
way,99208834,Stonebridge Golf Course,52.4397845,-1.6744775,golf_course,,,,,,,,,,
way,22820882,Stoneham Golf Club,50.953081,-1.3911144,golf_course,,,,,,,,,,
way,118701404,Stonehaven Golf Club,56.9812132,-2.1877783,golf_course,,,https://www.stonehavengolfclub.com/,,,,,,,
way,103965971,Stonelees,51.345426,1.3804833,,clubhouse,,,,,Manston Road,Manston,,CT12 5BE,
way,899290780,Stonelees Golf Centre,51.3198695,1.3535676,golf_course,,,https://www.stonelees.com/,+44 1843 823133,stonelees@stonelees.com,Ebbsfleet Lane,Ramsgate,Kent,CT12 5DJ,
way,23945737,Stoneleigh Deer Park Golf Club,52.3467564,-1.5046775,golf_course,,,https://www.stoneleighdeerparkgolfclub.com/,+44 2476 639991,,Coventry Road,Stoneleigh,,CV8 3DR,
way,378327382,Stonham Barns Golf Centre,52.1856492,1.1390294,golf_course,,,,,,,,,,
way,223092411,Stony Holme Golf Club,54.8989373,-2.9131419,golf_course,,,http://www.stonyholmegolfclub.co.uk/,+44 1228 810570,,St Aidan's Road,Carlisle,,CA1 1LS,
relation,1911233,Stonyhurst Golf Club,53.8472151,-2.4833764,golf_course,,,https://www.stonyhurstpark.co.uk/,+44 1254 814167,,Stoynhurst Park,Clitheroe,,BB7 9QB,
way,122724965,Storws Wen Golf Club,53.3175125,-4.2532528,golf_course,,,https://www.storwswengolfclub.com/,,,,Brynteg,,LL78 8JY,
way,382211567,Stourbridge Golf Club,52.4396233,-2.1409867,,clubhouse,,,,,Worcester Lane,Stourbridge,,DY8 2RB,
way,89869458,Stourbridge Golf Course,52.440042,-2.149503,golf_course,,,,,,,,,,
way,170090224,Stover Golf Club,50.5567568,-3.6534003,golf_course,,,https://www.stovergolfclub.co.uk/,+44 1626 352460,,Bovey Road,Newton Abbot,,TQ12 6QQ,
way,299051915,Stowmarket Golf & Archery Centre,52.1925894,0.9387756,golf_course,,,https://www.stowmarketgolfcentre.co.uk/,+44 1449 737090,,Lower Road,Stowmarket,,IP14 3DA,
way,116760714,Stowmarket Golf Club,52.1870772,0.9450494,golf_course,,,https://www.stowmarketgolfclub.co.uk/,+44 1449 736473,,Lower Road,Stowmarket,,IP14 3DA,
way,699363425,Stowmarket Golf Clubhouse,52.1904802,0.9387611,,clubhouse,,,,,,,,,
way,201194096,Strabane Golf Club,54.8116531,-7.4640828,golf_course,,,,,,,,,,
way,264451502,Stranraer Golf Club,54.9250942,-5.0638362,golf_course,,,https://www.stranraergolfclub.net/,,,,,,,
way,160619899,Stratford Oaks Golf Course,52.2452314,-1.715971,golf_course,,,,,,,,,,
way,154856359,Stratford on Avon Golf Club,52.1942887,-1.684006,golf_course,,,,,,,,,,
way,336925645,Strathaven Golf Club,55.6904494,-4.0684111,golf_course,,,https://www.strathavengc.com/,+44 1357 520421,,,,,,
way,33740527,Strathclyde Park Golf Course,55.7871303,-4.0420151,golf_course,,,https://www.slleisureandculture.co.uk/info/244/strathclyde_park_golf_course,+44 1698 429350,laura.cleland@southlanarkshireleisure.co.uk,Motehill Road,Hamilton,,ML3 6BY,
way,277763231,Strathendrick Golf Club,56.0556167,-4.4454125,golf_course,,,https://www.strathendrickgolfclub.co.uk/,+44 1360 660 695,,Glasgow Road,Drymen,,G63 0AA,
way,264904699,Strathlene Golf Club,57.6923228,-2.9181824,golf_course,,,https://www.strathlenegolfclub.co.uk/,,,,,,,
way,37573407,Strathmore Golf Centre,56.6008635,-3.2191078,golf_course,,,https://www.strathmoregolf.com/,+44 1828 633322,enquiries@strathmoregolf.com,,,,,
way,207490543,Strathpeffer Spa Golf Club,57.5915722,-4.5439111,,clubhouse,,,,,,,,,
way,300577518,Strathpeffer Spa Golf Club,57.5910566,-4.5501265,golf_course,,,https://www.strathpeffergolf.co.uk/,,,,,,,
way,158718555,Strathtyrum Course,56.35072,-2.8296193,golf_course,,St Andrews Links Trust,http://www.standrews.org.uk/Play/Courses/Strathtyrum-Course,+44 1334 466 666; +44 1334 466 718,reservations@standrews.org.uk,,St Andrews,,KY16 9SF,
way,23072324,Strawberry Hill Golf Club,51.4365988,-0.343613,golf_course,,,,,,Wellesley Road,,,TW2 5SD,
way,264434412,Stromness Golf Club,58.9523218,-3.3014599,golf_course,,,https://www.stromnessgc.co.uk/,+44 1856 850772,secretary@stromnessgc.co.uk,,,,,
way,337444426,Stromness Golf Club,58.9533847,-3.2998072,,clubhouse,,,,,Back Road,Stromness,,KW16 3DW,
way,197975225,Strone Golf Club House,55.9898854,-4.8978719,,clubhouse,,,,,,,,,
way,717154314,Struie Course,57.8734071,-4.0339614,golf_course,,Royal Dornoch Golf Club,https://royaldornoch.com/struie-course/,,,Golf Road,Dornoch,,IV25 3LW,
way,202760941,Studley Wood Golf Club,51.799753,-1.136288,golf_course,,,https://www.studleywoodgolfclub.co.uk/,+44 1865 351 122,office@studleywoodgolfclub.co.uk,The Straight Mile,Oxford,,OX33 1BF,
way,233004534,Sturminster Marshall Golf Club,50.7967161,-2.0683137,golf_course,,,http://www.smgc.eu/,+44 1258 858 444,,Moor Lane,Sturminster Marshall,,BH21 4BD,
way,5259571,Styal Golf Club,53.3527365,-2.2331219,golf_course,,,,,,,,,,
relation,20018378,Styrrup Hall Golf & Country Club,53.4151284,-1.0915498,golf_course,,,http://www.styrrupgolf.co.uk/,+44 1302 751112;+44 1302 759933,office@styrrupgolf.co.uk,,Doncaster,,DN11 8NB,
way,4250453,Sudbury Golf Course,51.5451536,-0.315196,golf_course,,,,,,,,,,
way,224930387,Summerhill Golf Club,52.087004,-3.1102391,golf_course,,,,+44 1497820451,,,,,HR3 5EW,
way,163062713,Sunbury Golf,51.4018988,-0.4404853,golf_course,,,https://sunburygolf.co.uk/,,,Charlton Lane,Shepperton,,,
way,4930823,Sundridge Park Golf Course,51.4174064,0.0348027,golf_course,,,,,,,,,,
relation,15410213,Sunningdale Golf Club,51.3819099,-0.6342329,golf_course,,,,,,,,,,
way,36972679,Surbiton Golf Club,51.368426,-0.3267626,golf_course,,,https://www.surbitongolfclub.com/,+44 20 8398 3101,enqs@surbitongolfclub.com,Woodstock Lane South,Chessington,,KT9 1UG,
way,518541598,Surrey Downs Golf Club,51.2918681,-0.1893299,golf_course,,,,,,,,,,
way,160465135,Surrey National Golf Club,51.2859525,-0.1086145,golf_course,,info@surreynational.co.uk,https://www.surreynational.co.uk/,+44 1883 344 555,,Rook Lane,Caterham,,CR3 5AA,
way,200923489,Sutton Bridge Golf Club,52.7743925,0.1952943,golf_course,,,http://www.club-noticeboard.co.uk/suttonbridge/,+44 1406 350323,,New Road,Spalding,,PE12 9RQ,
way,4367848,Sutton Coldfield Golf Club,52.575814,-1.8687201,golf_course,,,,,,,,,,
way,24634115,Sutton Green Golf Club,51.2903434,-0.5641506,golf_course,,,,,,,,,,
way,8598512,Sutton Hall Golf Club,53.3045121,-2.6866581,golf_course,,,https://www.suttonhallgolf.co.uk/,+44 1928 790747,Info@suttonhallgolf.co.uk,Aston Lane,Runcorn,,WA7 3ED,
way,27432905,Sutton Park Golf Course,53.7819826,-0.2816777,golf_course,,,,,,,,,,
way,452925966,Sutton Park Golf course pub,53.7775884,-0.2829128,,clubhouse,,,,,Saltshouse Road,Hull,,HU8 9HF,
way,204052797,Swaffham Golf Club,52.6308879,0.6648618,golf_course,,,http://www.club-noticeboard.co.uk/swaffham/,+44 1760 721621,manager@swaffhamgc.co.uk,Cley Road,Swaffham,,PE37 8AE,
way,186258825,Swallow Hall Golf Course,53.9066068,-1.0035539,golf_course,,,https://www.swallowhall.com/,+44 1904 448889,Info@swallowhall.com,Wheldrake Lane,Crockey Hill,,YO19 4SG,
node,12750328888,Swanage Golf Games,50.6127573,-1.9679751,golf_course,,,https://swanagegolfgames.com/,,,,,,,
way,28005731,Swanmore Golf Centre,50.9296378,-1.1746133,golf_course,,,https://www.swanmoregolf.co.uk/,,,,,,,
way,1000289765,Swansea Bay Golf Club,51.6271477,-3.8514654,,clubhouse,,,,,,,,,
relation,2882361,Swanston Golf Course,55.8932786,-3.2165688,golf_course,,Swanston Golf Course,https://www.swanstongolf.co.uk/,+44 131 445 2239,golf@swanston.co.uk,Swanston Road,Edinburgh,,EH10 7DS,
way,91748740,Sweetwoods Park Golf Club,51.1374685,0.0913014,golf_course,,,https://www.sweetwoodspark.com/,+44 1342 850 729,,Colestock Road,Edenbridge,,TN8 7AY,
way,171655294,Swindon Golf Club,52.5234655,-2.2353635,golf_course,,,http://www.swindongolfclub.co.uk/,+44 1902 897031,admin@swindongolfclub.co.uk,Bridgnorth Road,"Swindon, Dudley",,DY3 4PU,
way,474839206,Swingrite Golf Centre,51.0076833,-3.0582088,golf_course,,,https://www.swingrite.co.uk/,+44 1823 442600,info@swingrite.co.uk,,,,,
way,179307558,Swinley Forest Golf Club,51.3838513,-0.6885884,golf_course,,,,,,,,,,
way,143973278,Tadcaster Golf Course,53.8311576,-1.2533942,golf_course,,Tadcaster Golf Club,https://www.tadcastergolf.co.uk,,,,,,,
way,944114260,Tadmarton Heath Golf Club,52.0172797,-1.433101,golf_course,,,,,,,,,,
way,263222466,Tain Golf Club,57.8158047,-4.0292411,golf_course,,,https://tain-golfclub.co.uk/,,,,,,,
way,263501480,Tall Pines Golf Club,51.388425,-2.7289866,golf_course,,,https://www.tallpinesgolf.co.uk/,,,Cooks Bridle Path,Downside,,BS48 3DJ,
way,65203553,Tandragee Golf Course,54.3480166,-6.4199718,golf_course,,,,,,,,,,
way,20198322,Tandridge Golf Club,51.2467904,-0.0259953,golf_course,,,,,,,,,,
way,59991766,Tankersley Park Golf Course,53.4835525,-1.4745116,golf_course,,,,,,,,,,
way,202979951,Tantallon Golf Club,56.0584755,-2.7272129,,clubhouse,,https://www.tantallongolfclub.co.uk/,,,Westgate,North Berwick,,EH39 4AH,
way,161617974,Tapton Park Golf Club,53.2421932,-1.4110959,golf_course,,,,,,Crow Lane,Chesterfield,,S41 0EQ,
way,279112671,Tapton Park Golf Club (Dobbin Course),53.2379864,-1.4069502,golf_course,,,,,,,,,,
way,222962757,Tarbat Golf Course Clubhouse,57.8353139,-3.824369,,clubhouse,,,,,,,,,
relation,3425604,Tarbert Golf Club,55.8602246,-5.4421446,golf_course,,,https://tarbertgolfclub.com/,+44 1546 606896,secretary@tarbertgolfclub.org.uk,Kilberry Road,Tarbert,,PA29 6XX,
way,235288807,Tarland Golf Club,57.1288455,-2.846923,golf_course,,,https://www.tarlandgolfclub.co.uk/,+44 13398 81000,secretary@tarlandgolfclub.co.uk,Aberdeen Road,Tarland,,AB34 4TB,
way,1041682979,Tarland Golf Club,57.1296254,-2.8548634,,clubhouse,,,,,Aberdeen Road,Tarland,,AB34 4TB,
way,33212020,Tata Steel Golf Course,51.5669529,-3.75389,golf_course,,,,,,,,,,
way,119563047,Taunton & Pickeridge Golf Club,50.9651671,-3.0836416,golf_course,,,https://tauntongolf.co.uk,+44 1823 421790,,,Taunton,,TA3 7BY,
way,99583728,Tavistock Golf Club,50.5433975,-4.1172182,golf_course,,,https://www.tavistockgolfclub.co.uk/,+44 1822 612344 (Office);+44 1822 612316 (Pro Shop),info@tavistockgolfclub.co.uk,Down Road,Tavistock,,PL19 9AQ,
way,136615413,Taymouth Castle Golf Course,56.5892083,-3.9851949,golf_course,,,https://welcometotaymouth.com/,,,,,,,
way,269327410,Taynuilt Golf Club,56.434466,-5.2412953,golf_course,,,https://www.taynuiltgolfclub.co.uk/,+44 1631 770633;+44 7798 878 202,secretary@taynuiltgolfclub.co.uk,,Taynuilt,,,
way,571108568,Tee in the Park,50.5929864,-1.2140926,golf_course,,,https://www.ventnorpark.co.uk/tee-in-the-park/,,,,,,,
way,39019420,Teesside Golf Club,54.5554888,-1.2830869,golf_course,,,https://www.teessidegolfclub.com/,,,,,,,
relation,9444530,Tehidy Park Golf Club,50.2453759,-5.2916362,golf_course,,,https://www.tehidyparkgolfclub.co.uk/,+44 1209 842208,,,Camborne,,TR14 0HH,
relation,3883348,Teign Valley Golf Club,50.6397436,-3.640159,golf_course,,,https://teignvalleygolf.co.uk/,+44 1647 253026,reception@teignvalleygolf.co.uk,,Exeter,,EX6 7PA,
way,25666093,Teignmouth Golf Course,50.5706928,-3.5291813,golf_course,,,,,,,,,,
relation,945678,Telford Hotel And Golf Resort,52.6217458,-2.4428173,golf_course,,,https://www.qhotels.co.uk/our-locations/telford-hotel-golf-resort/,+44 1952 429977,,Great Hay Drive,Telford,,TF7 4DT,
way,33102034,Temple Golf Course,51.5380072,-0.7950503,golf_course,,,,,,,,,,
way,427224346,Temple Golf Course,54.4637218,-5.9083882,golf_course,,,,,,,,,,
way,155347166,Temple Newsam Golf Course,53.784883,-1.469535,golf_course,,,,,,,,,,
way,639444695,Templenewsam Golf Club,53.7910382,-1.472679,,clubhouse,,https://www.templenewsamgolf.co.uk/,,,Temple Newsam Road,Leeds,,LS15 0LN,
way,1493746535,Tenby Golf Club,51.6621777,-4.7130116,golf_course,,,https://www.tenbygolf.co.uk/,,,,Tenby,,SA70 7NP,
way,94237204,Tenterden Golf Club,51.0765925,0.7133208,golf_course,,,http://www.tenterdengolfclub.co.uk/,+44 1580 763987,enquiries@tenterdengolfclub.co.uk,Woodchurch Road,Tenterden,,TN30 7DR,
way,159494671,Test Valley Golf Club,51.2067216,-1.2549561,golf_course,,,http://www.testvalleygolf.com/,+44 1256 771737,,Micheldever Road,Basingstoke,,RG25 3DS,
way,30861560,Tetney Golf Club,53.4888646,-0.031075,golf_course,,,,,,,,,,
way,30830816,Tewkesbury Park Golf Club,51.9796581,-2.1728163,golf_course,,,,,,Lincoln Green Lane,,,GL20 7DN,
way,35767650,TFG Golf Course (Penketh),53.3749188,-2.6707503,golf_course,,,,,,,,,,
relation,3345292,Thames Ditton and Esher Golf Club,51.3806643,-0.3506307,golf_course,,Surrey,https://thamesdittonandeshergolfclub.com/,+44 20 8398 1551,tdegc@hotmail.co.uk,Portsmouth Road,Esher,,KT10 9AL,
way,300324227,The 19th Hole,52.4580875,1.4287893,,clubhouse,,,,,Old Railway Road,Suffolk,,NR35 1DS,
relation,1275377,The Abbey Hotel,52.3201886,-1.9268197,golf_course,,,,,,,,,,
way,210581977,The Aberfeldy Sports Club,56.6215861,-3.8727231,,clubhouse,,,,,,,,,
way,1437244489,The Addington Golf Club,51.364113,-0.0389089,golf_course,,,https://addingtongolf.com/,,,,,,,
way,26763263,The Ageas Bowl County Golf Club,50.9209744,-1.3226586,golf_course,,,https://www.ageasbowl.com/pages/golf/,,,,,,,
way,1378995213,The Baird Course,56.1928291,-2.8275815,golf_course,,Elie Sports Club,https://www.eliesportsclub.co.uk/golf,,,,,,,
way,4367849,The Belfry,52.5620421,-1.7353058,golf_course,,,http://www.thebelfry.co.uk,+44 844 980 0555,,,,,,
node,8228697903,The Belfry Golf Course,52.5579486,-1.7354297,golf_course,,,,,,,,,,
relation,11971832,The Berkshire Golf Club,51.3852176,-0.7132378,golf_course,,,https://www.theberkshire.co.uk/,,,,,,,
node,12986815334,The Boathouse,51.9101103,-2.0703654,,clubhouse,,,,,,,,,
way,1432241028,The Bruce,56.21264,-3.4146602,golf_course,,Kinross Golf Club,,,,Beeches Park,Kinross,,KY13 8EU,
node,12179286443,The Bunker Indoor Golf Simulator,51.4131542,-1.3613455,golf_course,,,,,,,,,,
way,914183132,The Burstead Golf Club,51.6089316,0.4039888,golf_course,,,,,,,,,,
relation,3883235,The Carlyon Bay Hotel Golf Club,50.3389631,-4.7230783,golf_course,,,https://www.carlyonbay.com/golf/,+44 1726 814 228,golf@carlyonbay.com,Sea Road,St Austell,,PL25 3RD,
way,1459805267,The Carnoustie Buddon Course,56.4913985,-2.7298414,golf_course,,Carnoustie Golf Links,,+44 1241 802270,golf@carnoustie.com,Links Parade,Carnoustie,,DD7 7JE,
way,26237513,The Carnoustie Burnside Course,56.4943758,-2.7284533,golf_course,,Carnoustie Golf Links,,+44 1241 802270,golf@carnoustie.com,Links Parade,Carnoustie,,DD7 7JE,
way,1459805268,The Carnoustie Championship Course,56.4935515,-2.7271971,golf_course,,Carnoustie Golf Links,,+44 1241 802270,golf@carnoustie.com,Links Parade,Carnoustie,,DD7 7JE,
way,253838503,The Carrick Golf Course,56.0369379,-4.6377964,golf_course,,,https://www.thecarrick.com/,+44 1389755565,,,Loch Lomond,,G83 8QZ,
way,250869978,The Castle Course,56.327785,-2.754188,golf_course,,St Andrews Links Trust,http://www.standrews.org.uk/Play/Courses/The-Castle-Course,+44 1334 466 666;+44 1334 466 718,reservations@standrews.org.uk,,St Andrews,,KY16 8PL,
way,26521672,The Cathedral Course,50.7989874,-0.7743946,golf_course,,Chichester Golf Club,https://chichestergolf.com/the-cathedral-course/,,,,,,,
way,51065636,The Caversham,51.482704,-1.0060581,golf_course,,,https://thecaversham.co.uk/,+44 118 947 8600,info@cavershamgolf.co.uk,,Mapledurham,,RG4 7UT,
way,87235852,The Chase Golf Club,52.7238174,-2.050912,golf_course,,,,,,Pottal Pool Road,South Staffordshire,,ST19 5RN,
node,12782615558,The Church,51.3198535,-0.486217,golf_course,,Wisley Golf Club,,,,,,,,
way,51065707,The Club at Mapledurham,51.4886688,-0.9973028,golf_course,,,https://www.theclubatmapledurham.com/,+44 118 946 3353,mapledurham.info@theclubcompany.com,Chazey Heath,Mapledurham,,RG4 7UD,
way,499952509,The Club at Mapledurham,51.4967903,-0.9967017,golf_course,,,https://www.theclubatmapledurham.com/,+44 118 946 3353,mapledurham.info@theclubcompany.com,Chazey Heath,Mapledurham,,RG4 7UD,
way,499952512,The Club at Mapledurham,51.4959092,-0.9994382,golf_course,,,https://www.theclubatmapledurham.com/,+44 118 946 3353,mapledurham.info@theclubcompany.com,Chazey Heath,Mapledurham,,RG4 7UD,
way,131543119,The Club House,52.6648425,1.342259,,clubhouse,,,,,,,,,
way,309597270,The Clubhouse,56.3883228,-3.8432226,,clubhouse,,,,,,,,,
way,1021635307,The Clubhouse,53.0748384,-2.803094,,clubhouse,,,,,,,,,
way,356109493,The Craigtoun Clubhouse,56.3198798,-2.8436102,,clubhouse,St Andrews Links Trust,,,,Craigtoun Park,St Andrews,,KY16 8NX,
way,1486347301,The Dornock Course,56.383612,-3.8200077,golf_course,,,,,,,,,,
way,185215212,The Dorset Golf & Country Club & Resort,50.7067359,-2.1924263,golf_course,,,https://www.dorsetgolfresort.com/,+44 1929 472244,,Bere Regis,Wareham,,BH20 7NT,
way,166937233,The Downs Course,50.8832917,-0.7551305,golf_course,,,,+44 1243 755133,golf@goodwood.com,Kennel Hill,Chichester,,PO18 0PN,
way,20789011,The Drift Golf Club,51.2903559,-0.4315239,golf_course,,,https://www.driftgolfclub.com,+44 1483 284641,,,East Horsley,,KT24 5HD,
way,1083840342,The Essex Golf Academy,51.9057023,0.6886241,golf_course,,,,,,,,,,
way,1083840343,The Essex Golf Academy,51.9076985,0.6890855,,clubhouse,The Essex Golf & Country Club,https://essexgolfacademy.co.uk/,+44 1787 223961,info@essexgolfacademy.co.uk,Earls Colne Airfield,Colchester,,CO6 2NS,
relation,14425536,The Essex Golf and Country Club,51.9115416,0.6850014,golf_course,,,,,,,,,,
way,91562349,The Essex Golf and Country Club,51.9093059,0.686946,,clubhouse,The Club Company,https://www.theessexgolfandcountryclub.com/,+44 1787 224466,essex.info@theclubcompany.com,Earls Colne Airfield,Colchester,,CO6 2NS,
way,1486347302,The Ferntower Coure,56.3835966,-3.8264434,golf_course,,,,,,,,,,
way,298828565,The Gallops Golf Course,52.599021,-1.1011041,golf_course,driving_range,,,,,,,,,
node,12782615559,The Garden,51.320827,-0.4787822,golf_course,,Wisley Golf Club,,,,,,,,
way,617088111,The Gog Magog Golf Club,52.1655227,0.1624232,,clubhouse,,https://www.gogmagog.co.uk/,+44 1223 247626,office@gogmagog.co.uk,Shelford Bottom,Cambridge,,CB22 3AB,
way,217558597,The Grove,51.6763941,-0.4348703,golf_course,,,,,,,,,,
way,45421696,The Grove Clubhouse,51.5026486,-3.6988443,,clubhouse,,,,,,Porthcawl,,CF33 4RP,
way,45421697,The Grove Golf Club,51.5023953,-3.7058949,golf_course,,,,,,,,,,
way,179613933,The Hampshire Golf Club,51.1829799,-1.4710313,golf_course,,,,,,,,,,
way,849262260,The Hendre,51.8232179,-2.7869895,,clubhouse,,,,,,Monmouth,,NP25 5HT,
relation,3345324,The Hertfordshire Golf & Country Club,51.7444602,-0.041133,golf_course,,,http://www.thehertfordshiregolf.co.uk/,+44 1992 466 666,hertfordshire-manager@crown-golf.co.uk,White Stubbs Lane,Broxbourne,Hertfordshire,EN10 7PY,
way,20211613,The Hertsmere,51.6574266,-0.294618,golf_course,,,https://www.thehertsmere.co.uk/,,,,,,,
way,445051101,The Hobson Golf Club,54.8994124,-1.7228154,golf_course,,,https://www.thehobsongolfclub.co.uk/,+44 1207 270941,,,Newcastle upon Tyne,,NE16 6BZ,
way,166257450,The Honourable Company of Edinburgh Golfers,56.0419685,-2.8206177,,clubhouse,,https://www.muirfield.org.uk/,+44 1620 842123,,Duncur Road,Muirfield,,EH31 2EG,
way,1443340912,The Inspiration Club,51.5440145,-0.4070514,golf_course,,,https://theinspirationclub.co.uk/,,,,,,,
way,213215473,The Kames Golf Club (Mouse Valley),55.698563,-3.7055065,golf_course,,info@kames-golf-club.com,http://www.kames-golf-club.com/html/,+44 1555 870015,,,Lanark,,ML11 8NR,
way,740844423,The Kendleshire,51.5113027,-2.4696824,,clubhouse,,,,,,Bristol,,BS36 2XG,
relation,3997265,The Kidderminster Golf Club,52.3767595,-2.234536,golf_course,,,https://www.thekidderminstergolfclub.com/,+44 1562 740 090;+44 1562 822 303,,Russell Road,Kidderminster,,DY10 3HT,
relation,18209240,The Leatherhead Club,51.3218093,-0.3354987,golf_course,,,,,,,,,,
way,250941235,The Lincolnshire Golf Course,53.5824995,-0.8268202,golf_course,,,http://www.lincolnshiregolfcourse.co.uk/,+44 1724 711619,enquiries@lincolnshiregolfcourse.co.uk,,Scunthorpe,,DN17 4BU,
way,92277839,The London Beach Golf Club,51.0918418,0.6830811,golf_course,,,http://www.londonbeachgolfclub.co.uk/,+44 158 076 6279,enquiries@londonbeach.com,Ashford Road,Tenterden,,TN30 6HX,
way,24783296,The Lottbridge Golf Club,50.7908563,0.287275,golf_course,,,,+44 1323520400,,Lottbridge Drove,Eastbourne,,BN23 6QJ,
way,1018772807,The Machrie,55.6643758,-6.2558669,golf_course,,,https://islaygolfclub.co.uk/,,,,,,,
way,417722024,The Manor Golf Club Ltd,52.8666012,-1.9332326,golf_course,,,,,,Leese Hill,,,ST14 8QT,
way,385423551,The Manor House & Golf Course,54.9502411,-6.5467042,golf_course,,,,,,Bridge Street,Kilrea,,BT51 5RR,
way,92905481,The Manor House Golf Club,51.4994841,-2.2359382,golf_course,,,http://www.manorhousegolf.co.uk/,+44 1249 783101,enquiries@manorhousegolf.co.uk,,Castle Combe,,SN14 7JW,
way,164299132,The Manor of Groves Golf Clubhouse,51.8134648,0.1159908,,clubhouse,,,,,,,,,
relation,3883350,The Manor of Groves Golf Course,51.8127842,0.1148774,golf_course,,,https://www.manorofgroves.com/,+44 1279 600 777,info@manorofgroves.co.uk,,Sawbridgeworth,,CM21 0JU,
way,204646780,The Mark Butler Golf Academy (Sedgley Golf Centre),52.5307407,-2.1366225,golf_course,,,http://www.themarkbutlergolfacademy.co.uk/,+44 1902 880503,,Sandyfields Road,Dudley,,DY3 3DL,
way,23256944,The Mendip Golf Club,51.2216143,-2.5517167,golf_course,,,,,,,,,,
way,171272304,The Mendip Golf Club,51.2229775,-2.5439744,,clubhouse,,https://www.mendipgolfclub.com/,,,,,,BA3 4UT,
node,12782615561,The Mill,51.3150275,-0.4857574,golf_course,,Wisley Golf Club,,,,,,,,
way,83535060,The Millbrook Golf Club,52.0330809,-0.5349043,golf_course,,,https://www.themillbrook.com/,+44 1525 402269;+44 1525 840252,,Sandhill Close,Millbrook,,MK45 2JB,
way,1432241027,The Montgomery,56.2097799,-3.4128147,golf_course,,Kinross Golf Club,,,,Beeches Park,Kinross,,KY13 8EU,
node,783442816,The National Golf Centre (Woodhall Spa),53.1551903,-0.2057584,golf_course,,,https://www.woodhallspagolf.com/,+44 1526 352511,booking@woodhallspagolf.com,The Broadway,Woodhall Spa,,LN10 6PU,
way,1481665082,The National Golf Centre (Woodhall Spa),53.1608489,-0.1943209,golf_course,,,https://www.woodhallspagolf.com/,,,,Woodhall Spa,,LN10 6PU,
way,1459805269,The Nestie,56.4953445,-2.7171176,golf_course,,Carnoustie Golf Links,,,,,,,,
way,263959967,The New Golf Club,56.3426942,-2.8054721,,clubhouse,,https://www.newgolfclubstandrews.co.uk/,+44 1334 473426,admin@thenewgc.com,Gibson Place,St Andrews,,KY16 9JE,
way,7991310,The Nine of Herts,51.6221621,-0.4544341,golf_course,,,https://www.9ofherts.co.uk/,+44 1923 848636,9ofH@crown-golf.co.uk,London Road,Rickmansworth,,WD3 1JS,
way,44698834,The North Berwick Golf Club,56.0597721,-2.7464812,golf_course,,,https://www.northberwickgolfclub.com/,+44 1620 895040,secretary@northberwickgolfclub.com,Beach Road,North Berwick,,EH39 4BB,
way,31454906,The Nottinghamshire Golf & Country Club,52.9277929,-1.0610791,golf_course,,,,,,Main Road,Nottingham,,NG12 3HB,
way,337796608,The Oaks Golf Club,53.8322933,-0.9042912,golf_course,,,http://www.theoaksgolfclub.co.uk/,+44 1757 288 577,,,,,,
relation,6598003,The Old Course - Portstewart Golf Club,55.1905802,-6.7038489,golf_course,,Portstewart Golf Club,,,,,,,,
relation,19510844,The Old Nene Golf & Country Club,52.4686294,-0.1050438,golf_course,,Kingsmere,https://www.theoldnene.co.uk,,,,,,,
way,129119853,The Orchards Holiday Village Golf Course,51.7988878,1.0453793,golf_course,,Haven,https://www.haven.com/parks/essex/the-orchards/index.aspx,+44 1255 820 651,,St Osyth,Clacton-on-Sea,,CO16 8LJ,
way,44280375,The Parc Golf Club,51.5458768,-3.0521536,golf_course,,,https://parcgolfclub.com/contact-us/,+44 1633 680 933,parc.golf@hotmail.com,Church Lane,Newport,,NP10 8TU,
way,954901635,The Park,53.4342231,-2.7357219,,clubhouse,,,,,,,,,
way,166935844,The Park Course,50.8690029,-0.7414914,golf_course,,,,,,,,,,
way,180430074,The Pastures Golf Club,52.8961094,-1.5527718,golf_course,,,https://pasturesgolfclub.co.uk/,,,Merlin Way,Derby,,DE3 0UJ,
way,590582749,The Pine Lodge Golf Centre,57.252587,-2.4164232,golf_course,,,,,,,,,,
relation,3359697,The Pines Golf Centre,55.0831931,-3.5809144,golf_course,,admin@pinesgolf.com,http://www.pinesgolf.com/,+44 1387 247444,,Lockerbie Road,Dumfries,,DG1 3PF,
way,601828399,The Players Club,51.5117464,-2.3772928,golf_course,,,https://www.theplayersgolfclub.com/,,,,,,,
way,229268912,The Range Woodfarm,52.6321501,-2.0305626,golf_course,driving_range,,,,,,,,,
way,103426735,The Rayleigh Club,51.6096774,0.6152569,golf_course,,,,,,Hullbridge Road,,,SS6 9QS,
way,161230026,The Renaissance Club,56.0541685,-2.8074074,golf_course,,,https://trcaa.com/,+44 1620 850 901,membership@trcaa.com,Cowden Hill Drive,Dirleton,,EH39 5HS,
way,4795273,The Richmond Golf Club,51.4387742,-0.298691,golf_course,,,https://www.therichmondgolfclub.com/,,,,Richmond,,TW10 7AS,
way,94361166,The Ridge Golf Club,51.2188679,0.6172808,golf_course,,,https://www.theridgegolfclub.co.uk/,+44 1622 844382,,Chartway Street,Sutton Valence,,ME17 3JB,
relation,14209060,The Rolls of Monmouth Golf Club,51.8212953,-2.7843143,golf_course,,,https://www.therollsgolfclub.co.uk/,,,,Monmouth,,NP25 5HT,
way,1147638655,The Royal and Ancient Golf Club of St Andrews,56.3435687,-2.8023836,,clubhouse,The R&A,https://www.randagc.org/,+44 1334 460079,,Golf Place,St Andrews,,KY16 9JD,
way,6136684,The Royal Burgess Golfing Society of Edinburgh,55.9650306,-3.2993219,golf_course,,,https://www.royalburgess.co.uk/,+44 131 317 9440,,Whitehouse Road,Edinburgh,,EH4 6BU,
way,404538527,The Royal Burgess Golfing Society of Edinburgh,55.9621916,-3.3058248,,clubhouse,,,+44 131 339 2075,enquiries@royalburgess.co.uk,Whitehouse Road,Edinburgh,,EH4 6BU,
way,33825067,The Royal Eastbourne Golf Club,50.7646333,0.2614321,golf_course,,,https://www.regc.co.uk/,+44 1323 744045,,Paradise Drive,Eastbourne,,BN20 8BP,
way,24494194,The Royal St. George's Golf Club,51.2759028,1.3750288,golf_course,,,,,,,,,,
way,8044592,The Shire London,51.6658146,-0.2161488,golf_course,,,https://theshirelondon.com/,+44 20 8441 7649,golf@theshirelondon.com,St Albans Road,,,EN5 4RE,
way,197139095,The South Buckinghamshire Golf Course,51.5441119,-0.6026328,golf_course,,,https://www.thesouthbuckinghamshire.co.uk/,+44 1753 643332,,Park Road,Slough,,SL2 4PJ,
way,129109143,The South Staffordshire Golf Club,52.6073062,-2.169397,golf_course,,,https://www.southstaffordshiregolfclub.co.uk/,+44 1902 751065,,Danescourt Road,Wolverhampton,,WV6 9BQ,
way,30720724,The Springs Golf Club,51.576502,-1.1189222,golf_course,,,http://www.thespringshotel.com/golf/,+44 1491 827310,,Wallingford Road,North Stoke,,OX10 6BE,
way,1429535364,The St Rule Club,56.3426627,-2.8033337,,clubhouse,,https://www.thestruleclub.co.uk/,+44 1334 472988,admin@thestruleclub.co.uk,The Links,St Andrews,,KY16 9JB,
way,298904954,The Strand - Portstewart Golf Club,55.1675907,-6.7324055,golf_course,,Portstewart Golf Club,,,,,,,,
way,93921622,The Suffolk Golf & Spa Hotel,52.272546,0.7014782,golf_course,,,https://www.bespokehotels.com/suffolkgolfspahotel/,+44 843 178 7171,,The Street,Bury St Edmunds,,IP28 6JQ,
way,166505778,The Toft Country House Hotel and Golf Club,52.7389861,-0.4149177,golf_course,,,https://www.tofthotelgolf.co.uk/golf/,+44 1778 590616;+44 1778 590614,,Toft,Bourne,,PE10 0JT,
way,1472491190,The Tower Course,50.7964861,-0.7789591,golf_course,,Chichester Golf Club,https://chichestergolf.com/the-tower-course/,,,,,,,
way,1425429978,The Twenty Ten Course,51.6208883,-2.9225851,golf_course,,Celtic Manor Resort,https://www.celtic-manor.com/golf-courses/the-twenty-ten/,,,Bulmore Road,Newport,,NP18 1LZ,
relation,8880581,The Vale Golf and Country Club,52.1508135,-1.9927616,golf_course,,,,,,,,,,
way,151596337,The Village Golf Course,53.8766538,-1.4839502,golf_course,,,https://brandonandthevillagegolfcourses.co.uk/,+44 113 273 7471;+44 7759 012364,,,,,,
way,157403879,The Warren Golf Club,51.7297047,0.6060625,golf_course,,,,,,,,,,
way,94361157,The Weald of Kent Golf Course,51.1914495,0.6083433,golf_course,,,https://www.weald-of-kent.co.uk/,+44 1622 891671,,Maidstone Road,Headcorn,,TN27 9PT,
way,1378307633,The Wee course,55.6631374,-6.2539529,golf_course,rough,,https://another.place/the-machrie/golf/the-wee-course,,,,,,,
way,1486318701,The Wee Course,56.5716573,-3.3423571,golf_course,,,,,,,,,,
way,114614223,The Welcombe Golf Club,52.2049957,-1.6911106,golf_course,,,,,,,,,,
way,96444868,The West Berkshire Golf Club,51.4817967,-1.419966,golf_course,,,https://www.thewbgc.co.uk/,+44 1488 638574,,,Chaddleworth,,RG20 7DU,
way,122403613,The West Kilbride Golf Club,55.6923994,-4.8794426,golf_course,,,https://www.westkilbridegolfclub.com/,+44 1294 823 911,,Fullerton Drive,West Kilbride,,KA23 9HT,
way,25720491,The West Lancashire Golf Club,53.5042119,-3.0559385,golf_course,,,https://www.westlancashiregolf.co.uk/,,,Hall Road West,Liverpool,,L23 8SZ,
relation,3346226,The Westerwood Hotel & Golf Resort,55.9712552,-3.9913483,golf_course,,,https://www.qhotels.co.uk/our-locations/the-westerwood-hotel-golf-resort/golf/,+44 1236 457 171,,St Andrews Drive,,,G68 0EW,
way,172109992,The Wisley,51.3189038,-0.4820813,golf_course,,,https://www.thewisley.com,+44 1483 211022,,,Ripley,,GU23 6QU,
relation,18998205,The Wisley Golf Club,51.3189009,-0.4823741,,clubhouse,,,,,Mill Lane,Ockham,,GU23 6QU,
way,5059697,The Woldingham Golf Club,51.3003835,-0.0475555,golf_course,,,,,,,,,,
way,41534123,The Wrekin Golf Club,52.6839498,-2.5228574,golf_course,,,,,,,,,,
way,169716593,The Wychwood Golf Club,51.8829008,-1.6049686,golf_course,,,https://www.thewychwood.com/,,,,,,OX7 6QQ,
way,124970557,Theale Golf Club,51.445702,-1.0790811,golf_course,,,,,,,,,,
way,111499653,Thetford Golf Club,52.4185548,0.7135235,golf_course,,,https://www.thetfordgolfclub.co.uk/,,,Brandon Road,Thetford,,IP24 3NE,
way,21130465,Theydon Bois Golf Club,51.6798399,0.0937265,golf_course,,,,,,,,,,
way,159658568,Thirsk & Northallerton Golf Club,54.2575633,-1.3616915,golf_course,,,https://www.tngc.co.uk/,,,,,,,
way,491594467,Thorn Park Golf Centre,50.6976711,-3.2031313,golf_course,,,,,,,,,,
way,23109560,Thornbury Golf Centre,51.5988426,-2.5372467,golf_course,,,https://www.thornburygc.co.uk/,+44 1454281144,,Bristol Road,Thornbury,,BS35 3XL,
way,128679377,Thorndon Park Golf Club,51.5959481,0.34113,golf_course,,,,,,,,,,
way,112325928,Thorne Golf Club,53.6062153,-0.9753023,golf_course,,,https://www.thornegolf.co.uk/,+44 1405 812084,,Kirton Lane,Doncaster,,DN8 5RJ,
way,395802679,Thorney Golf Centre,52.6367155,-0.0955838,golf_course,,,,,,,,,,
way,395802680,Thorney Lakes Golf Course,52.6321279,-0.0870766,golf_course,,,,,,,,,,
way,1493539680,Thorney Park Golf Club,51.506327,-0.4934834,golf_course,,,,,,,,,,
relation,3765686,Thornhill Golf Course,55.2441006,-3.7473789,golf_course,,,https://www.thornhillgolfclub.co.uk/,,,,,,,
way,305159835,Thornhurst Manor Golf Course,53.585736,-1.1448,golf_course,,,https://www.thornhurstmanor.co.uk/golf-club.html,+44 1302 337799,,Holme Lane,Doncaster,,DN5 0LR,
way,129216785,Thornton Golf Club,56.1672842,-3.1259273,golf_course,,,https://www.thorntongolfclub.co.uk/,+44 1592 771111,enquiries@thorntongolfclub.co.uk,Station Road,Thornton,,KY1 4DW,
way,149715001,Thorpe Hall Golf Course,51.5344749,0.7506511,golf_course,,,,,,,,,,
way,367086948,Thorpe Wood Golf Course,52.5639757,-0.2897448,golf_course,,Nene Park Golf,http://neneparkgolf.com/,+44 1733 267701,,,Peterborough,,PE3 6SE,
relation,3990165,Thorpeness Hotel & Golf Club,52.1885138,1.6035327,golf_course,,,https://www.thorpeness.co.uk/,+44 1728 454926,proshop@thorpeness.co.uk,,Leiston,,IP16 4NH,
relation,3883357,Three Hammers Golf Complex,52.6505998,-2.1276866,golf_course,,,https://www.3hammers.co.uk/,+44 1902 790428,info@3hammers.co.uk,Old Stafford Road,Wolverhampton,,WV10 7PP,
way,132047203,Three Lakes Golf Course,51.8241247,-0.0577278,golf_course,,,https://threelakespar3.co.uk/,,,,Ware,,,
way,243813805,Three Locks Golf Club,51.9507332,-0.6994344,golf_course,,,,,,,,,,
way,160284665,Three Rivers Golf & Country Club,51.6657585,0.6608735,golf_course,,,https://www.threeriversclub.com/,+44 1621 829781;+44 1621 828631,info@threeriversclub.com,Stow Road,Cold Norton,,CM3 6RR,
way,300988134,Thurlestone Golf Club,50.2659154,-3.8619853,,clubhouse,,,,,,,,TQ7 3NZ,
way,39497760,Thurlestone Golf Course,50.2693468,-3.8697772,golf_course,,,,,,,,,,
way,39391269,Thurlestone Hotel Golf Course,50.27014,-3.8605127,golf_course,,,,,,,,,,
way,579812238,Thurso Golf Club,58.5826497,-3.5523179,golf_course,,Thurso Golf Club,https://thursogolfclub.co.uk/,,,,Thurso,,,
way,678850990,Tickenham Golf Club,51.4467769,-2.7806675,golf_course,,,http://www.tickenhamgolf.co.uk/,+44 1275 856626,play@tickenhamgolf.co.uk,Clevedon Road,Clevedon,,BS21 6RY,
relation,17343354,Tidbury Green Golf Course,52.3859699,-1.855513,golf_course,,,,,,,,,,
way,372436977,Tidworth Garrison Golf Club,51.2298133,-1.6918472,golf_course,,,https://www.tidworthgolfclub.co.uk/,,,,,,SP9 7AF,
way,20042199,Tilgate Forest Golf Centre,51.0974303,-0.1669171,golf_course,,,https://www.glendalegolf.co.uk/Tilgate-Forest-Golf-Centre,+44 1293 530103,tilgolfshop03@glendalegolf.co.uk,Titmus Drive,Crawley,,RH10 5EU,
way,277216078,Tillicoultry Golf Club,56.1554622,-3.7561056,golf_course,,,https://www.tillicoultrygolfclub.com/,,,,,,,
way,931725437,Tillicoultry Golf Club,56.1545581,-3.7507978,,clubhouse,,,,,,,,FK13 6BL,
way,29421238,Tilsworth Golf Course,51.9144329,-0.5728373,golf_course,,,,,,,,,,
way,884332517,Tinsley Park Golf Course and Wood,53.3887511,-1.3917639,golf_course,,,,,,,,,,
way,27864854,Tiverton Golf Club,50.9134432,-3.4346645,golf_course,,,,,,,,,,
way,112337837,Tiverton Golf Club,50.9106485,-3.4387569,,clubhouse,,,,,,,,,
way,145320824,Tobermore Golf Centre,54.8168132,-6.6962259,golf_course,,,https://www.midulstercouncil.org/tobermoregolf,,,,,,,
way,986424724,Tobermory Golf Club,56.6289294,-6.0642467,golf_course,,,https://www.tobermorygolfclub.com/,,,,,,,
way,130460458,Todmorden Golf Club,53.7236647,-2.0868659,golf_course,,,https://todmordengolfclub.co.uk/,,,,,,,
way,83499726,Tonbridge Golf Centre,51.2000372,0.2876483,golf_course,,,,,,,,,,
way,147290433,Toot Hill Golf Course,51.6931364,0.1903662,golf_course,,,,,,,,,,
way,23608856,Top Meadow,51.5411545,0.3124113,golf_course,,,,,,,,,,
way,161997874,TopGolf Surrey,51.3577269,-0.4910631,golf_course,,TopGolf,,,,Moated Farm Drive,Addlestone,,KT15 2DW,
way,90939505,Torphins Golf Club,57.1124765,-2.6306891,golf_course,,,https://www.torphinsgolfclub.co.uk/,,,,,,,
way,90939508,Torphins Golf Club,57.1138625,-2.6344512,,clubhouse,,,,,Bog Road,,,AB31 4JU,
way,26280801,Torquay Golf Club,50.4892057,-3.5220986,golf_course,,,,,,,,,,
way,198929514,Torquay Golf Club Clubhouse,50.4855729,-3.5214614,,clubhouse,,,,,,,,,
way,1457764231,Torrance Course,56.32156,-2.7314506,golf_course,,Fairmont St Andrews,https://www.standrewsbay.com/,+44 1334 837023,,Crail road,St Andrews,,KY16 8PN,
way,25303659,Torrance House Golf Club,55.7435854,-4.1493578,golf_course,,,https://torrancehousegc.co.uk/,,,,,,,
relation,3346201,Torrance Park Golf Course (closed),55.8227627,-3.9463505,golf_course,,,https://www.torranceparkgolf.co.uk/,+44 1698 735 160,enquiries@torranceparkgolf.co.uk,Legbrannock Road,Motherwell,,ML1 5SZ,
relation,7687134,Torwoodlee Golf Course,55.6362389,-2.8370391,golf_course,,,https://www.torwoodleegolfclub.co.uk/,,,,,,,
relation,9336141,Tournerbury Golf Course,50.7979392,-0.9657474,golf_course,,,http://www.tournerburygolfcentre.com/,+44 23 9246 2266,,,,,,
node,8558388765,Tower Course,52.9735365,-1.4084701,golf_course,,,,,,,,,,
way,362534414,Towerland Golf Course (closed),51.8963935,0.5387,golf_course,,,,,,,,,,
way,128852665,Town Meadow Golf Course,51.2441065,-1.2691399,golf_course,,,http://www.townmeadowgolf.co.uk/,,,,,,,
way,13856940,Town Moor Golf Course,53.5203801,-1.0962298,golf_course,,,https://dtmgc.co.uk/,,,,,,,
relation,3892330,Towneley Golf Club,53.7779281,-2.2266552,golf_course,,,https://www.towneleygolfclub.co.uk/,+44 1282 438473,secretary@towneleygolfclub.co.uk,Todmorden Road,Burnley,,BB11 3ED,
way,168615373,Towneley Park 9 Hole Golf Course (Brunshaw Golf Course),53.7812656,-2.2124548,golf_course,,,https://www.burnley.gov.uk/residents/parks-open-spaces/golf-courses,+44 1282 438473;+44 1282 421517,,Deerpark Road,Burnley,,,
way,102016757,Tracy Park Golf & Country Park,51.443961,-2.4110457,golf_course,,,,,,,,,,
way,166724628,Trafford Golf Centre,53.4670624,-2.358712,golf_course,,,https://traffordgolfcentre.co.uk/,,,,,,,
way,1030998488,Traigh Golf Course,56.9398634,-5.853712,,clubhouse,,,,,,,,,
way,265635937,Traigh Golf Course,56.9419635,-5.8540629,golf_course,,,https://www.traighgolf.co.uk/,+44 1687 450 337,,,Arisaig,,PH39 4NT,
way,1229181551,Tredegar and Rhymney Golf Course,51.749854,-3.2660886,golf_course,,,,,,,,,,
way,44280615,Tredegar Park Golf Club,51.5988944,-3.0272043,golf_course,,,,,,,,,,
relation,19102126,Trefloyne Park Golf Club,51.6671168,-4.7413146,golf_course,,,,,,,,,,
relation,4033976,Tregenna Castle Resort,50.2041861,-5.4790786,golf_course,,Tregenna Castle Resort,https://www.tregenna-castle.co.uk/businessandleisure/golf/,+44 1736 795254,,Trelyon Avenue,St Ives,,TR26 2DE,
way,830310928,Treloy Golf Club,50.4251298,-5.0170066,golf_course,,,https://www.treloygolfclub.co.uk/,,,,,,,
relation,4525219,Trent Lock Golf Centre,52.8779152,-1.2830439,golf_course,,,http://www.trentlock.co.uk/,,,,,,,
way,3810529,Trent Park Golf Course,51.6531621,-0.1316881,golf_course,,,,,,,,,,
way,696523831,Trentham Golf Club,52.9603547,-2.1878626,golf_course,,Trentham Golf Club,,,,Barlaston Old Road,,,ST4 8HB,
way,239459799,Trentham Park Golf Course,52.9690301,-2.215534,golf_course,,,,,,,,,,
way,305340031,Trethorne Golf Club,50.6266614,-4.4265789,golf_course,,,https://trethornegolfclub.com/,,,,,,,
way,220526489,Trevose Golf & Country Club,50.5374828,-5.0165633,golf_course,,,https://www.trevose-gc.co.uk/,+44 1841 520208,,,Padstow,,PL28 8JB,
relation,3362918,Troon Darley,55.5516942,-4.6472833,golf_course,,,https://www.golfsouthayrshire.com/courses/7/troon-darley,+44 1292 312 464,,,,,,
relation,3362923,Troon Fullarton,55.5393333,-4.6426305,golf_course,,,https://www.golfsouthayrshire.com/courses/8/troon-fullarton,+44 1292 312 464,,,,,,
way,120581548,Troon Ladies Golf Clubhouse,55.5304813,-4.6470493,,clubhouse,,,,,,Troon,,KA10 6HE,
relation,3339559,Troon Lochgreen,55.5362249,-4.6395457,golf_course,,,https://www.golfsouthayrshire.com/courses/6/troon-lochgreen,+44 1292 312 464,,,,,,
way,114403632,Truro Golf Club,50.2665387,-5.0857626,golf_course,,,,,,,,,,
way,114403629,Truro Golf Club House,50.2640066,-5.0882156,,clubhouse,,,,,,,,,
way,94420394,Tudor Park Country Club,51.2620354,0.5891547,golf_course,,,https://www.marriott.co.uk/hotels/hotel-information/golf-courses/tdmgs-tudor-park-a-marriott-hotel-and-country-club/,+44 1622 734 334,,Ashford Road,Bearsted,,ME14 4NQ,
way,93402639,Tulliallan Golf Club,56.0830314,-3.7149205,golf_course,,,https://www.tulliallangolf.co.uk/,+44 1259 730 396,tulliallangolf@btconnect.com,Alloa Road,Kincardine on Forth,,FK10 4BB,
way,93459881,Tulliallan Golf Club,56.0771797,-3.7196586,,clubhouse,,,,,,Alloa,,FK10 4BB,
way,94713790,Tunbridge Wells Golf Club,51.1338889,0.243794,golf_course,,,,,,,,,,
way,521652475,Tunshill Golf Club,53.6120703,-2.0936734,golf_course,,,,,,,,,,
way,521652476,Tunshill Golf Club,53.6142667,-2.091842,golf_course,,,,,,,,,,
way,1172589096,Tunshill Golf Club,53.6142107,-2.0899139,,clubhouse,,https://tunshillgolfclub.co.uk,+44 1706 342095,,Tunshill Lane,Rochdale,,OL16 3TS,
way,46421398,Turnberry,55.3219191,-4.8361435,golf_course,,,https://www.turnberry.co.uk/,,,,,,,
way,30780978,Turnhouse Golf Club,55.9525872,-3.333826,golf_course,,,https://www.turnhousegolfclub.com/,+44 131 339 1014,,Turnhouse Road,Edinburgh,,EH12 0AD,
way,260949206,Turnhouse Golf Club,55.9502119,-3.3354456,,clubhouse,,https://www.turnhousegolfclub.com/,+44 1313 391014,generalmanager@turnhousegc.com,Turnhouse Road,Edinburgh,,EH12 0AD,
way,888216717,Turriff Golf Club,57.5377995,-2.4810014,golf_course,,,https://www.turriffgolfclub.com/,,,,,,,
way,62217242,Turton Golf Course,53.6279119,-2.4202361,golf_course,,,,,,,,,,
way,21389681,Twisted Stone Golf Course,51.3263736,-0.4971134,golf_course,,,https://www.twistedstonegc.com/,,,,,,,
way,108686549,Tycroes Golf Range,51.765912,-4.0532873,golf_course,,,,,,,,,,
way,51698757,Tydd St Giles Golf Course,52.7319308,0.1224916,golf_course,,,http://www.pureleisuregroup.com/parks/tydd-st-giles/golf,+44 1945 871 007,,Kirkgate,Wisbech,,PE13 5NZ,
way,232334406,Tyddyn Mawr Golf Club,53.152274,-4.1958122,golf_course,,,,,,,,,,
relation,5997808,Tylney Park Golf Club,51.295393,-0.9926171,golf_course,,,,,,,,,,
way,8591168,Tylney Park Golf Club,51.2952432,-0.9799843,golf_course,,,,,,,,,,
way,59660493,Tynedale Golf Cub,54.9790779,-2.1070079,golf_course,,,http://www.tynedalegolfclub.co.uk/,+44 1434 608154,secretary@tynedalegolfclub.co.uk,Tyne Green,Hexham,,NE46 3HQ,
way,27384811,Tynemouth Golf Club,55.0206998,-1.4418667,golf_course,,,http://www.tynemouthgolfclub.co.uk,+44 191 257 3381,,King Edward Road,North Shields,,NE30 2ER,
way,28867354,Tyneside Golf Club,54.9780625,-1.777402,golf_course,,,https://www.tynesidegolfclub.co.uk,+44 191 413 2742,,Westfield Lane,Ryton,,,
way,21850343,Tyrrells Wood Golf Course,51.2815868,-0.29725,golf_course,,,,,,,,,,
way,28383477,Tytherington Golf Club,53.2822321,-2.1360545,golf_course,,,,,,,,,,
way,28989294,Ufford Park Golf Course,52.1155809,1.3456165,golf_course,,,https://www.uffordpark.co.uk/,+44 1394 383555,reception@uffordpark.co.uk,Yarmouth Road,Woodbridge,,IP12 1QW,
way,1148794737,Uig Lodge golf course,58.1881348,-7.0146121,golf_course,,,https://www.uiglodge.co.uk/,,,,,,,
way,215302777,Ullapool Golf Club,57.9040262,-5.1710211,golf_course,,,https://www.ullapoolgolfclub.co.uk/,,,,,,,
way,248534154,Ullenwood Manor Golf Course,51.8475823,-2.0835698,golf_course,,,https://www.stargolfsoc.com/,+44 1242 527 631,,,Cheltenham,,GL53 9QU,
way,218637056,Ulverston Golf Club,54.168441,-3.0791835,golf_course,,,https://www.ulverstongolf.co.uk/,+44 1229 582824,,,Ulverston,,LA12 9QJ,
way,218637054,Ulverston Golf Club Clubhouse,54.1688788,-3.0737827,,clubhouse,,,,,,,,,
node,12413173742,Unique Indoor Golf,52.5827081,-1.5536484,golf_course,,,https://www.uniqueindoorgolf.co.uk/,,,Abeles Way,Atherstone,,CV9 2QX,
relation,2882420,University of Stirling - Airthrey Golf Club,56.1477282,-3.9120497,golf_course,,sports.development@stir.ac.uk,https://www.stir.ac.uk/sports-centre/facilities/golf/,+44 1786 466 908,,,,,,
way,403245677,Upavon Golf Club,51.2967463,-1.7839085,golf_course,,,https://www.upavongolfclub.co.uk/,,,,,,SN9 6BQ,
way,244589931,Upchurch River Valley North Course,51.3708125,0.6356366,golf_course,,,https://www.rivervalleygolf.co.uk/golf.html,+44 1634 379592,,,,,,
way,244589932,Upchurch River Valley South Course,51.3632954,0.6342862,golf_course,,,https://www.rivervalleygolf.co.uk/golf.html,+44 1634 379592,,,,,,
way,244589933,Upchurch River Valley West Course,51.3676705,0.6348436,golf_course,,,https://www.rivervalleygolf.co.uk/golf.html,+44 1634 379592,,,,,,
way,1388795463,Uphall Golf Club,55.9272646,-3.5186571,,clubhouse,,https://www.uphallgolfclub.com/,,,A899,Uphall,West Lothian,EH52 6JT,
way,53803640,Uphall Golf Course,55.9253104,-3.5172869,golf_course,,,https://www.uphallgolfclub.com/,+44 1506 856 404,uphallgolfclub@btconnect.com,,Uphall,,EH52 6JT,
relation,18079483,Upminster Golf and Bowling Club,51.5652022,0.2504003,golf_course,,,,,,,,,,
relation,3998429,Upton-by-Chester Golf Club,53.2138323,-2.8896289,golf_course,,,https://www.uptongolf.co.uk/,+44 1244 381183,,Upton Lane,Chester,,CH2 1EE,
way,51414071,Uttoxeter Golf Course,52.8876714,-1.8433867,golf_course,,,,,,,,,,
way,30450381,Uxbridge Golf Course,51.5675832,-0.4726439,golf_course,,,,,,,,,,
way,997466863,Uxbridge Golf Course Clubhouse,51.5699523,-0.4696164,,clubhouse,,,,,,,,,
way,624042884,Vale of Leven Golf Club,55.9918527,-4.5558259,golf_course,,,https://www.volgc.org/,,,,,,,
way,1174786893,Vale of Leven Golf Club,55.9867502,-4.5660237,,clubhouse,,,,,,,,,
way,290606079,Vale of Llangollen Golf Club,52.9686397,-3.1342218,golf_course,,,https://vlgc.co.uk/,,,,,,,
way,317391728,Vale Royal Abbey,53.2246322,-2.5424414,,clubhouse,Vale Royal Abbey Golf Club,http://www.vra.co.uk/,+44 1606 301291,,Vale Royal Drive,"Whitegate, Northwich",,CW8 2BA,
way,18944190,Vale Royal Golf Club,53.2246887,-2.5496435,golf_course,,,,,,,,,,
way,23996941,Valley Course,51.1180807,1.1000691,golf_course,,,,,,,,,,
way,1465584617,Valley Course,50.9212381,-1.2183839,golf_course,,Britannia Hotels,https://www.britanniahotels.com/hotels/meon-valley-hotel-country-club/golf,,,,,,,
way,1413316754,Valley Links,55.204131,-6.633484,golf_course,,Royal Portrush Golf Club,https://www.royalportrushgolfclub.com/courses/the-valley/,+44 28 7082 2311,,Dunluce Road,Portrush,,BT56 8JQ,
way,1112802594,Vaul Golf Club,56.5322503,-6.7908119,golf_course,,,https://vaulgolfclub.co.uk/,,,,Isle of Tiree,,PA77 6TP,
relation,7661578,Ventnor Golf Club,50.6002532,-1.2299871,golf_course,,,https://ventnorgolfclub.co.uk/,+44 1983 853326,secretary@ventnorgolfclub.co.uk,Steephill Down Road,Ventnor,,PO38 1BP,
way,4269168,Verulam Golf Club,51.7371796,-0.3250247,golf_course,,,,,,,,,,
way,983249614,Vic Ambler Golf Centre,50.7391352,-3.5355762,golf_course,,,,,,,,,,
way,2976994,Vicars Cross Golf Club,53.2008234,-2.8222577,golf_course,,,https://www.vicarscrossgolf.co.uk/,+44 1244 335174,,Tarvin Road,Chester,,CH3 7HN,
way,91014280,Villa Golf Club,51.1415332,0.1479719,golf_course,,,https://www.villagolfcourse.co.uk/,+44 1892 740344,,Blackham,Royal Tunbridge Wells,,TN3 9UN,
way,1082392051,Village course,51.2339356,-0.8538766,golf_course,,,,,,,,,,
way,94831941,Village Golf & Sports Club,51.172842,0.5425268,golf_course,,,https://www.villagegolf.org.uk/,+44 1622 820719,,Clapper Lane,Staplehurst,,TN12 0JW,
way,119950800,Vivary Golf Course,51.0070828,-3.1006282,golf_course,,,,,,,,,,
way,4344053,Wakefield Golf Club,53.6425977,-1.4852139,golf_course,,,,,,,,,,
way,28689796,Waldringfield Golf Club,52.0571897,1.3098257,golf_course,,,http://www.waldringfieldgc.co.uk/,+44 1473 736417;+44 1473 736768,enquiries@waldringfieldgc.co.uk,Newbourne Road,Woodbridge,,IP12 4PT,
way,125912614,Walhampton Golf Club,50.7634436,-1.5266293,golf_course,,,http://www.walhamptongolf.org.uk/,+44 1590 689631,,Lisle Court Road,Lymington,,SO41 5SH,
way,237421701,Wallasey Beach Pitch n'Putt,53.4326619,-3.074958,golf_course,,Wirral Metropolitan Borough Council,,,,,,,,
way,105929019,Wallasey Golf Club,53.4279146,-3.0802004,golf_course,,,,,,,,,,
way,27746452,Wallsend Golf Course Centurion Park,54.9950793,-1.5525254,golf_course,,,http://centurionpark.com/,+44 191 262 4231,,Rheydt Avenue,Wallsend,,NE28 8SU,
relation,8273877,Walmer and Kingsdown Golf Links,51.1728387,1.3954372,golf_course,,,,,,,,,,
relation,4011396,Walmersley Golf Club,53.6164847,-2.2779507,golf_course,,,https://www.walmersleygolfclub.co.uk/,+44 161 764 1429,,White Carr Lane,Bury,,BL9 6TE,
way,1026779012,Walmley Golf Club,52.5417915,-1.8146081,golf_course,,,,,,,,,,
way,23820005,Walsall Golf Club,52.56695,-1.9599099,golf_course,,,https://www.walsallgolfclub.co.uk/,+44 1922 613512,secretary@walsallgolfclub.co.uk,Broadway,Walsall,,WS1 3EY,
way,207354352,Walsall Golf Club,52.5698758,-1.9648044,,clubhouse,,,,,Broadway,,,WS1 3EY,
way,258665486,Waltham Windmill Golf Club,53.5087825,-0.0841504,golf_course,,,,,,,,,,
relation,3425212,Walton Hall Golf Club,53.3570035,-2.6004426,golf_course,,,http://www.waltonhallgolfcourse.co.uk,+44 1925 263061,,Warrington Road,Warrington,,WA4 5LU,
node,13063224071,Walton Heath Golf Club,51.2779802,-0.2440288,,clubhouse,,,,,,,,,
way,22084377,Walton Heath Golf Course,51.269244,-0.2364686,golf_course,,,,,,,,,,
relation,19898500,Wandlebury,52.1630132,0.1815595,golf_course,,The Gog Magog Golf Club,https://www.gogmagog.co.uk/,+44 1223 247626;+44 1223 415391,,Shelford Bottom,Cambridge,,CB22 3AB,
relation,3883387,Wanstead Golf Club,51.5710067,0.0327127,golf_course,,,http://www.wansteadgolf.org.uk/,+44 20 8989 9876;+44 20 8989 3938,info@wansteadgolfclub.com,Overton Drive,London,,E11 2LW,
way,5491613,Warden Hills Course,51.9227355,-0.419625,golf_course,,,,,,,,,,
way,256384538,Wareham Golf Club,50.7008548,-2.1179925,golf_course,,,https://www.warehamgolfclub.com/,+44 1929 554147,secretary@warehamgolfclub.com,Sandford Road,Wareham,,BH20 4DH,
way,143413866,Warkworth Golf Club,55.3567059,-1.6002578,golf_course,,,https://www.warkworthgolfclub.co.uk/,+44 1665 711596,,,Morpeth,,NE65 0SW,
way,127582078,Warley Park Golf Club,51.5891417,0.306313,golf_course,,,,,,,,,,
way,197928431,Warley Woods Golf Course,52.4721389,-1.9848167,golf_course,,,,,,,,,,
way,154360725,Warren Municipal Golf Club,53.4328859,-3.063903,golf_course,,Wirral Metropolitan Borough Council,https://wirralleisure.co.uk/golf-courses/warren-municipal-golf-course/,+44 151 639 5730,,Grove Road,Wallasey,,CH45 0JA,
way,59517707,Warrenpoint Golf Club,54.1085573,-6.2671553,golf_course,,,https://www.warrenpointgolf.com/,+44 28 4175 3695,,Lower Dromore Road,Warrenpoint,,BT34 3LN,
way,21368979,Warrington Golf Club,53.3536139,-2.5820224,golf_course,,,https://www.warringtongolfclub.co.uk,,,London Road,Warrington,,WA4 5HR,
way,749819548,Warrington Golf Club,53.3539762,-2.5780894,,clubhouse,,https://www.warringtongolfclub.co.uk/,+44 1925 261775,lisa@warringtongolfclub.co.uk,London Road,Warrington,,WA4 5HR,
way,183557547,Warwick Golf Centre,52.2828533,-1.6009945,golf_course,,,,,,,,,,
way,56758512,Warwickshire Golf and Country Club,52.3131975,-1.5864405,golf_course,,,,,,,,,,
way,31051098,Waterbridge Golf Club,50.8194121,-3.7648905,golf_course,,,,,,,,,,
way,201897216,Waterfront Golf,53.5126676,-1.3428421,golf_course,,,,,,,,,,
way,1221799345,Waterlooville Golf Club,50.8919561,-1.0070444,,clubhouse,,https://waterloovillegolfclub.com/,,,,,,,
way,5119706,Waterlooville Golf Course,50.8946334,-1.0034757,golf_course,,,https://waterloovillegolfclub.com,,,,,,,
way,111347885,Waterstock Golf Club,51.7415647,-1.0825318,golf_course,,,https://www.waterstockgolf.co.uk/,,,,,,,
relation,4245754,Waterton Park Golf Course,53.6413333,-1.45087,golf_course,,,http://www.watertonpark.org.uk/,+44 1924 259525,shop@watertonparkgc.mygbiz.com,The Balk,Wakefield,,WF2 6QL,
way,301850630,Wath Golf Club,53.4846049,-1.3505152,golf_course,,,https://www.wathgolfclub.co.uk/,+44 1709 878609,golf@wathgolfclub.co.uk,Abdy Road,Rotherham,,S62 7SJ,
way,512580753,Wavendon Golf Academy,52.027109,-0.6558989,golf_course,,,https://wavendongolfacademy.co.uk/,+44 1908 281 811,greg@wavendongolfacademy.co.uk,Lower End Road,"Wavendon, Milton Keynes",,MK17 8DA,
way,4698645,Weald Park Hotel Golf and Country Club,51.637794,0.2456019,golf_course,,,https://www.brentwoodgolfclub.co.uk/,+441277375101,INFO@BRENTWOODGOLFCLUB.CO.UK,,,,,
way,33003256,Wearside Golf Club,54.8955613,-1.4754537,golf_course,,,http://www.wearsidegolfclub.co.uk/,+44 191 5342518,,Coxgreen,Sunderland,,SR4 9JT,
way,213763854,Wee Braids Golf Course,55.9123197,-3.1900633,golf_course,,,https://www.edinburghleisure.co.uk/venues/wee-braids-golf-course,+44 131 666 2210,euanmcintyre@edinburghleisure.co.uk,Braid Hills Drive,Edinburgh,,EH10 6GZ,
way,914767620,Wee Course,56.2871935,-3.1179195,golf_course,,Ladybank Golf Club,,,,,,,,
way,303489684,Wee Course,56.1751771,-3.0676656,golf_course,,Wellsgreen,https://www.wellsgreen.co.uk/golf/wee-course/,,,Standing Stane Road,Windygates,,KY8 5RU,
relation,10258961,Wee Demon golf course,56.008309,-4.6010371,golf_course,,,https://www.cameronhouse.co.uk/club/golf/the-wee-demon/,,,,,,,
relation,3972827,Welford-on-Avon Golf Course,52.156402,-1.7802537,golf_course,,,https://www.welfordgolf.co.uk/,+44 1789 751007,,Long Marston Road,Welford-on-Avon,,CV37 8EG,
way,444433455,Wellingborough Golf Glub,52.331188,-0.7026363,golf_course,,,,,,,,,,
way,265635547,Wellington College Golf Course,51.359137,-0.8085478,golf_course,,,https://www.wellingtoncollege.org.uk/2303/school-life/sports/golf,,,,,,,
way,126027704,Wellow Golf Club,50.9790386,-1.547693,golf_course,,Wellow Golf Club,,+44 1794 322872,info@wellowgolfclub.co.uk,Ryedown Lane,East Wellow,,SO51 6BD,
way,22734089,Wells Golf Club,51.2095271,-2.6207143,golf_course,,,https://www.wellsgolfclub.co.uk/,+44 1749 675005,secretary@wellsgolfclub.co.uk,Blackheath Lane,Wells,,BA5 3DS,
way,30097187,Wellshurst Golf and Country Club,50.9113947,0.2404198,golf_course,,,https://www.wellshurst.com/,+44 1435 813456,info@wellshurst.com,North Street,Hellingly,,BN27 4EE,
way,379158740,Welshpool Golf Club,52.6562559,-3.2188188,golf_course,,,https://www.welshpoolgolfclub.co.uk/,+44 1938 850249,secretary@welshpoolgolfclub.co.uk,,,,,
way,506105636,Welton Manor Golf Centre,53.3168311,-0.4847838,golf_course,,,,,,,,,,
way,22310884,Welwyn Garden City Golf Club,51.8041638,-0.2243423,golf_course,,,https://www.welwyngardencitygolfclub.co.uk/,+44 1707 325525;+44 1707 325243,david@wgcgc.co.uk,High Oaks Road,Welwyn Garden City,,AL8 7BP,
way,147924819,Wensum Valley Hotel Golf Course,52.6867257,1.1780861,golf_course,,,,,,,,,,
way,22911115,Wentworth Club,51.3947936,-0.5966821,golf_course,,,,,,,,,,
relation,19566288,Wenvoe Castle Golf Club,51.4344535,-3.2698487,golf_course,,,,,,,,,,
way,129109141,Wergs Golf Club,52.6099376,-2.1817312,golf_course,,,https://www.wergsgolfclub.com/,+44 1902 742225,,Keepers Lane,Tettenhall,,WV6 8UA,
way,166228727,Wernddu Golf Course,51.8330755,-2.9814824,golf_course,,,,,,,,,,
way,1051137846,Werneth Golf Clubhouse,53.5191912,-2.1195331,,clubhouse,,https://www.wernethgolfclub.co.uk/,,,Green Lane,Oldham,,OL8 3AZ,
way,250250167,Werneth Golf Course,53.5181464,-2.1152922,golf_course,,,https://www.wernethgolfclub.co.uk/,,,,,,,
relation,7888357,Werneth Low Golf Course,53.432522,-2.0497675,golf_course,,,https://www.wernethlowgolf.co.uk/,,,,,,,
node,416573617,Wessex Downs Golf Course,51.4020343,-1.1569004,golf_course,,,,,,,,,,
way,358716450,Wessex Golf Centre,50.6204976,-2.4882937,golf_course,driving_range,,,,,,,,,
way,175665223,West Bradford Golf Course,53.8116008,-1.820894,golf_course,,,https://westbradfordgolfclub.co.uk/,+44 1274 542767,,Chellow Grange Road,Bradford,,BD9 6NP,
way,23060246,West Byfleet Golf Club,51.3303167,-0.522299,golf_course,,,,,,,,,,
relation,3390813,West Cornwall Golf Club,50.1898143,-5.439333,golf_course,,,http://www.westcornwallgolfclub.co.uk/,+44 1736 753 177,,Church Lane,Lelant,,TR26 3DZ,
way,31787874,West Course,55.9012647,-3.3683004,golf_course,,Dalmahoy Hotel & Country Club,https://www.dalmahoyhotelandcountryclub.co.uk/,+44 1313 331845,,,Kirknewton,,EH27 8EB,
way,31453252,West Derby Golf Club,53.4301711,-2.887523,golf_course,,,https://www.westderbygc.co.uk/,,,,,,,
way,108243572,West End Golf Club,53.7290383,-1.905323,golf_course,,,,,,,,,,
way,23198673,West Essex Golf Club,51.6507601,0.0134039,golf_course,,,https://www.westessexgolfclub.co.uk/,+44 20 8529 7558;+44 20 8529 4367,,Bury Road,London,,E4 7QL,
way,7936831,West Herts Golf Club,51.664432,-0.4329873,golf_course,,,,,,,,,,
way,921256617,West Herts Golf Club,51.657146,-0.4302267,,clubhouse,West Herts Golf Club,https://www.westhertsgolfclub.co.uk,+44 1923 236484,,Rousebarn Lane,Rickmansworth,,WD3 3GG,
way,1089409168,West Hill Golf Club,51.3015347,-0.6173164,golf_course,,,https://www.westhillgc.co.uk/,,,Bagshot Road,Woking,,GU24 0BH,
way,33530677,West Hove Golf Club,50.8621299,-0.2032155,golf_course,,,http://www.westhovegolfclub.info/,+44 1273 419738,,Badgers Way,Hangleton,,BN3 8EX,
way,5107760,West Kent Golf Club,51.3319576,0.0451715,golf_course,,,https://www.wkgc.co.uk/,,,,,,,
way,181236229,West Linton Golf Course,55.7531253,-3.3807734,golf_course,,,https://www.wlgc.co.uk/,,,,,,,
way,8914749,West London Golf Centre,51.5444118,-0.3921697,golf_course,,,http://westlondongolfcentre.com/,+44 20 8845 5350,,Ruislip Road,Northolt,,UB5 6QZ,
relation,3351398,West Lothian Golf Course,55.9970119,-3.6005736,golf_course,,,https://www.westlothiangc.com/,+44 1506 826030,,Airngath Hill,Linlithgow,,EH49 7RH,
relation,3883401,West Malling Golf Course,51.3035554,0.3693167,golf_course,,,https://www.westmallinggolf.com/,+44 1732 844785,,Trottiscliffe Road,Addington,,ME19 5AR,
relation,19083538,West Middlesex Golf Course,51.5137663,-0.3569882,golf_course,,,,,,,London,,,
way,1332098512,West Monmouthshire Golf Club,51.7834529,-3.1874083,golf_course,,,https://www.westmongolfclub.com/,,,Golf Road,Nantyglo,,NP23 4QT,
way,179150268,West Park Pitch & Putt,51.7357351,0.4543837,golf_course,,,,,,,,,,
way,533111911,West Suffolk Golf Centre,52.3766112,0.4574293,golf_course,,,http://www.club-noticeboard.com/westsuffolk/,,,New Drove,Bury St Edmunds,,IP28 8RN,
way,27452915,West Surrey Golf Club,51.1520426,-0.6252309,golf_course,,,,,,,,,,
way,943250879,West Sussex Golf Club,50.9406257,-0.4772714,,clubhouse,,,,,,,,,
way,27418107,West Sussex Golf Club,50.940751,-0.4755383,golf_course,,,,,,Golf Club Lane,Wiggonholt,,RH20 2EN,
way,167236787,West Wilts Golf Club,51.2170619,-2.1772918,golf_course,,,,,,,,,,
way,234087410,Westbury Golf Club,51.269243,-2.1614628,golf_course,,,https://www.westburygolf.com/,+44 7557 684205,,Trowbridge Road,Westbury,,BA13 4LX,
way,148640315,Westcountry Golf Academy,50.9182361,-3.3659988,golf_course,,,https://www.wgagolf.co.uk/,+44 1884 820825,enquiries@wgagolf.co.uk,,Tiverton,,EX16 7EH,
way,5081162,Westerham Golf Club,51.2670417,0.0959944,golf_course,,,https://www.westerhamgc.co.uk/,+44 1959 567 100,,Brasted Road,Westerham,,TN16 1QN,
way,33037574,Westerhope Golf Club,55.0067826,-1.702018,golf_course,,,https://www.westerhopegolfclub.com/,+44 191 286 7636,,Whorlton Grange,Newcastle upon Tyne,,NE5 1PP,
way,248433974,Western Gailes Golf Club,55.5809172,-4.663888,golf_course,,,https://www.westerngailes.com/,+44 1294 311649,clubmanager@westerngailes.com,,Gaile,,KA11 5AE,
way,285230051,Westgate & Birchington Golf Club,51.3787126,1.3311336,,clubhouse,,,,,Canterbury Road,Westgate-on-Sea,Kent,CT8 8LT,
relation,3349883,Westgate and Birchington Golf Club,51.3800382,1.3237296,golf_course,,,https://westgate-and-birchington-golfclub.co.uk/,+44 1843 831115,office@wabgc.co.uk,Canterbury Road,Westgate-on-Sea,Kent,CT8 8LT,
way,7734340,Westhill Golf Club,57.1598604,-2.2906628,golf_course,,,https://westhillgolf.co.uk/,,,,,,,
way,1267763642,Westhill Golf Club,57.1611166,-2.2955195,,clubhouse,,,,,Westhill Heights,Westhill,,AB32 6RY,
way,32925422,Westhoughton Golf Club,53.5517877,-2.5365734,,clubhouse,,,,,,,,,
way,32963395,Westhoughton Golf Club,53.5517487,-2.5388792,golf_course,,,https://www.westhoughtongolfclub.co.uk/,,,,,,,
way,34302100,Westminster Park Municipal Golf Course,53.175244,-2.9070386,golf_course,,,https://www.brioleisure.org/golf/westminster-park,+44 1244 680231,,Hough Green,Chester,,CH4 8JQ,
relation,1325185,Weston Pitch & Putt,50.8872439,-1.3740585,golf_course,,,,,,,,,,
way,88144804,Weston Turville Golf Club,51.7964143,-0.7655076,golf_course,,,https://www.westonturvillegc.co.uk/,+44 1296 425 949,enquiries@westonturvillegolfclub.co.uk,New Road,Aylesbury,,HP22 5QT,
way,125495400,Weston-super-Mare Golf Club,51.3264404,-2.9855605,golf_course,,,,,,,,,,
way,241382843,Westonbirt Golf Course,51.6019229,-2.2013317,golf_course,,,,,,,,,,
way,199402352,Westray Golf Club,59.3216523,-2.9989296,,clubhouse,,,,,,,,,
way,925336235,Westray Golf Club,59.3257587,-3.0000016,golf_course,,,https://westraygolf.org/,,,,,,,
way,34599792,Westridge Golf Centre,50.7081954,-1.1414467,golf_course,,,https://www.westridgegolfcentre.com/,,,,,,,
way,128322308,Westwood Golf Club,53.0965949,-2.0473542,golf_course,,,,,,,,,,
way,87531726,Wetherby Golf Club,53.9187161,-1.4021725,golf_course,,,https://www.wetherbygolfclub.co.uk/,+44 1937 580089,,Linton Lane,Wetherby,,LS22 4JF,
way,262076388,Wetherby Golf Club,53.9261422,-1.4017281,,clubhouse,,,,,Linton Lane,Wetherby,,LS22 4JF,
relation,17773601,Wexham Park Golf Centre,51.5381178,-0.5729347,golf_course,,,,,,Wexham Street,Slough,Buckinghamshire,SL3 6ND,
way,38451475,Weybrook Park Golf Club,51.2867314,-1.1243241,golf_course,,,,,,,,,,
way,115244593,Weymouth Golf Club,50.6172336,-2.4778953,golf_course,,,https://www.weymouthgolfclub.co.uk/,+44 1305 750831,office@weymouthgolfclub.co.uk,Links Road,Weymouth,,DT4 0PF,
way,970133582,Weymouth Golf Club,50.6160716,-2.4719327,,clubhouse,,,+44 1305 750831,weymouthgolfclub@gmail.com,Links Road,Weymouth,,DT4 0PF,
way,171962964,Whaddon Golf Centre,52.09861,-0.0291082,golf_course,,,,,,,,,,
way,52172940,Whalley Golf Club,53.8188371,-2.3900644,golf_course,,,https://www.whalleygolfclub.co.uk/,,,,,,,
way,1426033491,Whalley Golf Glub,53.8200254,-2.3879037,,clubhouse,,https://www.whalleygolfclub.co.uk/,,,,,,,
way,386894326,Whalsay Golf Club,60.3787945,-0.9146068,golf_course,,,https://www.whalsaygolfclub.co.uk/,,whalsaygolfclub76@gmail.com,,,,,
way,369347465,Wharton Park Golf & Country Club,52.3655685,-2.3458576,golf_course,,,https://www.whartonpark.co.uk/,+44 1299 405 163,,,,,,
way,23186031,Wheathampstead Pay & Play Golf Course,51.8077996,-0.3113689,golf_course,,,https://www.wheathampsteadgolf.com/,+44 1582 833941,info@wheathampsteadgolf.com,Harpenden Road,Wheathampstead,,AL4 8EZ,
way,491101796,Wheathill Golf Club,51.0723426,-2.5928029,golf_course,,,,,,,,,,
way,1156938935,Wheathill Golf Club,51.0755235,-2.5959003,,clubhouse,,,,,,,,,
way,258265765,Wheatley Golf Course,53.5389292,-1.0824448,golf_course,,,,,,,,,,
way,272019890,Whetstone Golf Club,52.5609866,-1.1926984,golf_course,,,https://www.whetstonegolfclub.co.uk/,,,Cambridge Road,Cosby,,LE9 1SJ,
way,156391619,Whickham Golf Club,54.9262077,-1.7033919,golf_course,,,https://www.whickhamgolfclub.co.uk/Intro.aspx,+44 191 488 1576,,Fellside Road,Newcastle upon Tyne,,NE16 5BA,
way,1227300887,Whinhill Golf Course,55.9326317,-4.760952,golf_course,,iLactive,https://ilactivegolf.com/,+44 1475 213113,,Beith Road,Greenock,,PA16 9LN,
way,101822607,Whipsnade Park Golf Club,51.8375034,-0.5417199,golf_course,,,,,,,,,,
way,27833558,Whiston Golf Club,53.0220063,-1.9361921,golf_course,,,,,,,,,,
way,33003302,Whitburn Golf Club,54.9716279,-1.3795002,golf_course,,,https://whitburngolfclub.co.uk/,+44 191 529 2144;+44 191 529 2177;+44 191 529 2180;+44 191 529 4210,,Lizard Lane,South Shields,,NE34 7AF,
relation,11696282,Whitby Golf Club,54.4910243,-0.64491,golf_course,,,https://www.whitbygolfclub.co.uk/,,,Sandsend Road,Whitby,,YO21 3SR,
way,26214347,Whitchurch Golf Club,51.5261983,-3.2242548,golf_course,,,,,,,,,,
way,16143420,Whitecraigs Golf Club,55.7843495,-4.3168537,golf_course,,,https://www.whitecraigsgolfclub.net/,,,,,,,
way,40316490,Whitefield Golf Club,53.5420885,-2.2996672,golf_course,,,,,,,,,,
way,1451026174,Whitefield Golf Club,53.5442262,-2.2957059,,clubhouse,,,,,,,,,
relation,3997262,Whitefields,52.3356284,-1.3309899,golf_course,,,https://www.whitefieldsgolfclub.co.uk/course/,+44 1788 521800,,London Road,"Thurlaston, Rugby",,CV23 9LF,
way,134768542,Whitefields Golf Club,52.3409341,-1.328899,,clubhouse,,https://whitefieldsgolfclub.co.uk/,,,London Road,Rugby,,CV23 9LF,
way,134799558,Whitefields Golf Course,52.3348268,-1.3309899,golf_course,,,,,,London Road,Rugby,,CV23 9LF,
way,40232387,Whitehall Golf Course,51.6484387,-3.3078882,golf_course,,,,,,,,,,
way,323609629,Whitehaven Golf Club,54.551096,-3.5572004,golf_course,,,https://www.whitehavengolfclub.com/,+44 1946 591144,,,,,,
way,40002031,Whitehead Golf Club,54.7658298,-5.7032437,golf_course,,,,,,McCraes' Brae,,,BT38 9NZ,
way,34108878,Whitehill Golf,51.8679071,-0.0514922,golf_course,,,http://www.whitehillgolf.co.uk/,+44 1920 438495,,Dane End,Ware,,SG12 0JS,
way,1432504497,Whitehill Golf Club,51.8703826,-0.0521841,,clubhouse,,,,,,,,,
way,335368897,Whitehill House Golf Course,55.8469413,-3.1250114,golf_course,,,https://www.whitehillhousegolf.co.uk/,,,,,,,
way,29433289,Whiteleaf Golf Club,51.7343804,-0.8091153,golf_course,,,https://www.whiteleafgolfclub.co.uk/,+44 1844 274 058,,Upper Icknield Way,Princes Risborough,,HP27 0LY,
way,253996161,Whitemoss Golf Club,56.312388,-3.6417011,golf_course,,,,+44 1738 730300,info@whitemossgolf.com,,,,,
way,222929263,Whiting Bay Golf Club,55.4912459,-5.1066768,golf_course,,,https://www.whitingbaygolf.com/,+44 1770 700487,info@whitingbaygolf.com,,,,,
way,33003429,Whitley Bay Golf Club,55.0596319,-1.4700043,golf_course,,,https://www.whitleybaygolfclub.co.uk/,+44 191 252 0180,,Claremont Road,Whitley Bay,,NE26 3UF,
way,105154370,Whitley Golf Club,51.3922537,-2.1571687,golf_course,,,https://www.whitleygolfclub.com/,+44 1225 790099,info@whitleygolfclub.com,Corsham Road,Whitley,,SN12 8EQ,
way,335724900,Whitsand Bay Golf Club,50.3629503,-4.3015783,golf_course,,,http://www.whitsandbayhotel.co.uk/golf-cornwall,+44 1503 230276,,,,,,
way,30193137,Whitstable and Seasalter Golf Club,51.3539283,1.0172325,golf_course,,,,,,Collingwood Road,Whitstable,Kent,CT5 1EB,
relation,6152079,Whittaker Golf Club,53.638835,-2.0767007,golf_course,,,http://www.whittakergolfclub.co.uk/,+44 1706 378310;+44 7584 272373,,Whittaker Lane,Littleborough,,OL15 0LH,
way,123343014,Whittington Heath Golf Club,52.6653781,-1.7796013,golf_course,,,https://www.whittingtonheathgc.co.uk/,+44 1543 432261;+44 1543 432317,,Tamworth Road,Lichfield,,WS14 9PW,
way,480511798,Whittlebury Hall Golf Course,52.0785534,-0.995465,golf_course,,,,,,,,,,
way,4368294,Whitwood Golf Club,53.7201517,-1.3910735,golf_course,,,,,,,,,,
way,573667120,Whitwood Golf Club,53.7182931,-1.3954507,,clubhouse,,,,,Altofis Lane,Castleford,,WF10 5PZ,
way,264433546,Wick Golf Club,58.4932168,-3.1335844,golf_course,,,https://www.wickgolfclub.org.uk/,,,,,,,
relation,4277930,Wickham Park Golf Course,50.8968815,-1.1992888,golf_course,,,https://www.wickhamparkgolf.co.uk/,,,,,,,
way,24960728,Widnes Golf Course,53.3737115,-2.7445702,golf_course,,,https://www.widnesgolfclub.co.uk/,,,Highfield Road,Widnes,,WA8 7DT,
way,28658475,Widney Manor Golf Course,52.3905748,-1.7798055,golf_course,,,,,,,,,,
relation,3425225,Wigan Golf Course,53.5902124,-2.6276149,golf_course,,info@wigangolfclub.co.uk,https://www.wigangolfclub.co.uk/,+44 1257 421360,,Arley Lane,Wigan,,WN1 2UH,
way,256972099,Wigtown and Bladnoch Golf Club,54.8642482,-4.4497717,golf_course,,,https://wigtownbladnoch.cw.sct.dotgolf.co.uk/home,,,,,,,
way,476754830,Wigtown and Bladnoch Golf Club,54.864979,-4.4466424,,clubhouse,,,,,,,,,
way,264453182,Wigtownshire County Golf Course,54.8653746,-4.8278994,golf_course,,,https://wigtownshirecountygolfclub.com/,,,,,,,
way,5013935,Wildernesse Club,51.2804081,0.2261907,golf_course,,,https://www.wildernesse.co.uk/,+44 1732 761199,golf@wildernesse.co.uk,,Sevenoaks,,TN15 0JE,
way,101212611,Willesley Park Golf Club,52.7301177,-1.4919155,golf_course,,,,,,,,,,
way,228278137,Williamwood Club House,55.7976192,-4.2740028,,clubhouse,,,,,Clarkston Road,Glasgow,,G44 3YR,
way,530423652,Williamwood Golf Club,55.7955679,-4.2794304,golf_course,,,https://www.williamwoodgc.co.uk/,,,,,,,
way,1270145347,Willingcott Valley Golf Course,51.175077,-4.1517667,golf_course,,,,,,,,,,
way,42489838,Willingdon Golf Club,50.7868997,0.2473043,golf_course,,,https://www.willingdongolfclub.co.uk/,+44 1323 410981,,South Downs Road,Eastbourne,,BN20 9AA,
way,168054747,Willow Valley Golf,53.7091304,-1.7519494,golf_course,,,,,,,,,,
way,127965366,Willows Caravan Park Executive Course,53.322882,0.20916,golf_course,,,https://www.donamottparks.com/willows-park.aspx,+44 1507 450244,,Maltby le Marsh,Alford,,LN13 0JS,
way,52597355,Wilmslow Golf Club,53.2977685,-2.2745491,golf_course,,,,,,,,,,
way,211749567,Wilpshire Golf Course,53.7890562,-2.4674782,golf_course,,,https://www.wilpshiregolfclub.co.uk/,,,,,,,
way,50823732,Wilton Golf Course,54.5690737,-1.107364,golf_course,,,https://www.wiltongolfclub.co.uk/,,,,,,,
way,190976976,Wiltshire Golf and Country Club,51.5233674,-1.9311977,golf_course,,,,,,,,,,
way,182023371,Wimbledon Common Golf Club & London Scottish Golf Club,51.4281314,-0.2353351,golf_course,,,https://www.wcgc.co.uk/,+44 20 8946 7571,,Camp Road,London,,SW19 4UW,
way,4317455,Wimbledon Park Golf Club,51.4351283,-0.2085236,golf_course,,,https://www.wpgc.co.uk/,+44 20 8946 1250,secretary@wpgc.co.uk,Home Park Road,London,,SW19 7HR,
way,120316020,Wincanton Racecourse Golf,51.0675993,-2.4199589,golf_course,,,,,,,,,,
way,481396887,Winchester Golf Academy,51.0982532,-1.327415,golf_course,,,,,,,,,,
way,164256287,Windermere Golf Club,54.3555023,-2.8957086,golf_course,,,https://www.windermeregolfclub.co.uk/,+44 15394 43550;+44 15394 43123,office@windermeregolfclub.co.uk,,Windermere,,LA23 3NB,
way,148938567,Windlesham Golf Club,51.3672968,-0.6782441,golf_course,,,https://www.windleshamgolf.com/,+44 1276 451122,admin@windleshamgolf.com,Grove End,Bagshot,,GU19 5HY,
way,42930616,Windmill Hill Golf Centre,51.9931742,-0.7752656,golf_course,,,,+44 1908 631113,whgolf@milton-keynes.gov.uk,Tattenhoe Lane,"Bletchley, Milton Keynes",,MK3 7RB,
way,422171491,Windmill Hill Golf Centre,51.9967542,-0.7715129,,clubhouse,,,,,Tattenhoe Lane,Milton Keynes,,MK3 7RB,
way,422171492,Windmill Hill Golf Club,51.9965113,-0.7708288,,clubhouse,,,,,Tattenhoe Lane,Milton Keynes,,MK3 7RB,
way,146914386,Windmill Village Golf Course,52.4252966,-1.5799635,golf_course,,,,,,,,,,
way,22292816,Windyhill Golf Club,55.935207,-4.3674285,golf_course,,,https://windyhillgolfclub.co.uk/,+44 141 942 2349,,Baljaffray Road,"Beardsen, Glasgow",,G61 4QQ,
way,33102126,Winter Hill Golf Course,51.5670853,-0.7206497,golf_course,,,,,,,,,,
way,150977994,Winter Hill Golf Course Club House,51.5654849,-0.7239658,,clubhouse,,,,,,,,,
way,96567046,Winterfield Golf Course,56.0034254,-2.536316,golf_course,,,https://www.enjoyleisure.com/Centre.aspx?comp_id=10,+44 1368 863562,,St Margaret's Back Road,Dunbar,,EH42 1XE,
way,25713320,Wirral Golf Club,53.3877565,-3.0644183,golf_course,,,,,,,,,,
way,141054322,Wishaw Golf Club,52.5450024,-1.7718627,golf_course,,,,,,,,,,
way,62075225,Wishaw Golf Club,55.7817716,-3.9368387,golf_course,,,https://www.wishawgolfclub.com/,+44 1698 357480,,Cleland Road,Wishaw,,ML2 7PH,
node,12782615560,Wisley practice facility,51.3180959,-0.47879,golf_course,,Wisley Golf Club,,,,,,,,
way,148753397,Withernsea Golf Club,53.7207964,0.0293887,golf_course,,,https://www.withernseagolfclub.co.uk/,+44 1964 612258;+44 1964 612078,clubhouse@withernseagolfclub.co.uk,Egroms Lane,Withernsea,,HU19 2NA,
way,4971127,Withington Golf Club,53.4110833,-2.2467758,golf_course,,,https://www.withingtongolfclub.co.uk/Intro.aspx,+44 161 445 9544,secretary@withingtongolfclub.co.uk,Palatine Road,"West Didsbury, Manchester",,M20 2UE,
way,486843284,Withington Golf Club,53.4135211,-2.2492357,,clubhouse,,,,,Palatine Road,"West Didsbury, Manchester",,M20 2UE,
way,115790964,Witney Lakes Resort,51.7849789,-1.5346174,golf_course,,,http://www.witney-lakes.co.uk/golf.php,+44 1993 893 011,,Downs Road,Witney,,OX29 0SY,
relation,3466510,Woburn Golf Club,51.9927028,-0.6575053,golf_course,,,,,,Bow Brickhill to Little Brickhill Road,Milton Keynes,,MK17 9LJ,
relation,16565103,Wokefield Park,51.3856368,-1.0290364,golf_course,,,,,,,,,,
way,32599290,Woking Golf Club,51.3046894,-0.5979925,golf_course,,,,,,,Woking,,GU22 0JZ,
way,1270253640,Wokingham Family Golf,51.3903683,-0.8420075,golf_course,,,https://www.wokinghamfamilygolf.co.uk/,,,,,,,
way,852685736,Wolds Way Golf Course,54.1748142,-0.5136996,golf_course,,,http://www.woldswaygolf.co.uk/,,,,,,,
way,433196896,Wolfedale Golf Course,50.7394853,-2.4446373,golf_course,,,,,,,,,,
way,529198824,Wolfedale Golf Course,50.7416274,-2.4386547,golf_course,,,,,,,,,,
way,529198825,Wolfedale Golf Course,50.7380765,-2.4412934,golf_course,,,,,,,,,,
way,368973874,Woll Golf Course,55.4851896,-2.8548357,golf_course,,,https://www.wollgolf.co.uk/,,,,,,,
way,30546612,Wollaton Park Golf Club,52.9453033,-1.2034076,golf_course,,,https://www.wollatonparkgolfclub.com/,,,,,,,
way,29402952,Wollaton Park Golf Course,52.9499495,-1.2017172,golf_course,,,,,,,,,,
way,48747192,Wolstanton Golf Club,53.031074,-2.2337383,golf_course,,,,,,,,,,
way,24943138,Woodbridge Golf Club,52.097039,1.3576502,golf_course,,,,,,,,,,
way,1204268910,Woodbridge Park (Brinkworth Golf Club),51.5671417,-1.9945606,golf_course,,,https://www.brinkworthgolfclub.com/,,,,,,SN15 5DG,
way,109724780,Woodbury Park Hotel & Golf Club,50.6900975,-3.3696399,golf_course,,,,,,,,,,
way,23265562,Woodcote Park Golf Club,51.3299314,-0.1506261,golf_course,,,,,,,,,,
way,264140468,Woodcote Park Golf Club,51.3288606,-0.1498508,,clubhouse,,https://www.woodcotepgc.com/,+44 2086 682788,info@woodcotepgc.com,Meadow Hill,Coulsdon,,CR5 2QQ,
way,400792537,Woodford Golf Club,51.6165553,0.0171465,golf_course,,,,,,,,,,
way,400792538,Woodford Golf Club,51.6119546,0.0220421,,clubhouse,,,,,Sunset Avenue,,,,
way,70205561,Woodhall Hills Golf Club,53.8196698,-1.6993468,golf_course,,,https://www.woodhallhillsgolfclub.com/,+44 113 256 2857;+44 113 255 4594;+44 113 256 4771,office@woodhallhillsgolfclub.com,Woodhall Road,Pudsey,,LS28 5UN,
way,159658608,Woodham Golf & Country Club,54.6398923,-1.5686577,golf_course,,,https://woodhamgolfandcountryclub.co.uk/,+44 1325 319977,,Burnhill Way,Newton Aycliffe,,DL5 4PN,
way,520785236,Woodlake Park Golf Club,51.6936253,-2.9559388,golf_course,,,https://www.woodlake.co.uk,+44 1291 673 933,golf@woodlake.co.uk,,Usk,,NP4 0TE,
way,1082392052,Woodland course,51.2303584,-0.8442901,golf_course,,,,,,,,,,
way,311752706,Woodlands Golf & Country Club,51.5495949,-2.5407301,golf_course,,,https://www.woodlands-golf.com/,+44 1454 619319;+44 1454 618121,info@woodlands-golf.com,Trench Lane,Almondsbury,,BS32 4JZ,
way,125097031,Woodside Golf Club,53.2227722,-2.3852746,golf_course,,,,,,,,,,
way,158581866,Woodsome Hall Golf Club,53.6246891,-1.7304745,golf_course,,,https://www.woodsome.co.uk/,+44 1484 602034;+44 1484 602971,,Woodsome Road,Huddersfield,,HD8 0LQ,
way,788951035,Woodspring Golf & Country Club,51.4169571,-2.6498208,golf_course,,,,,,,,,,
way,187705920,Woodthorpe Hall Golf Course,53.2971247,0.15773,golf_course,,,http://www.woodthorpeleisurepark.co.uk/leisure-activities/golf,+44 1507 450294,,,Alford,,LN13 0DD,
way,347153723,Wooler Golf Club,55.5845963,-1.9938241,golf_course,,,http://woolergolfclub.co.uk/,+44 1668 282135,,Dod Law,Wooler,,NE71 6AN,
way,478035311,Woolfox,52.703944,-0.5651157,golf_course,,,,,,,,,,
way,59707691,Woolley Park Golf Course,53.6152464,-1.5050242,golf_course,,,,,,,,,,
way,4276377,Woolston Manor Golf & Country Club,51.6409419,0.0936986,golf_course,,,https://www.woolstonmanor.co.uk/,+44 20 8500 2549,,Abridge Road,Chigwell,,IG7 6BX,
way,5079007,Woolton Golf Club,53.3662977,-2.8576287,golf_course,,,,,,,,,,
way,402174824,Woolton Golf Club,53.3646372,-2.8612858,golf_course,,,,,,,,,,
way,127103651,Worcester Golf Range,52.1744245,-2.2275656,golf_course,driving_range,,,,,,,,,
way,41747798,Worcestershire Golf Club,52.0891315,-2.3248195,golf_course,,,,,,,,,,
way,533335995,Workington Golf Club,54.6275782,-3.5251345,golf_course,,,https://www.workingtongolfclub.com/,+44 1900 603460,,Branthwaite Road,Workington,,CA14 4SS,
way,300917166,Worksop Golf Club,53.2913124,-1.0973036,golf_course,,thesecretary@worksopgolfclub.com,https://www.worksopgolfclub.com/,+44 1909 477731,,Windmill Lane,Worksop,,S80 2SQ,
way,245964138,World of Golf,51.4298767,0.0767976,golf_course,,,,,,,,,,
way,255894684,Worldham Golf Club,51.1396225,-0.9514527,golf_course,,,https://www.worldhamgolfclub.co.uk/,+44 1420 543151 (Pro Shop); +44 1420 544606 (Office),office@worldhamgolfclub.co.uk,Cakers Lane,"East Worldham, Alton",,GU34 3BF,
relation,3883415,Worlebury Golf Course,51.3645667,-2.9440557,golf_course,,,https://www.worleburygc.co.uk/,+44 1934 623 932;+44 1934 625 789,secretary@worleburygc.co.uk,,Weston-super-Mare,,BS22 9SX,
way,25780256,Worplesdon Golf Club,51.2932122,-0.6155337,golf_course,,,,,,,Woking,,GU22 0RA,
way,73548840,Worsley Golf Course,53.4972332,-2.3586295,golf_course,,,,,,,,,,
relation,12639718,Worthing Golf Club,50.8469358,-0.380677,golf_course,,,http://www.worthinggolf.co.uk/,+44 1903 260718;+44 1903 260801,enquiries@worthinggolf.com,Links Road,Worthing,,BN14 9QZ,
way,280664545,Wortley Golf Course,53.4980875,-1.5238862,golf_course,,,https://www.wortleygolfclub.co.uk/,+44 114 288 8469,,Hermit Hill Lane,Sheffield,,S35 7DF,
way,213838558,Wrag Barn Golf & Country Club,51.6174462,-1.7065477,golf_course,,,https://www.wragbarn.com/,+44 1793 861327,info@wragbarn.com,Shrivenham Road,Swindon,,SN6 7QQ,
way,257415657,Wrangaton Golf Course,50.4067603,-3.8751178,golf_course,,,,,,,,,,
way,228801960,Wrexham Golf Club,53.0627066,-2.9561082,golf_course,,Wrexham Golf Club,https://www.wrexhamgolfclub.co.uk/,+44 1978 364268,,Holt Road,Wrexham,,LL13 9SB,
way,1305370283,Wrotham Heath Golf Club,51.2921685,0.3473936,,clubhouse,,,,,,,,,
way,5054370,Wrotham Heath Golf Club,51.2931793,0.3432346,golf_course,,,https://www.wrothamheathgolfclub.co.uk/,+44 1732 884 800,wrothamheathgolf@btconnect.com,Seven Mile Lane,Sevenoaks,,TN15 8QZ,
way,596164876,Wyboston Lakes Golf Course,52.2034556,-0.2818353,golf_course,,,https://www.wybostonlakes.co.uk/,+44 333 7007 667,,Great North Road,Wyboston,,MK44 3AL,
way,30201108,Wychnor Park Country Club,52.7480326,-1.7574355,golf_course,,,https://www.diamondresorts.com/Wychnor-Park-Country-Club,+44 1283 791391,,,Burton-on-Trent,,DE13 8BU,
way,221627341,Wychwood Park Golf Club,53.050642,-2.398199,golf_course,,,,,,,,,,
way,237001024,Wycombe Heights Golf Centre,51.6188018,-0.6948978,golf_course,,,https://www.wycombeheightsgc.co.uk,,,,,,,
way,293053548,Wycombe Heights Golf Centre,51.6186066,-0.6973788,,clubhouse,,https://wycombeheightsgc.co.uk/,,,Rayners Avenue,High Wycombe,,HP10 9SZ,
relation,15406999,Wyke Green Golf Club,51.491704,-0.3350143,golf_course,,,,+44 20 8560 8777,,,,,,
way,50981962,Wynyard Golf Club,54.6286353,-1.3368415,golf_course,,,https://www.wynyardgolfclub.co.uk/,,,,,,,
way,578575489,Yarrow Valley Golf Course,53.6382678,-2.6618489,golf_course,,,http://www.yarrowvalleygolf.co.uk/home.html,+44 1257 276652,,Church Lane,Chorley,,PR7 3RB,
way,182564754,Yelverton Golf Club,50.4737674,-4.0938558,golf_course,,,,,,,,,,
relation,3392133,Yeovil Golf Club,50.9392529,-2.6064156,golf_course,,office@yeovilgolfclub.com,https://www.yeovilgolfclub.com/,+44 1935 422965,,Sherborne Road,Yeovil,,BA21 5BW,
way,93063993,Yeovil Recreation Centre Pitch & Putt,50.9551563,-2.6384929,golf_course,,,https://www.southsomerset.gov.uk/leisure-and-culture/sport-and-health/leisure-facilities/yeovil-recreation-centre/,+44 1935 462616,,Chilton Grove,Yeovil,,,
way,692395026,York Golf Club,54.0364973,-1.0173771,golf_course,,,https://www.yorkgolfclub.co.uk/,,,,Strensall,,YO32 5XF,
way,164279671,York Golf Range,54.0136066,-1.0165385,golf_course,,,https://www.yorkgolfrange.com/,,,Towthorpe Moor Lane,York,,YO32 9ST,
